chromosome,timepoint,gene_name,middle_x,middle_y,middle_z,cluster
chr29,24hrs,LOC103231070,6.7042881895,18.2576743114,-18.9731517001,-1
chr29,24hrs,LOC103231493,6.290865829,18.4071725147,-19.7003553161,-1
chr29,24hrs,LOC103231072,6.0818103625,18.345792789700003,-19.7292430342,-1
chr29,24hrs,LOC103231071,6.0632105312,17.8556413896,-20.3157785288,-1
chr29,24hrs,LOC103231073,6.1578920934,17.6790151686,-20.7193224104,-1
chr29,24hrs,LOC103231494,6.3016080069,17.6619548101,-20.6744375164,-1
chr29,24hrs,LOC103231075,6.6804913989,17.6169779781,-20.5561058684,-1
chr29,24hrs,ADAMTSL3,6.719380984,17.231233489759997,-20.53234818636,-1
chr29,24hrs,SH3GL3,7.390761542150001,17.76423142205,-19.1655502212,-1
chr29,24hrs,LOC103231079,6.4165628958,17.9093106652,-19.2751276013,-1
chr29,24hrs,BNC1,6.2682243424,18.1146770656,-19.1504794464,-1
chr29,24hrs,LOC103231081,5.6861299945,19.208644177,-19.9007359141,-1
chr29,24hrs,TM6SF1,5.588420364,19.20769874,-19.922273796,-1
chr29,24hrs,BTBD1,5.5191118096,18.8112755084,-20.5167745714,-1
chr29,24hrs,LOC103231084,5.4794371456,19.2855623328,-20.5955099424,-1
chr29,24hrs,C29H15orf40,5.4749979934,19.168383699200003,-20.6678274511,-1
chr29,24hrs,FAM103A1,5.4699111676,19.0341086688,-20.7506961054,-1
chr29,24hrs,HOMER2,5.3800498366,19.611512229333336,-19.998424762266666,-1
chr29,24hrs,WHAMM,5.3801443592,19.05630187,-19.8667282048,-1
chr29,24hrs,FSD2,5.3332390744,19.59169409,-19.8343140736,-1
chr29,24hrs,LOC103231090,5.537235144599999,18.658333519,-20.0378349327,-1
chr29,24hrs,LOC103231089,5.5432019448,18.659362972,-20.0450579676,-1
chr29,24hrs,AP3B2,5.636689789999999,18.7279734075,-20.1605814215,-1
chr29,24hrs,LOC103231096,5.6504666403,18.7562069766,-20.2021384107,-1
chr29,24hrs,CPEB1,5.4221267986,18.9070906172,-19.9050903024,-1
chr29,24hrs,RPS17,5.5593783676,19.5476286912,-20.3504431014,-1
chr29,24hrs,LOC103231100,5.540079119800001,19.5225943776,-20.3115494547,-1
chr29,24hrs,LOC103231496,5.501386309,19.472403408,-20.2335720885,-1
chr29,24hrs,LOC103231099,5.4185146866,19.3649052192,-20.0665614549,-1
chr29,24hrs,PDE8A,5.3450051857,18.2678496474,-20.3178236938,-1
chr29,24hrs,LOC103231101,5.3049739887,18.9328294618,-19.630430776,-1
chr29,24hrs,SLC28A1,5.84567975935,18.50542164185,-21.09325354445,-1
chr29,24hrs,ALPK3,5.3457397336,17.9538218976,-20.7408691096,-1
chr29,24hrs,ZNF592,5.4103918895,18.716552357,-20.9251464555,-1
chr29,24hrs,SEC11A,5.067387127,18.754431585,-20.592334144,-1
chr29,24hrs,NMB,5.0502407782,18.8986468144,-20.5830063416,-1
chr29,24hrs,WDR73,5.07101204,19.00046168,-20.61727152,-1
chr29,24hrs,ZSCAN2,5.1599808804,19.4365618368,-20.7640383952,-1
chr29,24hrs,LOC103231115,5.8706594297,18.5383624822,-20.7888981336,-1
chr29,24hrs,LOC103231114,5.8980720962,18.4916797612,-20.8368851856,-1
chr29,24hrs,AKAP13,7.2875923954,18.2167032301,-20.95794302535,-1
chr29,24hrs,LOC103231118,5.9277479966,18.4627739256,-21.6702066164,-1
chr29,24hrs,KLHL25,6.5923887417,17.734395692499998,-20.8003053061,-1
chr29,24hrs,AGBL1,7.703744023133334,18.402988804255557,-19.457035270355554,-1
chr29,24hrs,LOC103231123,6.7888069865,18.117694349,-19.465360384,-1
chr29,24hrs,LOC103231122,6.7620154217,18.1865306242,-19.4100406272,-1
chr29,24hrs,LOC103231125,6.717172483166666,19.7113953115,-18.9444794715,0
chr29,24hrs,NTRK3,7.62341718144,18.11059091786,-20.37080983222,-1
chr29,24hrs,LOC103231126,7.493791776,18.7349933764,-20.5974741704,-1
chr29,24hrs,LOC103231128,7.4834794782,18.0975588112,-20.1485152459,-1
chr29,24hrs,MRPL46,7.1360739928,18.4145623066,-19.5524326225,-1
chr29,24hrs,MRPS11,7.0851211728,18.5029323916,-19.540876435,-1
chr29,24hrs,DET1,6.6113655732000005,18.4062867096,-19.7267826017,-1
chr29,24hrs,LOC103231131,6.7899283424000005,18.9512437744,-19.4942614816,-1
chr29,24hrs,LOC103231133,6.373238108,18.800004798,-19.678933472,-1
chr29,24hrs,LOC103231136,6.3603454436,18.7953253666,-19.6846473424,-1
chr29,24hrs,AEN,6.2084768168,18.7402041908,-19.7519536512,-1
chr29,24hrs,ISG20,6.010053704,18.668185924,-19.839892336,-1
chr29,24hrs,LOC103231139,6.186952417600001,19.6080537516,-19.7904035886,-1
chr29,24hrs,ACAN,6.48479555195,19.4772546001,-20.33546432995,-1
chr29,24hrs,LOC103231141,6.3037115332,19.6948624064,-20.6945124632,-1
chr29,24hrs,LOC103231140,6.244523829999999,19.73005616,-20.63220458,-1
chr29,24hrs,LOC103231147,6.0399390018,19.1738370236,-20.7508750709,1
chr29,24hrs,ABHD2,5.90452042,19.4993855648,-20.3770598955,-1
chr29,24hrs,RLBP1,5.9539516962,19.6898646108,-20.6109607371,-1
chr29,24hrs,FANCI,6.4597083375,19.03681814525,-20.499287414,-1
chr29,24hrs,POLG,6.406347691600001,19.0572301981,-20.3318436465,-1
chr29,24hrs,TRNAR-UCG,6.4148893684,19.0467653869,-20.3320438785,-1
chr29,24hrs,LOC103231153,6.4195883812000005,19.1812501234,-21.3319571241,-1
chr29,24hrs,RHCG,6.535743536,18.9446467061,-21.121854205,-1
chr29,24hrs,LOC103231151,6.535978640000001,18.944162839,-21.12135295,-1
chr29,24hrs,TICRR,6.6362210704,19.0355219516,-21.2523017876,-1
chr29,24hrs,KIF7,6.61327621,19.1730056525,-21.4057351775,-1
chr29,24hrs,PLIN1,6.4023200788,19.2293457206,-21.3855612416,-1
chr29,24hrs,WDR93,5.784597677,19.2810690615,-21.192309464,-1
chr29,24hrs,PEX11A,6.3053650576,19.2374639912,-21.3552292832,-1
chr29,24hrs,MESP1,5.698203937400001,19.2883030113,-21.1652815568,-1
chr29,24hrs,MESP2,5.6241283148,19.3638795648,-20.9879466044,-1
chr29,24hrs,ANPEP,5.7212285773,19.5209407648,-20.6512405169,-1
chr29,24hrs,LOC103231500,5.7236677865,19.524886224,-20.6427822845,-1
chr29,24hrs,LOC103231163,6.11706412895,19.99917028125,-21.0699555932,1
chr29,24hrs,ZNF710,6.2945604026,20.1198286536,-21.0694790186,1
chr29,24hrs,IDH2,6.159825832,20.069150248,-20.5997189136,-1
chr29,24hrs,SEMA4B,6.0574253570000005,19.5702429454,-21.6208605348,-1
chr29,24hrs,CIB1,6.0425956855,19.5403512481,-21.6521582622,-1
chr29,24hrs,GDPGP1,6.015499329500001,19.4857339849,-21.7093445838,-1
chr29,24hrs,LOC103231171,6.5102707303,20.0797363585,-21.5833543735,1
chr29,24hrs,NGRN,6.0954953916,19.5229788484,-21.8228386838,-1
chr29,24hrs,LOC103231173,6.1997653868,19.6223741332,-21.8549988174,1
chr29,24hrs,VPS33B,6.4142581252,19.8268391548,-21.921155098600003,-1
chr29,24hrs,PRC1,6.6421099376,20.0440387024,-21.991431736800003,-1
chr29,24hrs,RCCD1,6.2819321612,19.2855417898,-22.0994626446,-1
chr29,24hrs,UNC45A,6.629341688,19.7802671595,-22.120288664,-1
chr29,24hrs,LOC103231179,6.6342366816,19.8145256054,-22.1061795648,-1
chr29,24hrs,HDDC3,6.6302761984,19.7868074896,-22.1175950752,-1
chr29,24hrs,MAN2A2,6.593303592,19.5280484105,-22.224163176,-1
chr29,24hrs,LOC103231181,6.6099112864,19.6442801866,-22.1762939392,-1
chr29,24hrs,FES,6.56935916,19.3604692275,-22.29317948,-1
chr29,24hrs,FURIN,6.5530186512,19.2461073953,-22.3402785936,-1
chr29,24hrs,LOC103231503,6.5487551872,19.2162688168,-22.3525674016,-1
chr29,24hrs,LOC103231184,6.862471255,19.2680450311,-21.9419113657,-1
chr29,24hrs,BLM,6.754585856,19.348068144,-22.167244944,-1
chr29,24hrs,CRTC3,6.529876714,19.19036782,-22.2332389968,-1
chr29,24hrs,LOC103231191,6.8044784192000005,18.8058767696,-22.0932271768,-1
chr29,24hrs,LOC103231194,6.8877277444,18.1979173824,-22.0385125976,-1
chr29,24hrs,LOC103231193,7.0256620045,18.338810532,-21.977217743,-1
chr29,24hrs,ZNF774,6.7138538052,18.891176134,-21.8646476034,-1
chr29,24hrs,LOC103231198,6.8162163336,18.401903212,-21.9904031412,-1
chr29,24hrs,LOC103231197,6.72005807425,18.41540807105,-21.44292123985,-1
chr29,24hrs,LOC103231196,6.6589191265,18.9997980005,-21.648988909,-1
chr29,24hrs,LOC103231504,6.6533407040000005,18.966449568,-21.584378624,-1
chr29,24hrs,SV2B,7.286520882166666,19.83705745043333,-21.635011636,-1
chr29,24hrs,LOC103231201,7.3909483285,19.7149750675,-21.466985478,-1
chr29,24hrs,LOC103231202,7.2575800432,19.1160550056,-21.570378275866663,-1
chr29,24hrs,LOC103231203,7.737505040099999,17.9088424711,-20.7507957297,-1
chr29,24hrs,LOC103231204,7.641418929199999,17.8625469812,-20.4691614124,-1
chr29,24hrs,SLCO3A1,7.2970049329,18.367401189,-20.874961203825,-1
chr29,24hrs,LOC103231208,8.253459479,18.7278945159,-20.8920375898,-1
chr29,24hrs,ST8SIA2,7.8531507518,18.3677682204,-20.067636544,-1
chr29,24hrs,C29H15orf32,8.046507827200001,18.5673980572,-19.9663692552,-1
chr29,24hrs,LOC103231211,7.472964950500001,18.216349369,-19.8799534275,-1
chr29,24hrs,LOC103231212,7.4244259583,18.2095011654,-19.9561767965,-1
chr29,24hrs,FAM174B,7.214236725,18.3581638505,-20.674930035,-1
chr29,24hrs,LOC103231214,6.9537698575,18.3998188675,-21.2548523125,-1
chr29,24hrs,LOC103231216,7.299837974,18.2039264394,-20.4294955712,-1
chr29,24hrs,LOC103231220,7.2280420308,18.4295075437,-20.7149499585,-1
chr29,24hrs,CHD2,7.7617324962,18.3843624842,-21.0072246526,-1
chr29,24hrs,RGMA,6.8418380425,18.34310110075,-20.9442912735,-1
chr29,24hrs,LOC103231224,7.7576670826,18.4097455864,-21.1258895124,-1
chr29,24hrs,MCTP2,7.330248381224999,20.332531515875,-20.036242303975,-1
chr29,24hrs,LOC103231230,7.509034271,20.1944089217,-19.3766838757,0
chr29,24hrs,LOC103231231,8.6057998576,20.0720812755,-19.49689931,-1
chr29,24hrs,LOC103231238,8.484518702699999,19.34434760675,-19.32515315635,-1
chr29,24hrs,LOC103231237,8.7369144645,19.437096947,-19.397097451,-1
chr29,24hrs,LOC103231236,9.1311535408,19.2781529286,-19.7329757372,-1
chr29,24hrs,LOC103231235,8.464612213,19.453949151,-19.619183406,-1
chr29,24hrs,LOC103231234,8.4642523593,19.4539750411,-19.6182840966,-1
chr29,24hrs,LOC103231233,8.4934328554,19.4518756158,-19.6912089948,-1
chr29,24hrs,LOC103231232,8.5041516437,19.4511044399,-19.7179962894,-1
chr29,24hrs,LOC103231239,8.3069311657,18.9907851074,-19.9021893998,-1
chr29,24hrs,LOC103231241,8.4137632722,18.8253269089,-20.3942948052,-1
chr29,24hrs,LOC103231240,8.457494976,18.901731112,-20.390075616,-1
chr29,24hrs,LOC103231242,8.3521670956,18.4444482016,-19.7650961996,-1
chr29,24hrs,LOC103231243,8.665320352,18.7287321664,-19.8352449536,-1
chr29,24hrs,LOC103231244,8.4066256397,18.6046649035,-20.9350648239,-1
chr29,24hrs,NR2F2,8.3163269648,18.6693482104,-21.3770213592,-1
chr29,24hrs,LOC103231247,8.120775053600001,19.0323338838,-21.7100781965,-1
chr29,24hrs,LOC103231246,8.0954651784,18.8030163222,-21.7040055085,-1
chr29,24hrs,LOC103231249,8.1325868582,19.528974418700003,-21.6308570668,-1
chr29,24hrs,SPATA8,8.5432163119,18.1397836798,-20.251175966,-1
chr29,24hrs,LOC103231252,8.3713338356,18.9435672656,-21.1231915084,-1
chr29,24hrs,LOC103231253,8.6502756087,19.059912138,-21.2877570436,-1
chr29,24hrs,ARRDC4,8.32387448,19.540620498,-19.9411826874,-1
chr29,24hrs,LOC103231256,8.1489383008,18.7758185582,-19.585057558400003,-1
chr29,24hrs,FAM169B,7.7344778502,20.1410980424,-19.0675506294,-1
chr29,24hrs,IGF1R,6.800332592499999,20.527162435,-19.7324027867,0
chr29,24hrs,PGPEP1L,6.7131227674,20.4750042428,-19.811877859800003,0
chr29,24hrs,LOC103231262,6.7956268834,20.559736777,-19.837438183400003,0
chr29,24hrs,LOC103231261,6.9210437077,20.5516811185,-20.1009963577,-1
chr29,24hrs,SYNM,7.27111155375,20.3879139529,-20.81565752865,1
chr29,24hrs,TTC23,7.920071034249999,19.847314906,-21.04248461775,1
chr29,24hrs,LRRC28,7.5303227018,18.9349558825,-21.12652206955,-1
chr29,24hrs,LOC103231268,8.0773227455,19.7474338545,-21.3082210075,1
chr29,24hrs,MEF2A,7.479069591666667,20.07624253,-21.0920977375,1
chr29,24hrs,LYSMD4,7.5019819522,19.8503342958,-21.4509924378,1
chr29,24hrs,LOC103231510,7.5094382025,20.1795018975,-21.0174266725,1
chr29,24hrs,LOC103231275,7.146512742800001,20.6290647452,-20.217530356,-1
chr29,24hrs,ADAMTS17,7.5279871976,20.3043814102,-19.5713327184,0
chr29,24hrs,CERS3,6.598866832333334,19.334742866333336,-19.537169787,0
chr29,24hrs,LOC103231278,6.4671467334,19.8602896219,-19.4685343483,0
chr29,24hrs,LINS,6.3945009598,19.5817421943,-19.6018473751,0
chr29,24hrs,ASB7,7.0286422058,19.660674073600003,-19.555951628800003,0
chr29,24hrs,LOC103231279,6.557906481,19.282021683,-19.742097235,-1
chr29,24hrs,LOC103231282,7.2475903951,19.4122238546,-19.5720192849,-1
chr29,24hrs,LOC103231286,7.1437459492,19.4903575858,-19.1203272307,0
chr29,24hrs,ALDH1A3,7.424633439999999,19.24758856,-19.16923924,-1
chr29,24hrs,LRRK1,6.565547584,20.31740122,-19.93204416,0
chr29,24hrs,LOC103231283,6.7061891116,19.6010536476,-19.4499939932,0
chr29,24hrs,CHSY1,7.24605061915,20.27581473525,-20.9273280753,1
chr29,24hrs,VIMP,7.368906112,20.2432525504,-21.1386908032,1
chr29,24hrs,SNRPA1,7.504118572,20.2087977824,-21.2502346592,1
chr29,24hrs,PCSK6,8.304891491666666,20.118805420833333,-20.3265692875,1
chr29,24hrs,LOC103231291,7.795199565,20.4301820525,-20.9865461425,1
chr29,24hrs,LOC103231293,8.2527626115,20.263279685,-20.393771767,1
chr29,24hrs,TM2D3,8.34878957655,19.63843530345,-19.94937210265,-1
chr29,24hrs,TARSL2,8.1740393898,19.2519544521,-19.7097941329,-1
chr29,24hrs,LOC103231301,8.1788206905,19.3922415006,-19.811984188,-1
chr29,24hrs,LOC103231300,8.1843210675,19.529362401,-19.89492898,-1
chr29,24hrs,LOC103231299,8.1888592665,19.6424968158,-19.963364284,-1
chr29,24hrs,LOC103231298,8.1928395205,19.7417220166,-20.023385868,-1
chr29,24hrs,LOC103231296,8.207207528,20.0999073056,-20.240053088,1
chr29,24hrs,LOC103231295,8.209321807,20.1526149364,-20.271936072,1
chr29,24hrs,LOC103231304,8.2092181656,20.1811030296,-20.5427602728,1
chr29,24hrs,LOC103231306,8.208904005099999,20.2136357491,-20.8918734613,1
chr29,24hrs,LOC103231307,8.2085665237,20.2485834517,-21.2669021731,1
chr29,24hrs,LOC103231308,8.214402546599999,20.2420611934,-21.3518278915,1
chr29,24hrs,LOC103231309,8.2299941952,20.1933710848,-21.235105288,1
chr29,24hrs,LOC103231310,8.2410341142,20.1588952658,-21.1524579605,1
chr29,24hrs,LOC103231311,8.274763565999999,20.053563834,-20.899951665,1
chr29,24hrs,LOC103231312,8.2957178136,19.9881272264,-20.743083434,1
chr29,24hrs,LOC103231314,8.3067898218,19.9535511982,-20.6601958795,1
chr29,24hrs,LOC103231315,8.326778925000001,19.891128575,-20.5105529375,1
chr29,24hrs,LOC103231316,8.3327744238,19.942135421,-20.4280525376,1
chr29,24hrs,LOC103231317,8.3355737301,20.1492161795,-20.2906677152,1
chr29,24hrs,LOC103231318,8.3364979653,20.2175871635,-20.2453079456,1
chr29,24hrs,LOC103231319,8.3378962272,20.321024624,-20.1766838144,1
chr29,24hrs,LOC103231320,8.3405084382,20.514264869,-20.0484812864,-1
chr29,24hrs,LOC103231321,8.3517803482,20.6888843374,-19.956210227,-1
chr29,24hrs,LOC103231332,8.4038242534,20.6314150738,-20.134090349,-1
chr29,24hrs,LOC103231330,8.02286865855,20.7616447748,-20.07962935355,-1
chr29,24hrs,LOC103231518,8.4551980654,20.5746857578,-20.309680169,1
chr29,24hrs,LOC103231329,8.4953557936,20.5303417552,-20.446934696,1
chr29,24hrs,LOC103231328,8.574405518399999,20.4430514288,-20.717117624,1
chr29,24hrs,LOC103231327,8.11865791835,20.7427746196,-20.03372043335,-1
chr29,24hrs,LOC103231325,8.465057805999999,20.4820708719,-20.6944452986,1
chr29,24hrs,LOC103231324,8.376751724,20.5294128126,-20.6081327444,1
chr29,24hrs,LOC103231323,8.254924474,20.5947258501,-20.4890557694,1
chr29,24hrs,LOC103231322,8.076789913999999,20.6902259061,-20.3149426334,1
chr29,24hrs,TTC5,7.729592461599999,20.7892350406,-20.3457943852,-1
chr29,24hrs,CCNB1IP1,7.577036157999999,20.7918652405,-20.533026001,-1
chr29,24hrs,PARP2,7.3937703424,20.7950248984,-20.7579472528,-1
chr29,24hrs,LOC103231335,7.3777288336,20.7953014676,-20.7776349192,-1
chr29,24hrs,TEP1,6.797860376499999,20.6488765479,-20.6906012441,1
chr29,24hrs,KLHL33,6.6767519029,20.676026315,-20.9672041627,1
chr29,24hrs,OSGEP,6.5157493693,20.641884355,-20.9762970259,1
chr29,24hrs,LOC103231340,6.4882662961,20.636056335,-20.9778491743,1
chr29,24hrs,LOC103231342,6.4478568622,20.62748717,-20.9801313586,1
chr29,24hrs,LOC103231343,6.387946726899999,20.614782715,-20.9835148747,1
chr29,24hrs,LOC103231344,6.349231165,20.60657275,-20.985701395,1
chr29,24hrs,PNP,7.13533192,20.50833748,-21.2098468,1
chr29,24hrs,RNASE10,6.4751580884,20.4550440712,-21.1592486188,1
chr29,24hrs,RNASE9,6.8897316749,20.2829614282,-21.3993712243,1
chr29,24hrs,RNASE11,7.3433866007,20.2563609821,-21.4109102633,1
chr29,24hrs,RNASE12,7.3433866007,20.2563609821,-21.4109102633,1
chr29,24hrs,TRNAP-AGG,7.341979745,20.256232235,-21.411202655,1
chr29,24hrs,TRNAL-AAG,7.3497324179,20.2569417137,-21.4095913901,1
chr29,24hrs,TRNAP-AGG-2,7.3852230968,20.2601896104,-21.4022152392,1
chr29,24hrs,TRNAT-UGU,7.3891642883,20.260550284900003,-21.4013961277,1
chr29,24hrs,TRNAL-UAG,7.5308077175,20.273512652500003,-21.3719578825,1
chr29,24hrs,TRNAT-UGU-2,7.5894566381,20.2788798543,-21.3597686739,1
chr29,24hrs,TRNAP-UGG,7.607805628399999,20.2805590452,-21.3559551396,1
chr29,24hrs,LOC103231353,7.7099273879,20.2899046237,-21.334730820100003,1
chr29,24hrs,TRNAY-GUA,7.8821325122,20.305663816600003,-21.2989408318,1
chr29,24hrs,TRNAY-GUA-2,7.915747383499999,20.308740050500003,-21.2919545365,1
chr29,24hrs,TRNAY-GUA-3,7.9406317673,20.311017321900003,-21.2867827287,1
chr29,24hrs,TRNAY-GUA-4,7.972869716,20.313967548,-21.280082604,1
chr29,24hrs,LOC103231354,8.0356056024,20.3422500976,-21.1818293792,1
chr29,24hrs,TRNAT-UGU-3,8.0419501011,20.3533112614,-21.1408903988,1
chr29,24hrs,TRNAY-GUA-5,8.0443033494,20.3574139756,-21.1257056552,1
chr29,24hrs,TRNAP-UGG-2,8.045345313,20.359230562,-21.118982204,1
chr29,24hrs,ANG,8.0615884659,20.387549296600003,-21.0141704372,1
chr29,24hrs,RNASE4,8.070976440199999,20.4039165348,-20.9535929016,1
chr29,24hrs,EDDM3A,8.1009328937,20.4561433938,-20.7602936796,1
chr29,24hrs,EDDM3B,8.133573728,20.513050272,-20.549673024,1
chr29,24hrs,RNASE6,8.1506631084,20.5428443416,-20.4394008272,1
chr29,24hrs,RNASE1,8.083363453599999,20.5918793552,-20.439966256,1
chr29,24hrs,LOC103231362,7.881323540699999,20.6315477574,-20.722004922,1
chr29,24hrs,LOC103231364,7.1558115463,20.28723097955,-20.7527625688,1
chr29,24hrs,RNASE2,7.4810565693,20.6240185359,-21.1070214372,1
chr29,24hrs,METTL17,7.0037500282,20.3266473566,-20.9843219528,1
chr29,24hrs,LOC103231368,6.9696820766,20.3054223658,-20.9755642264,1
chr29,24hrs,SLC39A2,6.9620572659,20.3006719617,-20.9736041436,1
chr29,24hrs,NDRG2,6.766728285399999,20.1789782402,-20.9233916216,1
chr29,24hrs,TPPP2,6.794581866,20.18759363,-20.970760781,1
chr29,24hrs,RNASE13,6.880832234,20.21949187,-21.093421069,1
chr29,24hrs,RNASE7,6.8653224022,20.213755821,-21.0713638827,1
chr29,24hrs,RNASE8,6.951309097199999,20.245556546,-21.1936491902,1
chr29,24hrs,ARHGEF40,7.130554002599999,20.311847243,-21.4485609341,1
chr29,24hrs,ZNF219,7.2178473438,20.344131209,-21.5727044783,1
chr29,24hrs,TMEM253,7.2167047608,20.343708644,-21.5710795628,1
chr29,24hrs,LOC103231380,7.494392395999999,20.5157938736,-21.6067649856,1
chr29,24hrs,HNRNPC,7.11000711465,20.55278476295,-21.1697824718,1
chr29,24hrs,RPGRIP1,6.8308430209,20.7472348745,-20.6980452664,1
chr29,24hrs,SUPT16H,6.5310524288,20.6556980928,-20.6115576352,1
chr29,24hrs,CHD8,6.71386014445,20.2539250785,-20.2579135458,-1
chr29,24hrs,RAB2B,6.331818263,20.3792287236,-20.141929048,-1
chr29,24hrs,TOX4,6.4089935185,20.2492992182,-20.040134876000003,-1
chr29,24hrs,METTL3,6.4671094855,20.1514572506,-19.963479908,0
chr29,24hrs,SALL2,6.46100381825,19.98111507435,-19.6647962581,0
chr29,24hrs,LOC103231392,6.618404417,19.7510597127,-19.5165187894,0
chr29,24hrs,LOC103231393,6.647254636,19.6492285316,-19.3880175752,0
chr29,24hrs,LOC103231437,6.704470605,19.4472761755,-19.133173011,0
chr29,24hrs,LOC103231435,6.700272474,19.4620941094,-19.1518718268,0
chr29,24hrs,LOC103231434,6.709925834,19.4280211254,-19.1088749788,0
chr29,24hrs,LOC103231433,6.750812696200001,19.8076053614,-19.2016403618,0
chr29,24hrs,LOC103231432,6.7549882388,19.8629305836,-19.2198028532,0
chr29,24hrs,LOC103231431,6.757752771100001,19.8995601617,-19.2318278279,0
chr29,24hrs,LOC103231430,6.77089285,20.07366395,-19.28898365,0
chr29,24hrs,LOC103231429,6.7673023782,20.0260908154,-19.2733660598,0
chr29,24hrs,LOC103231522,6.7876088467,20.2951480349,-19.3616937563,0
chr29,24hrs,LOC103231427,6.827126496,20.3501295568,-19.387190516,0
chr29,24hrs,LOC103231426,7.163638152,20.2729820916,-19.433946017,0
chr29,24hrs,LOC103231425,7.483315704,20.1996939532,-19.478362559,0
chr29,24hrs,LOC103231424,7.725563952,20.1441569816,-19.512020942,-1
chr29,24hrs,LOC103231422,7.7280370211,20.0179387118,-19.3963382622,-1
chr29,24hrs,LOC103231523,7.711553226799999,19.8355076984,-19.2221018136,-1
chr29,24hrs,LOC103231421,7.7017015231,19.7264759878,-19.1179676662,-1
chr29,24hrs,LOC103231420,6.9932828031,20.5489860777,-19.259415794,0
chr29,24hrs,LOC103231419,6.9991955253,20.5457522051,-19.261433222,0
chr29,24hrs,LOC103231394,6.3191356108,19.961984083328574,-19.3353791218,0
chr29,24hrs,LOC103231418,7.5069134032,19.5612970176,-18.9024589144,-1
chr29,24hrs,LOC103231417,7.1873122552,19.8954849536,-19.1093247484,0
chr29,24hrs,LOC103231416,7.1304560038,19.9549361584,-19.1461256671,0
chr29,24hrs,LOC103231415,7.0711757746,20.0169219728,-19.1844955357,0
chr29,24hrs,LOC103231414,7.0261274794,20.0640262992,-19.2136536073,0
chr29,24hrs,LOC103231413,7.0912846268,20.1923708352,-19.3273127872,0
chr29,24hrs,LOC103231411,7.200341986900001,20.3848989216,-19.4998719376,0
chr29,24hrs,LOC103231410,7.287102094400001,20.5380638016,-19.6371506176,0
chr29,24hrs,LOC103231409,7.3353912688,20.6233127232,-19.7135575552,0
chr29,24hrs,LOC103231408,7.3566052079,20.6607634656,-19.7471239216,0
chr29,24hrs,LOC103231407,7.395955107700001,20.7360348861,-19.808680034,-1
chr29,24hrs,LOC103231406,7.362204843900001,20.7117785727,-19.750978038,-1
chr29,24hrs,LOC103231405,7.2131419803,20.604647097900003,-19.496128926,0
chr29,24hrs,LOC103231404,7.1656473087000006,20.5705126791,-19.414928454,0
chr29,24hrs,LOC103231403,7.0574185132,20.4927286476,-19.229892344,0
chr29,24hrs,LOC103231402,7.0069854815,20.456482429500003,-19.14366823,0
chr29,24hrs,LOC103231400,6.6861380310000005,19.95321073825,-19.46740299125,0
chr29,24hrs,LOC103231399,6.6441524428,19.9821967472,-19.206369234,0
chr29,24hrs,LOC103231398,6.5659481098,19.8655870552,-19.265894119,0
chr29,24hrs,LOC103231397,6.4976962036,19.7638173264,-19.317843758,0
chr29,24hrs,LOC103231396,6.95424812725,20.51127802785,-19.17357884525,0
chr29,24hrs,LOC103231438,6.737213895,20.3875664463,-19.2685645478,0
chr29,24hrs,DAD1,6.487417595,20.1992070243,-19.2873802158,0
chr29,24hrs,ABHD4,6.300144665,20.0579934801,-19.3014863706,0
chr29,24hrs,LOC103231524,6.681727685,20.028356655,-19.701572389,0
chr29,24hrs,LOC103231525,6.2910908395,19.6913775798,-19.7883123611,-1
chr29,24hrs,LOC103231443,6.325514179,19.508353476,-20.595274494,-1
chr29,24hrs,SLC7A7,6.2328523504,19.5106903776,-21.1519078944,1
chr29,24hrs,MRPL52,6.201654872,19.511477168,-21.339315792,1
chr29,24hrs,MMP14,6.1341499872,19.6321320376,-21.3527946168,-1
chr29,24hrs,LOC103231445,6.0075630564,19.8655311937,-21.3545259541,-1
chr29,24hrs,LRP10,5.9718690528,19.9313432824,-21.3550141432,-1
chr29,24hrs,REM2,5.911034788799999,20.0435086204,-21.3558461772,-1
chr29,24hrs,RBM23,5.7404194548,20.3580867109,-21.3581796937,-1
chr29,24hrs,PRMT5,5.6842821864,20.4615917962,-21.3589474866,-1
chr29,24hrs,TRNAR-ACG,5.6832647676,20.4634676983,-21.3589614019,-1
chr29,24hrs,HAUS4,5.8985889792,20.6087810016,-21.3238788624,1
chr29,24hrs,AJUBA,6.193058064,20.771880822,-21.278012433,1
chr29,24hrs,LOC103231455,6.3152737152,20.8395733296,-21.258976154400003,1
chr29,24hrs,C29H14orf93,6.4764175344,20.9288272762,-21.2338764343,1
chr29,24hrs,LOC103231527,6.4898024928,20.9362409044,-21.2317915966,1
chr29,24hrs,PSMB5,5.66308061355,20.70746154085,-21.16812235075,-1
chr29,24hrs,PSMB11,6.5297455621,21.0161076205,-21.1770719736,1
chr29,24hrs,CDH24,6.3820382156,20.998942238,-21.1457827296,1
chr29,24hrs,ACIN1,6.0098439043,20.9556887515,-21.0669398088,1
chr29,24hrs,C29H14orf119,5.9796074601,20.9521749105,-21.0605347416,1
chr29,24hrs,CEBPE,5.7691408585,20.9277161425,-21.015951036,1
chr29,24hrs,SLC7A8,6.5987660409,21.1369971237,-20.6510352618,1
chr29,24hrs,C29H14orf164,6.440227016000001,21.0321059303,-20.9712724325,1
chr29,24hrs,HOMEZ,6.3796693520000005,20.9746695291,-21.1739757025,1
chr29,24hrs,PPP1R3E,6.35181368,20.948249594,-21.26721635,1
chr29,24hrs,LOC103231470,6.301204688,20.9002490904,-21.43661866,1
chr29,24hrs,PABPN1,6.283105664,20.8830829262,-21.497201105,1
chr29,24hrs,SLC22A17,6.3138657092,20.8752590456,-21.2631487332,1
chr29,24hrs,EFS,6.333884438,20.874344084,-21.125625798,1
chr29,24hrs,IL25,6.3495951656,20.8736260208,-21.0176975976,1
chr29,24hrs,CMTM5,6.3543676208,20.8734078944,-20.9849121968,1
chr29,24hrs,LOC103231475,6.3532300892,20.8734598856,-20.9927267132,1
chr29,24hrs,MYH6,6.3997257416,20.8713347888,-20.6733148936,1
chr29,24hrs,MYH7,6.163485731050001,20.51377298145,-21.3045647752,1
chr29,24hrs,LOC103231479,6.4092219224,20.8709007632,-20.6080788504,1
chr29,24hrs,NGDN,6.249681663800001,20.536251263,-20.7835423896,1
chr29,24hrs,THTPA,6.2038800575,20.7106841165,-20.3043551265,-1
chr29,24hrs,LOC103231486,6.24407775475,20.73914060745,-20.33442256045,1
chr29,24hrs,ZFHX2,6.21111657275,20.71580694305,-20.30976796005,-1
chr29,24hrs,AP1G2,6.0702890128,20.3581646202,-20.7592529833,1
chr29,24hrs,JPH4,6.0727367392,20.4040782228,-20.6660551762,1
chr29,24hrs,LOC103231487,6.072600088,20.401514967,-20.6712582055,1
chr29,24hrs,DHRS2,6.2042328529,20.6121826905,-20.0088111609,-1
chr29,24hrs,LOC103231490,6.2339203168,19.8149318664,-19.1319387282,0
chr29,24hrs,LOC103231070,-22.7407693075,7.0959868013000005,-4.637092195799999,-1
chr29,24hrs,LOC103231493,-22.3293030377,7.490552240299999,-5.0518636832,-1
chr29,24hrs,LOC103231072,-22.5880602976,7.7274876476,-5.005164715799999,-1
chr29,24hrs,LOC103231071,-22.9808849456,7.900772652000001,-4.5779436176,-1
chr29,24hrs,LOC103231073,-22.8343526096,7.9130734692,-4.520668934400001,-1
chr29,24hrs,LOC103231494,-22.7209790536,7.8103469822,-4.5176501504,-1
chr29,24hrs,LOC103231075,-22.4220883016,7.5395254782,-4.5096916224,-1
chr29,24hrs,ADAMTSL3,-22.63294694804,8.11880093832,-4.84556644516,-1
chr29,24hrs,SH3GL3,-22.3018587118,6.6272092328,-4.7717454625,-1
chr29,24hrs,LOC103231079,-21.4084041086,5.9608459468,-5.5365809944,-1
chr29,24hrs,BNC1,-21.2438364608,6.0682644704,-5.7118155232,-1
chr29,24hrs,LOC103231081,-21.2716609153,6.4442354046,-5.7190003778,-1
chr29,24hrs,TM6SF1,-21.689986726,6.294257684,-6.082360124,-1
chr29,24hrs,BTBD1,-21.1066746596,6.6817116958,-6.3198178598,-1
chr29,24hrs,LOC103231084,-21.1538427328,6.707810656,-5.863271968,-1
chr29,24hrs,C29H15orf40,-21.0665996117,6.758242796499999,-5.9560352645,-1
chr29,24hrs,FAM103A1,-20.9666276938,6.816033001,-6.062332753,-1
chr29,24hrs,HOMER2,-21.598342239266668,6.677164764733334,-5.219055891533333,-1
chr29,24hrs,WHAMM,-21.4399513832,6.3773799376,-5.49783284,-1
chr29,24hrs,FSD2,-21.6737914424,6.718503243200001,-5.069961879999999,-1
chr29,24hrs,LOC103231090,-21.7706789084,6.8727294296,-5.4251057054,-1
chr29,24hrs,LOC103231089,-21.7961318192,6.9104985248,-5.404917855200001,-1
chr29,24hrs,AP3B2,-22.236829709,7.563875234,-5.031973257000001,-1
chr29,24hrs,LOC103231096,-22.240994335,7.6084666138,-5.1092500875,-1
chr29,24hrs,CPEB1,-22.3405148712,7.9953164974,-5.3429793254,-1
chr29,24hrs,RPS17,-22.0017273316,7.680706067,-5.9321804872,-1
chr29,24hrs,LOC103231100,-22.0245546418,7.7176441535,-5.9142278356,-1
chr29,24hrs,LOC103231496,-22.070320819,7.7917008425,-5.878234798,-1
chr29,24hrs,LOC103231099,-22.1683420606,7.9503142345,-5.8011455052,-1
chr29,24hrs,PDE8A,-21.25386643485,7.45659318795,-5.77618662075,-1
chr29,24hrs,LOC103231101,-22.2396247224,8.238871402700001,-5.5697804167,-1
chr29,24hrs,SLC28A1,-21.4141945079,7.09354272145,-5.0775670269,-1
chr29,24hrs,ALPK3,-20.8316746896,7.0334457504,-5.7364072728,-1
chr29,24hrs,ZNF592,-20.94729731375,6.80880854975,-5.953534363,-1
chr29,24hrs,SEC11A,-20.617519332,6.717436451999999,-6.594572829,-1
chr29,24hrs,NMB,-20.63889965,6.6467241761,-6.6632243963,-1
chr29,24hrs,WDR73,-20.70626,6.556967419999999,-6.61771186,-1
chr29,24hrs,ZSCAN2,-20.9947823,6.1725153542,-6.4227695586,-1
chr29,24hrs,LOC103231115,-21.2461214422,7.1063026059,-6.1098754796,-1
chr29,24hrs,LOC103231114,-21.2235359212,7.1232203814,-6.0485425016,-1
chr29,24hrs,AKAP13,-21.3750111849,6.7701202313,-5.9637350103,-1
chr29,24hrs,LOC103231118,-21.3456046442,7.7446564078,-6.0499942364,-1
chr29,24hrs,KLHL25,-21.7429519306,7.1426941437,-5.8930250519,-1
chr29,24hrs,AGBL1,-22.54638691332222,5.521264920988889,-6.026454286255556,-1
chr29,24hrs,LOC103231123,-23.2848896015,6.3935897895,-4.891174535,-1
chr29,24hrs,LOC103231122,-23.3247935887,6.4749914791,-4.858679303,-1
chr29,24hrs,LOC103231125,-23.22757419433333,5.886801791833333,-5.233148381,-1
chr29,24hrs,NTRK3,-22.00159030614,5.95342303596,-6.20009008942,-1
chr29,24hrs,LOC103231126,-22.2339956572,5.5473564852,-5.9502848524,-1
chr29,24hrs,LOC103231128,-22.2320976566,5.9583938491,-6.0322865049,-1
chr29,24hrs,MRPL46,-22.489477979,6.1324059342,-5.848777798,-1
chr29,24hrs,MRPS11,-22.425269754,6.2084968292000005,-5.907415348,-1
chr29,24hrs,DET1,-22.4984513429,6.3793485341,-6.4442399064,-1
chr29,24hrs,LOC103231131,-22.0997394232,6.61212646,-6.2465481952,-1
chr29,24hrs,LOC103231133,-22.212444519,6.723692575,-6.718105884,-1
chr29,24hrs,LOC103231136,-22.2159316873,6.7271445025,-6.7326961828,-1
chr29,24hrs,AEN,-22.2570086474,6.767806345,-6.9045620264,-1
chr29,24hrs,ISG20,-22.310677522,6.82093285,-7.129112392,-1
chr29,24hrs,LOC103231139,-22.7230276516,7.388037807,-6.8443762822,-1
chr29,24hrs,ACAN,-22.78489677805,7.76943436715,-7.04964112725,-1
chr29,24hrs,LOC103231141,-23.044381042,7.400508903199999,-6.9656842912,-1
chr29,24hrs,LOC103231140,-23.05188355,7.31558558,-6.92761528,-1
chr29,24hrs,LOC103231147,-22.174354685700003,7.314010324,-6.9467899314,-1
chr29,24hrs,ABHD2,-21.92126607215,6.41968411385,-6.8714160733,1
chr29,24hrs,RLBP1,-21.899899536,6.2303976193,-7.0975059940000005,1
chr29,24hrs,FANCI,-21.635590719,6.94168202875,-7.219992836249999,1
chr29,24hrs,POLG,-21.5837653132,6.7830178554,-7.1253151985,-1
chr29,24hrs,TRNAR-UCG,-21.5802293068,6.7960040346,-7.1283355265,-1
chr29,24hrs,LOC103231153,-21.8205225748,6.0662844612,-6.975395387000001,1
chr29,24hrs,RHCG,-21.8578789999,6.1570407605,-6.576702844200001,1
chr29,24hrs,LOC103231151,-21.857924101,6.157301895,-6.575949358,1
chr29,24hrs,TICRR,-21.7641855548,5.8994535472,-6.5570999836,1
chr29,24hrs,KIF7,-21.7255288325,5.76202003,-6.7223374525,1
chr29,24hrs,PLIN1,-21.665044376,5.8843357432,-6.8641807288,1
chr29,24hrs,WDR93,-21.51559054,6.372463078,-7.150364302,1
chr29,24hrs,PEX11A,-21.641586752,5.9609500864,-6.9090988576,1
chr29,24hrs,MESP1,-21.494688148,6.4407318436,-7.1903895124,1
chr29,24hrs,MESP2,-21.5088515596,6.426881044,-7.1250603736,1
chr29,24hrs,ANPEP,-21.6087455221,6.177788919,-6.8427968986000005,1
chr29,24hrs,LOC103231500,-21.6112549105,6.171531595,-6.835706293,1
chr29,24hrs,LOC103231163,-21.1547292365,6.5197607187,-7.00515501075,-1
chr29,24hrs,ZNF710,-21.5351055602,7.5489498792,-7.175234025,0
chr29,24hrs,IDH2,-21.7474996072,7.583142056,-7.3402369656,0
chr29,24hrs,SEMA4B,-21.6508143968,7.437130349399999,-7.6756674112,0
chr29,24hrs,CIB1,-21.6440139552,7.4005281541,-7.6977053568,0
chr29,24hrs,GDPGP1,-21.6315883808,7.3336496589,-7.7379724672,0
chr29,24hrs,LOC103231171,-21.2630488704,7.8646187088,-7.3488900886,0
chr29,24hrs,NGRN,-21.4851958816,7.318873707,-7.7255337844,0
chr29,24hrs,LOC103231173,-21.3694561568,7.386639111,-7.6656724612,0
chr29,24hrs,VPS33B,-21.1313691552,7.526038629,-7.5425323468,0
chr29,24hrs,PRC1,-20.8784535776,7.674120252,-7.4117227984,-1
chr29,24hrs,RCCD1,-21.5773569002,7.9077104166,-7.6224849274,0
chr29,24hrs,UNC45A,-21.0738950405,7.949247136,-7.4214676955,0
chr29,24hrs,LOC103231179,-21.0471414346,7.9190929952,-7.4183734806,0
chr29,24hrs,HDDC3,-21.0687874704,7.9434903648,-7.4208769744,0
chr29,24hrs,MAN2A2,-21.2708613895,8.171249024,-7.4442480345,0
chr29,24hrs,LOC103231181,-21.1800919734,8.0689423008,-7.4337500074,0
chr29,24hrs,FES,-21.4017297725,8.31875152,-7.4593837475,0
chr29,24hrs,FURIN,-21.4910388847,8.4194123264,-7.4697128817,0
chr29,24hrs,LOC103231503,-21.5143408632,8.4456761184,-7.4724078952,0
chr29,24hrs,LOC103231184,-21.508766284350003,8.18346227685,-7.0169021668,0
chr29,24hrs,BLM,-21.441463392,8.205696112,-7.008538,0
chr29,24hrs,CRTC3,-21.4051449752,8.1512248176,-6.660580382,-1
chr29,24hrs,LOC103231191,-21.6770271996,8.52312924,-6.8045873998,-1
chr29,24hrs,LOC103231194,-21.9523160754,8.6383222588,-7.226396130599999,-1
chr29,24hrs,LOC103231193,-21.95020317825,8.7460341715,-7.13795033925,-1
chr29,24hrs,ZNF774,-21.71106486,8.574437648,-6.4339349846000005,-1
chr29,24hrs,LOC103231198,-21.87581948,8.605349264,-6.9846930428,-1
chr29,24hrs,LOC103231197,-22.14223340905,8.1809822967,-6.7101092006,-1
chr29,24hrs,LOC103231196,-21.7679980255,8.421418917,-6.2221493705,-1
chr29,24hrs,LOC103231504,-21.815677968,8.366553712,-6.224795888,-1
chr29,24hrs,SV2B,-23.10883060173333,6.638754905366667,-6.0214628662,-1
chr29,24hrs,LOC103231201,-23.135709044,6.624521128,-5.798127773,-1
chr29,24hrs,LOC103231202,-23.256377619866665,7.273325073533333,-5.399141194533334,-1
chr29,24hrs,LOC103231203,-22.9338554053,7.8228799673,-6.2719296558,-1
chr29,24hrs,LOC103231204,-22.9169670076,7.5866855116,-6.4486942536,-1
chr29,24hrs,SLCO3A1,-23.201836648475,7.996127414925,-6.23044620645,-1
chr29,24hrs,LOC103231208,-22.5929859446,7.5433254551,-6.4265418999,-1
chr29,24hrs,ST8SIA2,-22.6727255294,7.967631653000001,-6.6397291341,-1
chr29,24hrs,C29H15orf32,-22.864806128,7.8105510724,-6.223703684,-1
chr29,24hrs,LOC103231211,-22.963125248,7.896107503,-6.231639594500001,-1
chr29,24hrs,LOC103231212,-22.9929699968,7.844095229800001,-6.1639136887,-1
chr29,24hrs,FAM174B,-22.454241606,7.500762635,-6.131057346,-1
chr29,24hrs,LOC103231214,-22.32069871,7.16972967,-5.8821326825,-1
chr29,24hrs,LOC103231216,-22.925256743,7.807293229,-5.7805975402000005,-1
chr29,24hrs,LOC103231220,-22.8483052787,8.1358668679,-6.0500086742,-1
chr29,24hrs,CHD2,-22.761143927800003,7.9076617898,-7.195933629800001,-1
chr29,24hrs,RGMA,-22.47100304675,7.542329056,-6.93679252325,-1
chr29,24hrs,LOC103231224,-22.4969420918,7.6631267112,-6.6909621424,-1
chr29,24hrs,MCTP2,-23.937458177175,6.62573813785,-6.0336854862,-1
chr29,24hrs,LOC103231230,-24.3560190589,6.8864508274,-6.1863912984,-1
chr29,24hrs,LOC103231231,-24.1031365575,6.1038315359,-5.4192464605,-1
chr29,24hrs,LOC103231238,-24.2947947725,5.97297914335,-5.30717204275,-1
chr29,24hrs,LOC103231237,-24.608403781,6.7802317315,-4.882678519,-1
chr29,24hrs,LOC103231236,-24.7300911658,6.626005358,-4.8282524128,-1
chr29,24hrs,LOC103231235,-23.872086073,7.0454357530000005,-4.919362116,-1
chr29,24hrs,LOC103231234,-23.8718841053,7.0447987533,-4.9186754276,-1
chr29,24hrs,LOC103231233,-23.8882616434,7.0964529874,-4.9743589128000005,-1
chr29,24hrs,LOC103231232,-23.8942775577,7.1154269897,-4.994812968400001,-1
chr29,24hrs,LOC103231239,-23.9322958145,7.565992280000001,-5.4812499733,-1
chr29,24hrs,LOC103231241,-24.0417000878,8.0209918593,-5.9719827557,-1
chr29,24hrs,LOC103231240,-24.041313824,7.964339544,-5.910789656,-1
chr29,24hrs,LOC103231242,-24.8385349084,7.3735542324,-5.5021176388,-1
chr29,24hrs,LOC103231243,-24.4903669024,7.5167200608,-5.1211951264,-1
chr29,24hrs,LOC103231244,-23.6738259718,8.2241611364,-6.3210849377,-1
chr29,24hrs,NR2F2,-23.4051974856,8.1927670948,-6.7473221956,-1
chr29,24hrs,LOC103231247,-23.7687932733,7.969624534,-7.0493416064,-1
chr29,24hrs,LOC103231246,-23.5806240477,8.022609046,-7.1879423616,-1
chr29,24hrs,LOC103231249,-23.2215732969,8.5901878003,-6.6856159429,-1
chr29,24hrs,SPATA8,-24.4888357042,7.7638180744,-6.1882542198,-1
chr29,24hrs,LOC103231252,-23.7031512094,8.3146446354,-6.0436407114,-1
chr29,24hrs,LOC103231253,-24.3165365434,7.5745095438,-5.1745246515,-1
chr29,24hrs,ARRDC4,-24.1775277408,6.4051434202,-5.702560695,-1
chr29,24hrs,LOC103231256,-24.789369015,6.4024612388,-6.1105974646000005,-1
chr29,24hrs,FAM169B,-24.5804185854,6.4964439844,-6.1959568916,-1
chr29,24hrs,IGF1R,-23.7445110255,7.2190827828,-7.1332216288,1
chr29,24hrs,PGPEP1L,-23.740453721,7.2703690901,-7.4657674042,1
chr29,24hrs,LOC103231262,-23.8228248594,7.2577762824,-7.449237865600001,1
chr29,24hrs,LOC103231261,-23.9347069357,6.9834679172,-7.3672346768,1
chr29,24hrs,SYNM,-23.43804732315,7.1874851385,-7.4053135788,1
chr29,24hrs,TTC23,-23.15152800575,6.37667243275,-7.08055641675,1
chr29,24hrs,LRRC28,-22.96067756235,6.91958672715,-7.7067639341,1
chr29,24hrs,LOC103231268,-22.8740130165,6.5128110835,-7.1066244305,1
chr29,24hrs,MEF2A,-23.7333093875,7.345283404166667,-7.314221016666666,1
chr29,24hrs,LYSMD4,-23.4763483956,7.68657157,-7.4436766744,1
chr29,24hrs,LOC103231510,-23.879817345,7.356929624999999,-7.41675103,1
chr29,24hrs,LOC103231275,-24.594701264,6.68256178,-7.2775128292,1
chr29,24hrs,ADAMTS17,-24.414383454000003,6.671768871199999,-6.408799621,-1
chr29,24hrs,CERS3,-23.476322213666663,5.923327751,-6.376419006,-1
chr29,24hrs,LOC103231278,-23.8645629958,5.815384309600001,-6.022168962099999,-1
chr29,24hrs,LINS,-23.5012579326,5.8915541112000005,-6.0901636537,-1
chr29,24hrs,ASB7,-23.1914906244,6.277182338,-5.9078486544,-1
chr29,24hrs,LOC103231279,-22.947839444,6.133844206,-6.099130677,1
chr29,24hrs,LOC103231282,-22.5743540268,6.4951075231,-5.8448701156,-1
chr29,24hrs,LOC103231286,-22.9495662884,5.8325913357,-6.1665644487,-1
chr29,24hrs,ALDH1A3,-22.81572488,5.79523524,-6.49875684,1
chr29,24hrs,LRRK1,-23.622456188,6.694568203999999,-7.248411716000001,1
chr29,24hrs,LOC103231283,-23.423407020400003,6.016976738,-7.2577884464,1
chr29,24hrs,CHSY1,-23.5523741137,6.59821665765,-7.8472112574,1
chr29,24hrs,VIMP,-23.000856512,6.6853914592,-7.547258752,1
chr29,24hrs,SNRPA1,-23.096863472,6.5875557952,-7.661827412,1
chr29,24hrs,PCSK6,-24.422909179166663,6.041451575,-6.681283462500001,-1
chr29,24hrs,LOC103231291,-23.9626959325,6.1864348575,-7.646800522499999,1
chr29,24hrs,LOC103231293,-24.557636158,5.9689501575,-6.8952160245,-1
chr29,24hrs,TM2D3,-24.23034067885,5.69537929805,-6.8901071616,1
chr29,24hrs,TARSL2,-23.7692320894,5.5469621249,-7.198045812,1
chr29,24hrs,LOC103231301,-23.6090821684,5.530297526,-7.1303185023,1
chr29,24hrs,LOC103231300,-23.475102214,5.5302082100000005,-7.0691921205,1
chr29,24hrs,LOC103231299,-23.3645593012,5.530134518,-7.0187585439,1
chr29,24hrs,LOC103231298,-23.2676069924,5.530069886,-6.9745254803,1
chr29,24hrs,LOC103231296,-22.917626438400003,5.529836576,-6.8148520048,1
chr29,24hrs,LOC103231295,-22.866126149600003,5.529802244,-6.7913557562,1
chr29,24hrs,LOC103231304,-23.096003292800003,5.5352017664,-6.870020428,1
chr29,24hrs,LOC103231306,-23.3990033188,5.5422190544,-6.9742066255,1
chr29,24hrs,LOC103231307,-23.7244957756,5.5497572528,-7.0861268185,1
chr29,24hrs,LOC103231308,-23.8002160363,5.5382705701,-7.0984277386,1
chr29,24hrs,LOC103231309,-23.7041812336,5.5013657872,-7.0294288192,1
chr29,24hrs,LOC103231310,-23.6361822381,5.4752347587,-6.9805730182,1
chr29,24hrs,LOC103231311,-23.428429913,5.395398551,-6.831307486,1
chr29,24hrs,LOC103231312,-23.2993648548,5.3458007196,-6.7385770456000005,1
chr29,24hrs,LOC103231314,-23.2311682099,5.3195937373,-6.6895792378,1
chr29,24hrs,LOC103231315,-23.1080478375,5.2722803625,-6.601119925,1
chr29,24hrs,LOC103231316,-23.1651951416,5.2625020296,-6.579508238,1
chr29,24hrs,LOC103231317,-23.4391297732,5.2695342492,-6.582350301,1
chr29,24hrs,LOC103231318,-23.5295736196,5.2718560476,-6.583288653,1
chr29,24hrs,LOC103231319,-23.6664047904,5.2753686624,-6.584708271999999,1
chr29,24hrs,LOC103231320,-23.9220306424,5.2819308744,-6.587360382,1
chr29,24hrs,LOC103231321,-24.1448515914,5.3015875348,-6.609911677,1
chr29,24hrs,LOC103231332,-24.0203873718,5.3809989676,-6.728586499,1
chr29,24hrs,LOC103231330,-24.1083903442,6.020448495,-7.3763025678,1
chr29,24hrs,LOC103231518,-23.8975256958,5.4593879356,-6.845733319,1
chr29,24hrs,LOC103231329,-23.8014875472,5.5206627904,-6.937304296,1
chr29,24hrs,LOC103231328,-23.6124382768,5.6412811776,-7.117560024,1
chr29,24hrs,LOC103231327,-24.1255833434,5.801343115,-7.140993280599999,1
chr29,24hrs,LOC103231325,-23.6423426937,5.8179373046,-7.2949205021,1
chr29,24hrs,LOC103231324,-23.7113552498,5.8940612684,-7.3554971834,1
chr29,24hrs,LOC103231323,-23.8065651123,5.9990820434000005,-7.4390688959,1
chr29,24hrs,LOC103231322,-23.9457800003,6.1526423474000005,-7.5612665999,1
chr29,24hrs,TTC5,-23.9938111214,6.5513919878,-7.743314530199999,1
chr29,24hrs,CCNB1IP1,-23.9101556945,6.7732541765,-7.7969757885,1
chr29,24hrs,PARP2,-23.8096604696,7.0397771192,-7.8614390328,1
chr29,24hrs,LOC103231335,-23.8008639844,7.0631062388,-7.8670815892,1
chr29,24hrs,TEP1,-23.3764772922,6.7376871533,-8.1939982196,1
chr29,24hrs,KLHL33,-23.3271155929,7.1010654444,-8.2168990047,1
chr29,24hrs,OSGEP,-23.2137140993,7.0593772748,-8.3025489399,1
chr29,24hrs,LOC103231340,-23.1943565061,7.0522611196,-8.317169352299999,1
chr29,24hrs,LOC103231342,-23.1658942822,7.041797959199999,-8.3386663146,1
chr29,24hrs,LOC103231343,-23.1236968169,7.0262855084,-8.370537236699999,1
chr29,24hrs,LOC103231344,-23.096427665,7.01626094,-8.391133094999999,1
chr29,24hrs,PNP,-23.17019741,6.8260043,-7.773069899999999,1
chr29,24hrs,RNASE10,-22.862263524000003,6.7839409416,-8.1896789108,1
chr29,24hrs,RNASE9,-22.683294789,6.5048253426,-7.772985761299999,1
chr29,24hrs,RNASE11,-22.6125719667,6.2027147251,-7.415691296899999,1
chr29,24hrs,RNASE12,-22.6125719667,6.2027147251,-7.415691296899999,1
chr29,24hrs,TRNAP-AGG,-22.612627845,6.203647285,-7.416670415,1
chr29,24hrs,TRNAL-AAG,-22.6123199199,6.1985082847,-7.4112748493,1
chr29,24hrs,TRNAP-AGG-2,-22.6109102808,6.1749826424,-7.3865746856,1
chr29,24hrs,TRNAT-UGU,-22.6107537423,6.1723701519,-7.3838317661,1
chr29,24hrs,TRNAL-UAG,-22.6051278675,6.0784792275,-7.2852533225,1
chr29,24hrs,TRNAT-UGU-2,-22.6027984161,6.0396027233,-7.2444359027,1
chr29,24hrs,TRNAP-UGG,-22.6020696204,6.0274397612,-7.2316657028,1
chr29,24hrs,LOC103231353,-22.5980134899,5.9597464947,-7.1605928393,1
chr29,24hrs,TRNAY-GUA,-22.5911737482,5.8455971946,-7.040744617400001,1
chr29,24hrs,TRNAY-GUA-2,-22.5898386135,5.8233149655,-7.0173499445,1
chr29,24hrs,TRNAY-GUA-3,-22.5888502413,5.8068198989,-7.0000313591,1
chr29,24hrs,TRNAY-GUA-4,-22.587569796,5.785450388,-6.977594972,1
chr29,24hrs,LOC103231354,-22.6497757496,5.7535599672,-7.0097322176,1
chr29,24hrs,TRNAT-UGU-3,-22.6796048519,5.7538621683,-7.0405593164,1
chr29,24hrs,TRNAY-GUA-5,-22.6906688126,5.7539742582,-7.0519934456,1
chr29,24hrs,TRNAP-UGG-2,-22.695567677,5.754023889,-7.057056212,1
chr29,24hrs,ANG,-22.7719359911,5.7547975827,-7.1359795916,1
chr29,24hrs,RNASE4,-22.8160742058,5.7552447506,-7.1815945448,1
chr29,24hrs,EDDM3A,-22.9569165573,5.7566716361,-7.3271490788,1
chr29,24hrs,EDDM3B,-23.110379712,5.758226384,-7.485746671999999,1
chr29,24hrs,RNASE6,-23.1907266236,5.7590403852000005,-7.568781761599999,1
chr29,24hrs,RNASE1,-23.3996390032,5.8389101992,-7.6662882344,1
chr29,24hrs,LOC103231362,-23.6872435834,6.0249870979,-7.6846113903,1
chr29,24hrs,LOC103231364,-23.60322919615,6.782385978100001,-7.76995590065,1
chr29,24hrs,RNASE2,-24.0594455623,6.4094120101,-7.724370183,1
chr29,24hrs,METTL17,-23.8416245102,6.9206810474000005,-7.783362542,1
chr29,24hrs,LOC103231368,-23.8260774426,6.9571730862,-7.787573146000001,1
chr29,24hrs,SLC39A2,-23.8225978249,6.9653404363,-7.788515529,1
chr29,24hrs,NDRG2,-23.7334585394,7.1745679478,-7.812657074,1
chr29,24hrs,TPPP2,-23.691003531,7.223652703,-7.827682557,1
chr29,24hrs,RNASE13,-23.592495819,7.328498847,-7.863176893,1
chr29,24hrs,RNASE7,-23.6102098077,7.3096450601,-7.8567941819,1
chr29,24hrs,RNASE8,-23.5120032402,7.4141706826,-7.8921800094,1
chr29,24hrs,ARHGEF40,-23.3072852091,7.632061198300001,-7.9659440877,1
chr29,24hrs,ZNF219,-23.2075863033,7.7381751829,-8.0018676351,1
chr29,24hrs,TMEM253,-23.2088912628,7.7367862564,-8.001397431600001,1
chr29,24hrs,LOC103231380,-22.831729274,7.7595469984,-8.0583296384,1
chr29,24hrs,HNRNPC,-22.81112991855,6.9573892366,-8.03842053645,1
chr29,24hrs,RPGRIP1,-22.6737551866,7.4141072014,-8.1694588576,1
chr29,24hrs,SUPT16H,-22.8488636608,7.0295093152,-8.1435672448,1
chr29,24hrs,CHD8,-23.3121380206,7.12370414285,-7.817102408899999,1
chr29,24hrs,RAB2B,-23.2991733328,7.4515300066,-7.9815116494,1
chr29,24hrs,TOX4,-23.4416851736,7.4621472267,-7.8724587453,1
chr29,24hrs,METTL3,-23.5490021288,7.4701424061,-7.7903376699,1
chr29,24hrs,SALL2,-23.6085718243,7.293093940149999,-7.4336704729,1
chr29,24hrs,LOC103231392,-23.8855239466,7.3488330314,-7.2819158453,1
chr29,24hrs,LOC103231393,-23.9596887128,7.300843311199999,-7.1334341324,1
chr29,24hrs,LOC103231437,-24.106772829,7.205669741,-6.8389640945,1
chr29,24hrs,LOC103231435,-24.0959807652,7.2126529508,-6.8605703666,1
chr29,24hrs,LOC103231434,-24.1207964932,7.1965954628,-6.8108879906,1
chr29,24hrs,LOC103231433,-24.2476533056,6.8698848506,-7.042935155,1
chr29,24hrs,LOC103231432,-24.2612959744,6.8283423044,-7.08061947,1
chr29,24hrs,LOC103231431,-24.2703284768,6.8008379243,-7.1055694025000005,1
chr29,24hrs,LOC103231430,-24.3132608,6.67010705,-7.22415875,1
chr29,24hrs,LOC103231429,-24.3015297216,6.7058287166,-7.191754705,1
chr29,24hrs,LOC103231522,-24.367876649600003,6.5037993071,-7.375020792500001,1
chr29,24hrs,LOC103231427,-24.3463818336,6.4574399216,-7.422387184000001,1
chr29,24hrs,LOC103231426,-23.988075823200003,6.4662472292,-7.465819508,1
chr29,24hrs,LOC103231425,-23.6476941864,6.4746139484,-7.507079116,1
chr29,24hrs,LOC103231424,-23.3897566032,6.4809541592,-7.538345208,1
chr29,24hrs,LOC103231422,-23.3370645172,6.3307656973,-7.472723345599999,1
chr29,24hrs,LOC103231523,-23.2804307536,6.107665272399999,-7.3728739328,1
chr29,24hrs,LOC103231421,-23.2465830212,5.9743270833,-7.3131979376,1
chr29,24hrs,LOC103231420,-23.21072063765,5.2798804272,-7.0915975397,1
chr29,24hrs,LOC103231419,-23.212025133616667,5.289404406933333,-7.0951529111,1
chr29,24hrs,LOC103231394,-22.578689851357144,5.895278076314286,-7.536024277628571,1
chr29,24hrs,LOC103231418,-23.3608933888,5.578627315199999,-7.0407959224,1
chr29,24hrs,LOC103231417,-23.7866741568,5.6106139872,-6.8697626364,1
chr29,24hrs,LOC103231416,-23.8624194992,5.6163043368,-6.8393362391,1
chr29,24hrs,LOC103231415,-23.9413941264,5.622237285600001,-6.8076126597,1
chr29,24hrs,LOC103231414,-24.0014086096,5.6267458584000005,-6.7835052433,1
chr29,24hrs,LOC103231413,-24.0173314076,5.7791214292,-6.885937898,1
chr29,24hrs,LOC103231411,-24.0323281933,6.0161349111,-7.0497204715,1
chr29,24hrs,LOC103231410,-24.0442588208,6.2046899536,-7.180016984,1
chr29,24hrs,LOC103231409,-24.0508992016,6.3096364272,-7.252537768,1
chr29,24hrs,LOC103231408,-24.0538163903,6.3557405101,-7.2843969065,1
chr29,24hrs,LOC103231407,-24.0516173752,6.4479720712,-7.3443513272,1
chr29,24hrs,LOC103231406,-24.0006554664,6.4154815384,-7.2988915304,1
chr29,24hrs,LOC103231405,-23.7755749128,6.2719824568,-7.0981118408,1
chr29,24hrs,LOC103231404,-23.7038593512,6.2262605272,-7.0341390632000005,1
chr29,24hrs,LOC103231403,-23.5404370432,6.1220713792,-6.8883606752,1
chr29,24hrs,LOC103231402,-23.464284644,6.073520764,-6.820430084,1
chr29,24hrs,LOC103231400,-23.41967669525,6.188044126,-7.56614680975,1
chr29,24hrs,LOC103231399,-23.2608460484,6.0557647648,-7.2540384108,1
chr29,24hrs,LOC103231398,-23.2401988494,6.074270636800001,-7.4096275978,1
chr29,24hrs,LOC103231397,-23.2221792508,6.0904214176,-7.5454162196,1
chr29,24hrs,LOC103231396,-23.2443905752,5.4684715132,-6.9636487415,1
chr29,24hrs,LOC103231438,-23.0017734938,5.404071291,-7.2056823776,1
chr29,24hrs,DAD1,-22.7823219218,5.580214751,-7.3444426336,1
chr29,24hrs,ABHD4,-22.6177985126,5.712269957,-7.4484715552,1
chr29,24hrs,LOC103231524,-22.955316749,5.987629355999999,-7.494541775,1
chr29,24hrs,LOC103231525,-22.6124395991,6.3358530842,-7.7460263551,1
chr29,24hrs,LOC103231443,-22.757641343,7.052199726,-7.971407498,1
chr29,24hrs,SLC7A7,-22.8150012368,7.4628043776,-8.0557475648,1
chr29,24hrs,MRPL52,-22.834313224,7.601047168,-8.084143264,1
chr29,24hrs,MMP14,-22.815298104,7.5271418048,-8.165244060000001,1
chr29,24hrs,LOC103231445,-22.775988823,7.3661490476,-8.3185070325,1
chr29,24hrs,LRP10,-22.764904696,7.3207535552,-8.36172294,1
chr29,24hrs,REM2,-22.746013716,7.2433847792,-8.43537699,1
chr29,24hrs,RBM23,-22.693032211,7.0263968732,-8.6419466025,1
chr29,24hrs,PRMT5,-22.675599798,6.9550017176,-8.709913844999999,1
chr29,24hrs,TRNAR-ACG,-22.675283857,6.9537077684,-8.7111456675,1
chr29,24hrs,HAUS4,-22.4694401344,6.8073656832000005,-8.6289502608,1
chr29,24hrs,AJUBA,-22.205850298,6.634835994,-8.504817111,1
chr29,24hrs,LOC103231455,-22.0964506864,6.5632297392,-8.4532972248,-1
chr29,24hrs,C29H14orf93,-21.9522050758,6.4688154374,-8.3853672081,-1
chr29,24hrs,LOC103231527,-21.9402237196,6.4609731788,-8.379724792200001,-1
chr29,24hrs,PSMB5,-22.08283433725,7.1847616868,-8.4763928856,-1
chr29,24hrs,PSMB11,-21.7539093681,6.4979064326,-8.2994197693,-1
chr29,24hrs,CDH24,-21.717568031600003,6.6519974536,-8.2906310348,-1
chr29,24hrs,ACIN1,-21.6259948023,7.0402774058,-8.2684851019,-1
chr29,24hrs,C29H14orf119,-21.6185555461,7.0718206206,-8.2666860033,-1
chr29,24hrs,CEBPE,-21.5667731685,7.291383251,-8.254163030499999,-1
chr29,24hrs,SLC7A8,-22.1304559543,6.435464061299999,-8.0512933869,-1
chr29,24hrs,C29H14orf164,-22.0194600132,6.126361706,-7.719410680799999,1
chr29,24hrs,HOMEZ,-21.9312540404,5.984941282,-7.6073074776,1
chr29,24hrs,PPP1R3E,-21.890680536,5.91988988,-7.555741584,1
chr29,24hrs,LOC103231470,-21.8169654176,5.801702608,-7.4620551744,1
chr29,24hrs,PABPN1,-21.7906030728,5.759435924,-7.4285506032,1
chr29,24hrs,SLC22A17,-21.9515447178,5.6412885175000005,-7.5527765519,1
chr29,24hrs,EFS,-22.043174967,5.5858452625,-7.6260273785,1
chr29,24hrs,IL25,-22.1150865204,5.5423333150000005,-7.6835147342,1
chr29,24hrs,CMTM5,-22.1369311272,5.52911567,-7.7009776956,1
chr29,24hrs,LOC103231475,-22.1317243878,5.5322661425,-7.6968153369,1
chr29,24hrs,MYH6,-22.3445455044,5.403493215,-7.8669482662,1
chr29,24hrs,MYH7,-21.7914356475,5.8372891812,-7.48928359535,1
chr29,24hrs,LOC103231479,-22.3880116716,5.377192885,-7.9016958818,1
chr29,24hrs,NGDN,-22.1480916048,5.6143764154,-7.7697747476,1
chr29,24hrs,THTPA,-22.3402752015,5.261882134,-7.349251478,1
chr29,24hrs,LOC103231486,-22.36491445795,5.2727291502,-7.4608081134,1
chr29,24hrs,ZFHX2,-22.34471083755,5.2638348478,-7.3693342526,1
chr29,24hrs,AP1G2,-21.9837303155,5.6499799131,-7.344395809,1
chr29,24hrs,JPH4,-22.032273767,5.5779936534,-7.288520625999999,1
chr29,24hrs,LOC103231487,-22.0295636925,5.5820124885,-7.291640015,1
chr29,24hrs,DHRS2,-22.5006467369,5.1938493259,-7.001407106299999,1
chr29,24hrs,LOC103231490,-22.6118007923,5.4529140199,-7.1418359216,1
chr29,24hrs,LOC103231070,12.405844527,-17.1606486915,22.1049457539,-1
chr29,24hrs,LOC103231493,12.0078257167,-17.201344658700002,22.8063051285,-1
chr29,24hrs,LOC103231072,12.1560741801,-17.3306383866,23.0806195116,-1
chr29,24hrs,LOC103231071,11.9012475568,-17.970445175200002,22.9021616688,0
chr29,24hrs,LOC103231073,11.3981820632,-18.2578868092,22.9406499674,0
chr29,24hrs,LOC103231494,11.2022408612,-18.2786116722,22.9143803659,0
chr29,24hrs,LOC103231075,10.6856740772,-18.3332493682,22.8451248779,-1
chr29,24hrs,ADAMTSL3,11.64686872112,-18.42625260256,21.68748738152,-1
chr29,24hrs,SH3GL3,10.133032541,-18.22997083605,21.8935432384,-1
chr29,24hrs,LOC103231079,10.5051384767,-18.2235560486,21.5903282042,-1
chr29,24hrs,BNC1,10.3172773376,-18.2866587808,21.7910364576,-1
chr29,24hrs,LOC103231081,11.1703377106,-18.2075907231,21.983400357,-1
chr29,24hrs,TM6SF1,11.209415362,-18.017687536,21.722294438,-1
chr29,24hrs,BTBD1,11.730812263,-18.5242931106,22.2569504946,0
chr29,24hrs,LOC103231084,11.9010756032,-18.3799223008,22.1807004,0
chr29,24hrs,C29H15orf40,11.9512522048,-18.4692284637,22.2649881,-1
chr29,24hrs,FAM103A1,12.0087495872,-18.5715644218,22.3615734,-1
chr29,24hrs,HOMER2,11.5979634758,-18.3386290198,22.66356482866667,0
chr29,24hrs,WHAMM,11.9381337444,-18.0373178668,22.9636543188,-1
chr29,24hrs,FSD2,11.5407451308,-18.4227283076,22.9743870716,0
chr29,24hrs,LOC103231090,11.3525144037,-18.044486116,22.9479918079,0
chr29,24hrs,LOC103231089,11.3080911156,-18.059779408,22.9476316252,0
chr29,24hrs,AP3B2,10.53997215,-18.3482204805,22.942751265,-1
chr29,24hrs,LOC103231096,10.5317994716,-18.3738493689,22.8822573225,-1
chr29,24hrs,CPEB1,11.28316585,-18.2435895212,22.4925795412,0
chr29,24hrs,RPS17,11.1853506116,-18.634996863,22.214839316600003,-1
chr29,24hrs,LOC103231100,11.2305720818,-18.6078071115,22.2083602343,-1
chr29,24hrs,LOC103231496,11.321236019,-18.5532947325,22.1953704065,0
chr29,24hrs,LOC103231099,11.5154185406,-18.4365410205,22.1675490081,0
chr29,24hrs,PDE8A,11.51292359245,-18.669330326100003,23.4488214547,-1
chr29,24hrs,LOC103231101,12.0077490051,-18.252084234700003,22.2723037316,-1
chr29,24hrs,SLC28A1,10.6986398713,-18.8361133814,23.42783131245,-1
chr29,24hrs,ALPK3,11.3697847656,-18.732946225600003,23.436651108,-1
chr29,24hrs,ZNF592,10.87126192025,-18.39901598025,23.86447629425,1
chr29,24hrs,SEC11A,11.221690616,-18.091847882,24.065085125,1
chr29,24hrs,NMB,11.2548986767,-18.0419193792,24.1116540521,1
chr29,24hrs,WDR73,11.34253874,-18.07151424,24.05408462,1
chr29,24hrs,ZSCAN2,11.7179244474,-18.1982769024,23.8074994262,1
chr29,24hrs,LOC103231115,11.4690589948,-17.5545628689,23.9078706672,1
chr29,24hrs,LOC103231114,11.4187434808,-17.5904431794,23.9450027712,1
chr29,24hrs,AKAP13,10.5462953444,-17.46413066385,23.25147195225,1
chr29,24hrs,LOC103231118,10.2822602506,-18.4290969834,23.1223846078,-1
chr29,24hrs,KLHL25,10.7357685143,-17.4112016422,23.0120285932,-1
chr29,24hrs,AGBL1,11.815319018744445,-16.427936519566664,21.4526477389,-1
chr29,24hrs,LOC103231123,11.2994940715,-17.1790686395,21.425292919,-1
chr29,24hrs,LOC103231122,11.2085695147,-17.2144428091,21.420268330200003,-1
chr29,24hrs,LOC103231125,11.731756326833334,-16.381225497166664,22.37740196233333,-1
chr29,24hrs,NTRK3,12.07347746632,-16.612081993,23.17725993972,1
chr29,24hrs,LOC103231126,12.287867978,-16.549313476400002,22.6371930124,-1
chr29,24hrs,LOC103231128,11.6380353424,-16.581791396699998,23.1972460839,1
chr29,24hrs,MRPL46,10.6461825964,-16.4839730953,23.1752038224,1
chr29,24hrs,MRPS11,10.5388161864,-16.4852520878,23.2257342624,1
chr29,24hrs,DET1,10.5360024999,-16.975987418,23.4134569821,1
chr29,24hrs,LOC103231131,9.9857996696,-16.5258551928,23.4989245512,1
chr29,24hrs,LOC103231133,10.055125307,-16.992017451000002,23.643688029,1
chr29,24hrs,LOC103231136,10.0572702869,-17.0064408117,23.6481671043,1
chr29,24hrs,AEN,10.0825369922,-17.1763402146,23.7009281934,1
chr29,24hrs,ISG20,10.115549066,-17.398321338,23.769862902,1
chr29,24hrs,LOC103231139,10.2191663854,-17.3680935016,23.106809305,1
chr29,24hrs,ACAN,10.69443475255,-16.8272435858,23.1809006111,1
chr29,24hrs,LOC103231141,10.9896806408,-16.653410144,23.4286762148,1
chr29,24hrs,LOC103231140,10.93416302,-16.7273936,23.43346487,1
chr29,24hrs,LOC103231147,11.0726063504,-17.2981448427,23.4123695433,1
chr29,24hrs,ABHD2,10.21381752065,-17.39525971405,23.399179242,1
chr29,24hrs,RLBP1,10.1105868113,-17.4469579792,23.6504878457,1
chr29,24hrs,FANCI,10.76448311675,-17.65341037875,23.765694666,1
chr29,24hrs,POLG,10.5861488618,-17.6579144311,23.6776781179,1
chr29,24hrs,TRNAR-UCG,10.5984652682,-17.6610952039,23.6805068971,1
chr29,24hrs,LOC103231153,10.9026630716,-16.7498390662,23.8297227961,1
chr29,24hrs,RHCG,11.2070736223,-16.5470928171,23.6265211137,1
chr29,24hrs,LOC103231151,11.207649477,-16.546790729,23.626117163,1
chr29,24hrs,TICRR,11.6803120448,-17.0561647112,23.4246155956,1
chr29,24hrs,KIF7,11.69298452,-17.279159255,23.4551643775,1
chr29,24hrs,PLIN1,11.5990929242,-17.2904720888,23.6302514356,1
chr29,24hrs,WDR93,11.3044286305,-17.132398702,24.133022349,1
chr29,24hrs,PEX11A,11.5528436984,-17.2656615776,23.7091641712,1
chr29,24hrs,MESP1,11.2632173191,-17.1102907924,24.2033391438,1
chr29,24hrs,MESP2,11.2745475016,-17.0711852752,24.1502804352,1
chr29,24hrs,ANPEP,11.4319847766,-17.0480528252,23.8013442352,1
chr29,24hrs,LOC103231500,11.435939683,-17.047471726,23.792578776,1
chr29,24hrs,LOC103231163,11.52702242565,-17.094968771599998,22.7673344504,-1
chr29,24hrs,ZNF710,11.6768024772,-17.8818685298,22.8111323354,0
chr29,24hrs,IDH2,11.3512835656,-18.0588359472,22.7469768368,0
chr29,24hrs,SEMA4B,11.4667830058,-17.7989043882,23.675786565,1
chr29,24hrs,CIB1,11.4527099187,-17.7712374723,23.7127890975,1
chr29,24hrs,GDPGP1,11.4269959723,-17.720685266700002,23.7803990775,1
chr29,24hrs,LOC103231171,11.1722913587,-18.3513452506,23.6340028512,1
chr29,24hrs,NGRN,11.2802301612,-17.7800226254,23.9153671434,1
chr29,24hrs,LOC103231173,11.1802443676,-17.8942333542,23.9540921682,1
chr29,24hrs,VPS33B,10.9745646164,-18.129175073800003,24.0337530198,1
chr29,24hrs,PRC1,10.7560746832,-18.378749474400003,24.1183753224,1
chr29,24hrs,RCCD1,10.5001948408,-18.083884707,24.0577983312,1
chr29,24hrs,UNC45A,10.403934315,-18.425156014,24.1579890735,1
chr29,24hrs,LOC103231179,10.442097958,-18.4234145848,24.1545900702,1
chr29,24hrs,HDDC3,10.411220192,-18.4248235552,24.1573401648,1
chr29,24hrs,MAN2A2,10.122964585,-18.437976826,24.1830133365,1
chr29,24hrs,LOC103231181,10.252445882,-18.4320685192,24.1714812258,1
chr29,24hrs,FES,9.936282675,-18.44649523,24.1996399575,1
chr29,24hrs,FURIN,9.808884481,-18.4523084836,24.2109865389,-1
chr29,24hrs,LOC103231503,9.775644536,-18.4538252416,24.213947018400003,-1
chr29,24hrs,LOC103231184,10.1583328508,-18.31301812705,23.5885969755,-1
chr29,24hrs,BLM,9.827009008,-18.050719728,24.025418912,1
chr29,24hrs,CRTC3,9.3523622392,-17.8495542848,23.752072726,-1
chr29,24hrs,LOC103231191,9.3872110834,-18.1506658128,23.3952018734,-1
chr29,24hrs,LOC103231194,9.3711749674,-18.3858866628,22.8730519486,-1
chr29,24hrs,LOC103231193,9.48633411325,-18.4276695165,22.98801939175,-1
chr29,24hrs,ZNF774,9.2300759584,-17.9217225774,23.4292069764,-1
chr29,24hrs,LOC103231198,9.3127645312,-18.2333234732,23.0364684552,-1
chr29,24hrs,LOC103231197,9.49025703525,-17.72942405605,22.85668197315,-1
chr29,24hrs,LOC103231196,9.2737595055,-17.681615716,23.4506115495,-1
chr29,24hrs,LOC103231504,9.303579248,-17.636225376,23.398199232,-1
chr29,24hrs,SV2B,9.670526314733332,-17.6081874584,21.725193843866663,-1
chr29,24hrs,LOC103231201,9.9567284305,-17.58252475,21.576905537,-1
chr29,24hrs,LOC103231202,9.5772825702,-17.447385809866667,22.157804399866667,-1
chr29,24hrs,LOC103231203,10.2803695356,-17.455016586699998,22.6672045759,-1
chr29,24hrs,LOC103231204,10.3121067152,-17.5307570564,22.3677441428,-1
chr29,24hrs,SLCO3A1,10.538955396175,-16.36832932,21.734215277625,-1
chr29,24hrs,LOC103231208,10.1998867802,-17.2507201598,21.6727474717,-1
chr29,24hrs,ST8SIA2,9.8149818326,-16.8397775453,22.23075439,-1
chr29,24hrs,C29H15orf32,9.7355299792,-17.148959304399998,22.3259952468,1
chr29,24hrs,LOC103231211,9.6740498035,-16.8946928395,22.2618223755,-1
chr29,24hrs,LOC103231212,9.7019791981,-16.9255097557,22.1875082133,-1
chr29,24hrs,FAM174B,9.5856002785,-16.4624403885,22.3918882095,-1
chr29,24hrs,LOC103231214,9.63112648,-16.36552937,22.224462975,-1
chr29,24hrs,LOC103231216,9.6659151004,-17.2449880624,21.9983934396,-1
chr29,24hrs,LOC103231220,9.4182100649,-17.2163132846,22.4532226305,-1
chr29,24hrs,CHD2,10.0051762516,-17.1979055416,22.638293471,1
chr29,24hrs,RGMA,10.3829107745,-17.41943551525,22.685090819,-1
chr29,24hrs,LOC103231224,10.3728459176,-17.1223598064,23.0374615154,1
chr29,24hrs,MCTP2,10.26529091475,-16.379313721125,21.5107393596,-1
chr29,24hrs,LOC103231230,10.0151549397,-15.9131040348,21.438135372,-1
chr29,24hrs,LOC103231231,11.0702582788,-15.5443845698,21.2249738312,-1
chr29,24hrs,LOC103231238,10.9949330826,-15.38512408795,21.1106432062,-1
chr29,24hrs,LOC103231237,10.3282546005,-15.5763016685,21.030506447,-1
chr29,24hrs,LOC103231236,10.294052014,-16.102868836600003,20.7466958728,-1
chr29,24hrs,LOC103231235,9.649660804,-16.181422003,21.0997326,-1
chr29,24hrs,LOC103231234,9.6489437844,-16.1819308783,21.10011886,-1
chr29,24hrs,LOC103231233,9.7070868232,-16.1406662374,21.06879708,-1
chr29,24hrs,LOC103231232,9.7284443396,-16.1255086147,21.05729174,-1
chr29,24hrs,LOC103231239,10.0464742877,-15.875060908,21.419245078,-1
chr29,24hrs,LOC103231241,10.4957442333,-15.5479843603,21.354534586,-1
chr29,24hrs,LOC103231240,10.463683464,-15.574885624,21.28240288,-1
chr29,24hrs,LOC103231242,9.1017977072,-16.0319364036,21.2018997548,-1
chr29,24hrs,LOC103231243,9.3716003168,-16.307095526399998,20.9411002304,-1
chr29,24hrs,LOC103231244,9.4611090639,-17.1550762082,21.2831754506,-1
chr29,24hrs,NR2F2,8.988901476799999,-16.7789482188,21.9347338244,-1
chr29,24hrs,LOC103231247,8.739558678,-16.6566685918,22.2679666143,-1
chr29,24hrs,LOC103231246,8.670644182,-16.417555574199998,22.3329208767,-1
chr29,24hrs,LOC103231249,8.685187999,-16.8862948403,22.7348611848,-1
chr29,24hrs,SPATA8,9.1317084815,-16.0060885109,22.8091985775,-1
chr29,24hrs,LOC103231252,8.8547109652,-16.4434740968,22.161098168,-1
chr29,24hrs,LOC103231253,9.0380911998,-15.4666723023,21.9690406484,-1
chr29,24hrs,ARRDC4,9.7934232292,-15.4752747874,22.4489666046,-1
chr29,24hrs,LOC103231256,9.439553204,-15.6183736904,22.1950850248,-1
chr29,24hrs,FAM169B,10.0549731242,-14.943118822,22.2568441406,-1
chr29,24hrs,IGF1R,9.629348922599998,-15.5067955067,23.1743911558,1
chr29,24hrs,PGPEP1L,9.5931384252,-15.551048849,23.3305483055,1
chr29,24hrs,LOC103231262,9.7139107956,-15.601890344,23.4240089728,1
chr29,24hrs,LOC103231261,9.8226668418,-15.909712732,23.5090419584,1
chr29,24hrs,SYNM,9.5486442355,-16.0523424943,23.00844163815,1
chr29,24hrs,TTC23,9.52315507125,-15.7055225505,23.1897765345,1
chr29,24hrs,LRRC28,9.4079249867,-16.4212851582,23.29328727845,-1
chr29,24hrs,LOC103231268,9.3626470935,-15.664682652,22.9409301555,1
chr29,24hrs,MEF2A,10.0776780775,-16.5429328975,23.073189120833334,1
chr29,24hrs,LYSMD4,10.048972727,-17.1587165834,22.861470392,1
chr29,24hrs,LOC103231510,10.0327970875,-16.7089058925,23.1047179,1
chr29,24hrs,LOC103231275,9.9539670464,-15.7087028276,23.0738547572,1
chr29,24hrs,ADAMTS17,11.3583194878,-14.9642340718,22.5216344412,1
chr29,24hrs,CERS3,10.822159300666666,-15.138697548666666,22.50698672933333,1
chr29,24hrs,LOC103231278,11.37498092,-15.5636334571,22.2410422615,1
chr29,24hrs,LINS,11.14766524,-15.4130431687,22.3374133155,1
chr29,24hrs,ASB7,11.0689123432,-15.8592650012,22.656118018,1
chr29,24hrs,LOC103231279,10.846701948,-15.409894229,22.577344485,1
chr29,24hrs,LOC103231282,10.5927591111,-15.7683432975,22.946037141,1
chr29,24hrs,LOC103231286,10.1643011025,-15.3210677702,23.0477984037,1
chr29,24hrs,ALDH1A3,10.024503,-15.475270640000002,23.36485284,1
chr29,24hrs,LRRK1,9.705488552,-15.963625964000002,23.036124036,1
chr29,24hrs,LOC103231283,9.6596348904,-15.44809417,22.5873074568,-1
chr29,24hrs,CHSY1,10.0762387438,-16.06183787275,23.7087228942,1
chr29,24hrs,VIMP,10.332533824,-16.3985483872,23.7827776704,1
chr29,24hrs,SNRPA1,10.390761744,-16.2773134632,23.8888425024,1
chr29,24hrs,PCSK6,11.211560366666667,-16.119776958333333,23.4846171875,1
chr29,24hrs,LOC103231291,10.5359236525,-15.5249041825,23.6381909425,1
chr29,24hrs,LOC103231293,11.0854173715,-15.768213313,23.434692493,1
chr29,24hrs,TM2D3,10.94667806855,-15.5807737759,23.09171405085,1
chr29,24hrs,TARSL2,10.5339779792,-15.1802608726,22.768763877,1
chr29,24hrs,LOC103231301,10.6931224598,-15.1737987514,22.7779046934,1
chr29,24hrs,LOC103231300,10.839544133,-15.167496019,22.799855589,1
chr29,24hrs,LOC103231299,10.9603523414,-15.1622958202,22.8179666262,1
chr29,24hrs,LOC103231298,11.0663078878,-15.1577349554,22.8338510174,1
chr29,24hrs,LOC103231296,11.4487885248,-15.1412710464,22.8911908384,1
chr29,24hrs,LOC103231295,11.5050712612,-15.1388483516,22.8996284996,1
chr29,24hrs,LOC103231304,11.2702246608,-15.0841623288,22.9235780768,1
chr29,24hrs,LOC103231306,10.9603628718,-15.0133269123,22.9539738828,1
chr29,24hrs,LOC103231307,10.6274992866,-14.9372332101,22.9866260436,1
chr29,24hrs,LOC103231308,10.5477267762,-14.9032065452,22.9653862278,1
chr29,24hrs,LOC103231309,10.6398137664,-14.8828977344,22.880222121600003,1
chr29,24hrs,LOC103231310,10.7050174494,-14.8685177524,22.8199202986,1
chr29,24hrs,LOC103231311,10.904229462,-14.824583652,22.635684578,1
chr29,24hrs,LOC103231312,11.0279888952,-14.7972898192,22.5212290888,1
chr29,24hrs,LOC103231314,11.0933821026,-14.7828680396,22.4607519894,1
chr29,24hrs,LOC103231315,11.211441225,-14.75683135,22.351568275,1
chr29,24hrs,LOC103231316,11.2953821296,-14.8102332628,22.337582326,1
chr29,24hrs,LOC103231317,11.4621231992,-14.9960438206,22.380364177,1
chr29,24hrs,LOC103231318,11.5171753976,-15.0573921118,22.394489281,1
chr29,24hrs,LOC103231319,11.6004630624,-15.1502050432,22.415858944,1
chr29,24hrs,LOC103231320,11.7560597744,-15.3235967092,22.455781414,1
chr29,24hrs,LOC103231321,11.8997144596,-15.4753159938,22.5237427698,1
chr29,24hrs,LOC103231332,11.8715268652,-15.3943251006,22.7008674126,1
chr29,24hrs,LOC103231330,11.11287629015,-15.09536411125,22.9485501277,1
chr29,24hrs,LOC103231518,11.8437022012,-15.3143770086,22.8757114806,1
chr29,24hrs,LOC103231329,11.8219523008,-15.2518834224,23.0123830704,1
chr29,24hrs,LOC103231328,11.7791380352,-15.1288659856,23.2814184976,1
chr29,24hrs,LOC103231327,11.34973587155,-15.21314131625,22.8124983729,1
chr29,24hrs,LOC103231325,11.5668238145,-15.0480859926,23.3437983275,1
chr29,24hrs,LOC103231324,11.447963133,-15.0314600204,23.310003935,1
chr29,24hrs,LOC103231323,11.2839826955,-15.0085227954,23.2633811225,1
chr29,24hrs,LOC103231322,11.0442121755,-14.9749842194,23.1952097225,1
chr29,24hrs,TTC5,10.819344971,-15.131649545999998,23.2728889674,1
chr29,24hrs,CCNB1IP1,10.8342855425,-15.304649355,23.4057952995,1
chr29,24hrs,PARP2,10.852233644,-15.512473944,23.5654556136,1
chr29,24hrs,LOC103231335,10.853804666,-15.530665116,23.5794309004,1
chr29,24hrs,TEP1,10.2648446063,-15.5171163564,23.9021444009,1
chr29,24hrs,KLHL33,10.3801663402,-15.7619804926,24.0368878282,1
chr29,24hrs,OSGEP,10.2435285434,-15.7861642542,24.1340882394,1
chr29,24hrs,LOC103231340,10.2202045218,-15.7902924134,24.1506803138,1
chr29,24hrs,LOC103231342,10.1859103036,-15.7963622068,24.1750762876,1
chr29,24hrs,LOC103231343,10.1350664522,-15.8053611486,24.2112452202,1
chr29,24hrs,LOC103231344,10.10220977,-15.81117651,24.23461857,1
chr29,24hrs,PNP,10.09584182,-16.12636908,23.95412751,1
chr29,24hrs,RNASE10,9.7559838176,-16.0837405736,24.2891687732,1
chr29,24hrs,RNASE9,9.4468659536,-16.4466634946,24.2293582877,1
chr29,24hrs,RNASE11,9.3840682619,-16.2477486748,24.0823830911,1
chr29,24hrs,RNASE12,9.3840682619,-16.2477486748,24.0823830911,1
chr29,24hrs,TRNAP-AGG,9.383903165,-16.249144180000002,24.082945385,1
chr29,24hrs,TRNAL-AAG,9.3848129543,-16.241454055600002,24.0798467867,1
chr29,24hrs,TRNAP-AGG-2,9.3889778456,-16.2062497152,24.0656618264,1
chr29,24hrs,TRNAT-UGU,9.3894403511,-16.2023403212,24.0640866059,1
chr29,24hrs,TRNAL-UAG,9.4060624475,-16.06183967,24.0074743775,1
chr29,24hrs,TRNAT-UGU-2,9.4129449977,-16.0036639284,23.9840335013,1
chr29,24hrs,TRNAP-UGG,9.4150982828,-15.9854629776,23.9766997532,1
chr29,24hrs,LOC103231353,9.4270824443,-15.8841651356,23.9358835967,1
chr29,24hrs,TRNAY-GUA,9.4472910074,-15.7133493608,23.8670564306,1
chr29,24hrs,TRNAY-GUA-2,9.4512357695,-15.680005694,23.8536211955,1
chr29,24hrs,TRNAY-GUA-3,9.4541559941,-15.6553220772,23.8436753729,1
chr29,24hrs,TRNAY-GUA-4,9.457939172,-15.623344224,23.830790468,1
chr29,24hrs,LOC103231354,9.5126199992,-15.5210967824,23.7642063928,1
chr29,24hrs,TRNAT-UGU-3,9.5353652663,-15.4961973086,23.7423707467,1
chr29,24hrs,TRNAY-GUA-5,9.5438017502,-15.4869618044,23.7342716518,1
chr29,24hrs,TRNAP-UGG-2,9.547537229,-15.482872538,23.730685561,1
chr29,24hrs,ANG,9.6057695447,-15.4191250334,23.6747820523,1
chr29,24hrs,RNASE4,9.6394257866,-15.3822812052,23.6424717794,1
chr29,24hrs,EDDM3A,9.7468208021,-15.2647147962,23.5393716689,1
chr29,24hrs,EDDM3B,9.863839424,-15.136613328,23.427032816,1
chr29,24hrs,RNASE6,9.9251054972,-15.0695447384,23.3682168748,1
chr29,24hrs,RNASE1,10.1049513728,-15.0595724608,23.3789026368,1
chr29,24hrs,LOC103231362,10.3726559036,-15.2068092596,23.5537957216,1
chr29,24hrs,LOC103231364,9.9594231107,-15.72436291285,23.77786460145,1
chr29,24hrs,RNASE2,10.6598310806,-15.4965291227,23.8288132651,1
chr29,24hrs,METTL17,10.1879037644,-15.8353971798,23.9174289174,1
chr29,24hrs,LOC103231368,10.1542197572,-15.859584027400002,23.9237538962,1
chr29,24hrs,SLC39A2,10.1466808778,-15.8649973301,23.9251695013,1
chr29,24hrs,NDRG2,9.9535532468,-16.0036728906,23.9614338378,1
chr29,24hrs,TPPP2,9.957499553,-16.067744106000003,23.977462146,1
chr29,24hrs,RNASE13,9.983814497,-16.216053994000003,24.014429954,1
chr29,24hrs,RNASE7,9.9790824551,-16.189384410200002,24.0077822782,1
chr29,24hrs,RNASE8,10.0053169526,-16.3372409052,24.0446370732,1
chr29,24hrs,ARHGEF40,10.0600044833,-16.6454574666,24.1214633106,1
chr29,24hrs,ZNF219,10.0866376379,-16.795560775800002,24.1588781478,1
chr29,24hrs,TMEM253,10.0862890364,-16.7935960728,24.1583884248,1
chr29,24hrs,LOC103231380,9.8996375872,-16.8814148696,24.0994579952,1
chr29,24hrs,HNRNPC,9.83667585545,-16.22568364005,24.35955645405,1
chr29,24hrs,RPGRIP1,10.0897352547,-16.2476335444,24.2504858977,1
chr29,24hrs,SUPT16H,10.2029337248,-15.9842014112,24.4912913536,1
chr29,24hrs,CHD8,9.5433957478,-15.97823886265,24.3087888474,1
chr29,24hrs,RAB2B,10.0670413232,-16.0626260852,24.40266067,1
chr29,24hrs,TOX4,9.8360892984,-16.0561130174,24.341588165,1
chr29,24hrs,METTL3,9.6621734472,-16.051208424200002,24.295598195,1
chr29,24hrs,SALL2,10.4430018272,-16.2427534643,24.17255410045,1
chr29,24hrs,LOC103231392,9.8244643624,-16.1925179148,24.072731175300003,1
chr29,24hrs,LOC103231393,9.9629838592,-16.2464122384,24.012193772400003,1
chr29,24hrs,LOC103231437,10.237696756,-16.353295862,23.8921355445,1
chr29,24hrs,LOC103231435,10.2175401328,-16.3454534456,23.9009446266,1
chr29,24hrs,LOC103231434,10.2638891248,-16.3634866296,23.880688650600003,1
chr29,24hrs,LOC103231433,10.6427771752,-16.211653693000002,23.7001260558,1
chr29,24hrs,LOC103231432,10.6872420848,-16.188934082,23.6786906092,1
chr29,24hrs,LOC103231431,10.7166812956,-16.1738919415,23.6644986849,1
chr29,24hrs,LOC103231430,10.8566086,-16.10239525,23.59704315,1
chr29,24hrs,LOC103231429,10.8183740472,-16.121931423,23.6154750938,1
chr29,24hrs,LOC103231522,11.0346154732,-16.0114415755,23.5112303853,1
chr29,24hrs,LOC103231427,11.101906584,-15.9774880992,23.4531189224,1
chr29,24hrs,LOC103231426,11.263516058,-15.8990682304,23.1267260738,1
chr29,24hrs,LOC103231425,11.417040966,-15.8245713408,22.8166611326,1
chr29,24hrs,LOC103231424,11.533380508,-15.768118390400002,22.5816972188,1
chr29,24hrs,LOC103231422,11.6144115194,-15.8821499345,22.5170340788,1
chr29,24hrs,LOC103231523,11.7248196872,-16.055835386000002,22.4407488944,1
chr29,24hrs,LOC103231421,11.7908062274,-16.1596402245,22.3951562948,1
chr29,24hrs,LOC103231420,11.24943991975,-15.5357502714,23.51187198925,1
chr29,24hrs,LOC103231419,11.251742535916666,-15.537567184866663,23.50439376441667,1
chr29,24hrs,LOC103231394,11.275148227085715,-15.629659154557144,24.277296649528573,1
chr29,24hrs,LOC103231418,11.9483260592,-16.3412288688,22.4485202328,1
chr29,24hrs,LOC103231417,11.8580020712,-16.0703749368,22.8263750908,1
chr29,24hrs,LOC103231416,11.8419336578,-16.0221906942,22.8935945327,1
chr29,24hrs,LOC103231415,11.8251801926,-15.9719521914,22.9636797709,1
chr29,24hrs,LOC103231414,11.8124488814,-15.9337748946,23.0169390201,1
chr29,24hrs,LOC103231413,11.736188094,-15.7911475784,22.9031044236,1
chr29,24hrs,LOC103231411,11.6192866145,-15.5748690822,22.7167477713,1
chr29,24hrs,LOC103231410,11.526286152,-15.4028096672,22.5684925488,1
chr29,24hrs,LOC103231409,11.474523704,-15.3070443744,22.4859762576,1
chr29,24hrs,LOC103231408,11.4517839195,-15.2649736802,22.4497259883,1
chr29,24hrs,LOC103231407,11.4051778092,-15.1827348596,22.3814734812,1
chr29,24hrs,LOC103231406,11.4144163044,-15.2240933372,22.4329884084,1
chr29,24hrs,LOC103231405,11.4552194388,-15.4067589644,22.6605114468,1
chr29,24hrs,LOC103231404,11.4682202052,-15.4649602076,22.7330052372,1
chr29,24hrs,LOC103231403,11.4978457872,-15.5975866736,22.8982009392,1
chr29,24hrs,LOC103231402,11.511650874,-15.659388662,22.975179714,1
chr29,24hrs,LOC103231400,11.2546476035,-14.9658399045,22.69013411675,1
chr29,24hrs,LOC103231399,11.3409553768,-15.2530685272,22.9223158252,1
chr29,24hrs,LOC103231398,11.2859751788,-15.1081692852,22.8700544282,1
chr29,24hrs,LOC103231397,11.2379918616,-14.9817101864,22.8244439124,1
chr29,24hrs,LOC103231396,11.3297034891,-15.60028296635,23.41029336735,1
chr29,24hrs,LOC103231438,11.2406421253,-15.5520321015,23.8082285026,1
chr29,24hrs,DAD1,11.2413774433,-15.5776471915,24.094506258600003,1
chr29,24hrs,ABHD4,11.2419287131,-15.5968508905,24.3091294302,-1
chr29,24hrs,LOC103231524,10.793083024,-15.477659544,23.905813284,1
chr29,24hrs,LOC103231525,10.7343919981,-15.5070161383,24.3580442774,1
chr29,24hrs,LOC103231443,10.14783439,-15.726548622,24.24530489,1
chr29,24hrs,SLC7A7,9.891925264,-16.0928441472,24.226306064,1
chr29,24hrs,MRPL52,9.80576552,-16.216168896,24.21990952,1
chr29,24hrs,MMP14,9.896439792,-16.2358368216,24.2968091376,1
chr29,24hrs,LOC103231445,10.083116854,-16.2578735517,24.4464629562,1
chr29,24hrs,LRP10,10.135754608,-16.2640872984,24.4886611824,1
chr29,24hrs,REM2,10.225466568,-16.2746775564,24.5605807704,1
chr29,24hrs,RBM23,10.477072078,-16.304378916900003,24.7622859234,1
chr29,24hrs,PRMT5,10.559857404,-16.3141515042,24.8286526212,1
chr29,24hrs,TRNAR-ACG,10.561357786,-16.3143286203,24.8298554358,1
chr29,24hrs,HAUS4,10.6910415168,-16.5144371616,24.828789542400003,1
chr29,24hrs,AJUBA,10.839014256,-16.772490522000002,24.810679908,1
chr29,24hrs,LOC103231455,10.9004284608,-16.8795922896,24.8031637344,1
chr29,24hrs,C29H14orf93,10.9814043376,-17.0208081462,24.793253506800003,1
chr29,24hrs,LOC103231527,10.9881303712,-17.0325378444,24.792430341600003,1
chr29,24hrs,PSMB5,10.3347329074,-16.75404404775,24.9119119074,1
chr29,24hrs,PSMB11,10.9482308796,-17.179938955900003,24.807272060000003,1
chr29,24hrs,CDH24,10.8068661456,-17.1763328324,24.835722160000003,1
chr29,24hrs,ACIN1,10.4506540068,-17.1672460897,24.90741098,1
chr29,24hrs,C29H14orf119,10.4217159276,-17.1665078979,24.913234860000003,1
chr29,24hrs,CEBPE,10.220286846,-17.1613695715,24.9537731,-1
chr29,24hrs,SLC7A8,10.9922248836,-16.935581847599998,24.6430462266,1
chr29,24hrs,C29H14orf164,11.0391397329,-16.4436737487,24.6940217584,1
chr29,24hrs,HOMEZ,11.0689675613,-16.2619590339,24.7322636848,1
chr29,24hrs,PPP1R3E,11.082687942,-16.178372826,24.749854432,1
chr29,24hrs,LOC103231470,11.1076155272,-16.0265109816,24.7818138112,1
chr29,24hrs,PABPN1,11.1165302466,-15.9722014398,24.7932432736,1
chr29,24hrs,SLC22A17,11.2350523044,-16.1477236933,24.6953775993,1
chr29,24hrs,EFS,11.297096166,-16.2525590995,24.6405416895,1
chr29,24hrs,IL25,11.3457882792,-16.3348340794,24.5975063874,1
chr29,24hrs,CMTM5,11.3605795056,-16.3598267892,24.5844335332,1
chr29,24hrs,LOC103231475,11.3570539644,-16.3538696883,24.5875494943,1
chr29,24hrs,MYH6,11.5011575112,-16.5973612034,24.4601871914,1
chr29,24hrs,MYH7,11.56281905385,-15.95344413885,24.40846512695,1
chr29,24hrs,LOC103231479,11.5305889368,-16.6470914326,24.4341749646,1
chr29,24hrs,NGDN,11.7730330446,-16.362294862,24.2224736832,1
chr29,24hrs,THTPA,12.1181764155,-16.614949794999998,23.749671102,1
chr29,24hrs,LOC103231486,12.02413353215,-16.6391256135,23.8622923606,1
chr29,24hrs,ZFHX2,12.10124652135,-16.6193020015,23.7699455334,1
chr29,24hrs,AP1G2,12.133941826,-16.185196188,23.8049566188,-1
chr29,24hrs,JPH4,12.179045764,-16.246514232,23.7382394232,-1
chr29,24hrs,LOC103231487,12.17652771,-16.243090979999998,23.741964098,-1
chr29,24hrs,DHRS2,12.3251430015,-16.3821699784,23.2736220099,1
chr29,24hrs,LOC103231490,11.9194294149,-16.023935368,23.5912823946,1
