chrname,start,end,value,start_id,end_id,start_pos,start_x,start_y,start_z,end_pos,end_x,end_y,end_z,middle,middle_percent,middle_pos,middle_x,middle_y,middle_z
chr29,1278772,1279151,2.281392058785169,12,13,"[12.463750284, -17.290964717999998, 22.5079990188]",12.463750284,-17.290964717999998,22.5079990188,"[12.464336596999999, -17.2922842065, 22.5120800529]",12.464336596999999,-17.2922842065,22.5120800529,1278961,79.15100000000001,"[12.464336596999999, -17.2922842065, 22.5120800529]",12.464336596999999,-17.2922842065,22.5120800529
chr29,1332814,1333408,2.1388660133487045,13,14,"[12.2787411354, -17.3429699364, 22.9566831864]",12.2787411354,-17.3429699364,22.9566831864,"[12.2747976288, -17.3425735008, 22.9606675008]",12.2747976288,-17.3425735008,22.9606675008,1333111,33.408,"[12.2747976288, -17.3425735008, 22.9606675008]",12.2747976288,-17.3425735008,22.9606675008
chr29,1433479,1433683,2.4214297077235054,14,15,"[11.7696088245, -17.6107334667, 23.262141577]",11.7696088245,-17.6107334667,23.262141577,"[11.769224386500001, -17.6126382759, 23.261256829]",11.769224386500001,-17.6126382759,23.261256829,1433581,33.683,"[11.769224386500001, -17.6126382759, 23.261256829]",11.769224386500001,-17.6126382759,23.261256829
chr29,1439767,1440340,1.9009817593176743,14,15,"[11.7577590885, -17.6694464091, 23.234870521]",11.7577590885,-17.6694464091,23.234870521,"[11.756679270000001, -17.674796682, 23.23238542]",11.756679270000001,-17.674796682,23.23238542,1440053,40.339999999999996,"[11.756679270000001, -17.674796682, 23.23238542]",11.756679270000001,-17.674796682,23.23238542
chr29,1546002,1546230,1.2802533264222895,15,16,"[11.0900731064, -18.2904757484, 22.8993421698]",11.0900731064,-18.2904757484,22.8993421698,"[11.087326436, -18.290766266, 22.898973927]",11.087326436,-18.290766266,22.898973927,1546116,46.23,"[11.087326436, -18.290766266, 22.898973927]",11.087326436,-18.290766266,22.898973927
chr29,1546412,1546838,3.4196782204466807,15,16,"[11.0851339184, -18.290998170399998, 22.8986799788]",11.0851339184,-18.290998170399998,22.8986799788,"[11.080001981599999, -18.2915409796, 22.8979919462]",11.080001981599999,-18.2915409796,22.8979919462,1546625,46.838,"[11.080001981599999, -18.2915409796, 22.8979919462]",11.080001981599999,-18.2915409796,22.8979919462
chr29,1874620,1874921,1.4340453627101606,18,19,"[10.9506879, -18.893706866, 22.002688582]",10.9506879,-18.893706866,22.002688582,"[10.952055945, -18.8950024603, 22.0051194881]",10.952055945,-18.8950024603,22.0051194881,1874770,74.921,"[10.952055945, -18.8950024603, 22.0051194881]",10.952055945,-18.8950024603,22.0051194881
chr29,1974305,1974852,1.3283155320767293,19,20,"[11.4977297585, -18.5822276595, 21.769587442]",11.4977297585,-18.5822276595,21.769587442,"[11.5009076644, -18.5791304908, 21.7663625488]",11.5009076644,-18.5791304908,21.7663625488,1974578,74.85199999999999,"[11.5009076644, -18.5791304908, 21.7663625488]",11.5009076644,-18.5791304908,21.7663625488
chr29,2177751,2177956,1.6031134436770182,21,22,"[10.1134846008, -18.1994064409, 21.803020861]",10.1134846008,-18.1994064409,21.803020861,"[10.1119267648, -18.1994507004, 21.804171116]",10.1119267648,-18.1994507004,21.804171116,2177853,77.956,"[10.1119267648, -18.1994507004, 21.804171116]",10.1119267648,-18.1994507004,21.804171116
chr29,2287827,2288230,4.225057485973273,22,23,"[10.6360300596, -18.154306698600003, 21.4186478367]",10.6360300596,-18.154306698600003,21.4186478367,"[10.639203604, -18.154077714, 21.416311283]",10.639203604,-18.154077714,21.416311283,2288028,88.23,"[10.639203604, -18.154077714, 21.416311283]",10.639203604,-18.154077714,21.416311283
chr29,2580160,2580588,4.006968633872327,25,26,"[11.577924256, -18.086510368, 21.865988144]",11.577924256,-18.086510368,21.865988144,"[11.5817394908, -18.0872229024, 21.8674758292]",11.5817394908,-18.0872229024,21.8674758292,2580374,80.58800000000001,"[11.5817394908, -18.0872229024, 21.8674758292]",11.5817394908,-18.0872229024,21.8674758292
chr29,2642368,2642927,2.421172384819106,26,27,"[11.9136769472, -18.4023506368, 22.2018684]",11.9136769472,-18.4023506368,22.2018684,"[11.9157734208, -18.4060820177, 22.2053901]",11.9157734208,-18.4060820177,22.2053901,2642647,42.927,"[11.9157734208, -18.4060820177, 22.2053901]",11.9157734208,-18.4060820177,22.2053901
chr29,2667306,2667922,3.4644810649288167,26,27,"[12.007204422400001, -18.5688142806, 22.3589778]",12.007204422400001,-18.5688142806,22.3589778,"[12.0095146688, -18.5729261422, 22.3628586]",12.0095146688,-18.5729261422,22.3628586,2667614,67.92200000000001,"[12.0095146688, -18.5729261422, 22.3628586]",12.0095146688,-18.5729261422,22.3628586
chr29,2717130,2717350,2.620828355442394,27,28,"[12.150225256, -18.606984579000002, 22.631810103]",12.150225256,-18.606984579000002,22.631810103,"[12.15048732, -18.604672005, 22.632668785]",12.15048732,-18.604672005,22.632668785,2717240,17.349999999999998,"[12.15048732, -18.604672005, 22.632668785]",12.15048732,-18.604672005,22.632668785
chr29,2721664,2722380,1.8619404060547575,27,28,"[12.1556261568, -18.5593245312, 22.6495067584]",12.1556261568,-18.5593245312,22.6495067584,"[12.156479056, -18.551798154, 22.652301378]",12.156479056,-18.551798154,22.652301378,2722022,22.38,"[12.156479056, -18.551798154, 22.652301378]",12.156479056,-18.551798154,22.652301378
chr29,2842932,2843474,3.2357049956092974,28,29,"[11.9407182924, -18.034811222800002, 22.9635845148]",11.9407182924,-18.034811222800002,22.9635845148,"[11.9368271118, -18.0385851146, 22.9636896086]",11.9368271118,-18.0385851146,22.9636896086,2843203,43.474000000000004,"[11.9368271118, -18.0385851146, 22.9636896086]",11.9368271118,-18.0385851146,22.9636896086
chr29,2906444,2906853,2.9602816719880605,29,30,"[11.463541320000001, -18.4264548164, 22.972478372]",11.463541320000001,-18.4264548164,22.972478372,"[11.45925909, -18.426092074299998, 22.972340539]",11.45925909,-18.426092074299998,22.972340539,2906648,6.853,"[11.45925909, -18.426092074299998, 22.972340539]",11.45925909,-18.426092074299998,22.972340539
chr29,3006240,3006534,1.2960701499666487,30,31,"[10.519994832, -18.366347728, 22.8967552]",10.519994832,-18.366347728,22.8967552,"[10.521690271199999, -18.3674251498, 22.894672945]",10.521690271199999,-18.3674251498,22.894672945,3006387,6.534,"[10.521690271199999, -18.3674251498, 22.894672945]",10.521690271199999,-18.3674251498,22.894672945
chr29,3109197,3109562,2.1543015885026486,31,32,"[11.1453778154, -18.6590308095, 22.2205663979]",11.1453778154,-18.6590308095,22.2205663979,"[11.1487388084, -18.657009987, 22.2200848534]",11.1487388084,-18.657009987,22.2200848534,3109379,9.562,"[11.1487388084, -18.657009987, 22.2200848534]",11.1487388084,-18.657009987,22.2200848534
chr29,3185519,3185801,1.861576757109757,31,32,"[11.8481660558, -18.2364740565, 22.119874783300002]",11.8481660558,-18.2364740565,22.119874783300002,"[11.8507627682, -18.234912763500002, 22.1195027407]",11.8507627682,-18.234912763500002,22.1195027407,3185660,85.801,"[11.8507627682, -18.234912763500002, 22.1195027407]",11.8507627682,-18.234912763500002,22.1195027407
chr29,3367303,3368657,1.5099871781499206,33,34,"[11.6469528826, -18.7267289079, 23.468233474599998]",11.6469528826,-18.7267289079,23.468233474599998,"[11.6375753494, -18.7285423201, 23.4784401974]",11.6375753494,-18.7285423201,23.4784401974,3367980,68.657,"[11.6375753494, -18.7285423201, 23.4784401974]",11.6375753494,-18.7285423201,23.4784401974
chr29,3433498,3433725,2.413902550541882,34,35,"[11.0933049352, -18.804537219, 23.6467995046]",11.0933049352,-18.804537219,23.6467995046,"[11.09108769, -18.8047677375, 23.6463393075]",11.09108769,-18.8047677375,23.6463393075,3433611,33.725,"[11.09108769, -18.8047677375, 23.6463393075]",11.09108769,-18.8047677375,23.6463393075
chr29,3435959,3436774,4.364807700233225,34,35,"[11.0692668716, -18.8070363645, 23.6418103193]",11.0692668716,-18.8070363645,23.6418103193,"[11.0613062776, -18.807863997000002, 23.640158069800002]",11.0613062776,-18.807863997000002,23.640158069800002,3436366,36.774,"[11.0613062776, -18.807863997000002, 23.640158069800002]",11.0613062776,-18.807863997000002,23.640158069800002
chr29,3518455,3518715,1.8842862739012791,35,36,"[10.6110032015, -18.843699128500003, 23.478129839]",10.6110032015,-18.843699128500003,23.478129839,"[10.6133596595, -18.8432994305, 23.477652947]",10.6133596595,-18.8432994305,23.477652947,3518585,18.715,"[10.6133596595, -18.8432994305, 23.477652947]",10.6133596595,-18.8432994305,23.477652947
chr29,3611605,3612652,2.327984997741131,36,37,"[11.333609468, -18.638012511000003, 23.4229956875]",11.333609468,-18.638012511000003,23.4229956875,"[11.3321244032, -18.6307653864, 23.431515649999998]",11.3321244032,-18.6307653864,23.431515649999998,3612128,12.652,"[11.3321244032, -18.6307653864, 23.431515649999998]",11.3321244032,-18.6307653864,23.431515649999998
chr29,3645124,3645643,3.059884719076873,36,37,"[11.2860661184, -18.4060006968, 23.69575655]",11.2860661184,-18.4060006968,23.69575655,"[11.285329968800001, -18.4024082826, 23.699979912499998]",11.285329968800001,-18.4024082826,23.699979912499998,3645383,45.643,"[11.285329968800001, -18.4024082826, 23.699979912499998]",11.285329968800001,-18.4024082826,23.699979912499998
chr29,3707113,3707426,2.536689497030581,37,38,"[11.2595922617, -18.043504339200002, 24.1085709071]",11.2595922617,-18.043504339200002,24.1085709071,"[11.2618524034, -18.0442675584, 24.1070862542]",11.2618524034,-18.0442675584,24.1070862542,3707269,7.426000000000001,"[11.2618524034, -18.0442675584, 24.1070862542]",11.2618524034,-18.0442675584,24.1070862542
chr29,3733814,3734127,1.988663494015654,37,38,"[11.452397512600001, -18.108612057600002, 23.9819200538]",11.452397512600001,-18.108612057600002,23.9819200538,"[11.4546576543, -18.1093752768, 23.9804354009]",11.4546576543,-18.1093752768,23.9804354009,3733970,34.127,"[11.4546576543, -18.1093752768, 23.9804354009]",11.4546576543,-18.1093752768,23.9804354009
chr29,3769586,3770126,3.078844624537009,37,38,"[11.7107035474, -18.1958385024, 23.8122427262]",11.7107035474,-18.1958385024,23.8122427262,"[11.7146028334, -18.1971552384, 23.8096813442]",11.7146028334,-18.1971552384,23.8096813442,3769856,70.126,"[11.7146028334, -18.1971552384, 23.8096813442]",11.7146028334,-18.1971552384,23.8096813442
chr29,3893316,3894490,3.819571828618773,38,39,"[11.8598850832, -17.3456676936, 23.626165100399998]",11.8598850832,-17.3456676936,23.626165100399998,"[11.858998948, -17.334038754, 23.625639031]",11.858998948,-17.334038754,23.625639031,3893903,94.49,"[11.858998948, -17.334038754, 23.625639031]",11.858998948,-17.334038754,23.625639031
chr29,3961753,3962158,1.888935900323185,39,40,"[11.411280551599999, -17.5957650413, 23.950510302399998]",11.411280551599999,-17.5957650413,23.950510302399998,"[11.4083715176, -17.5978394918, 23.9526571264]",11.4083715176,-17.5978394918,23.9526571264,3961955,62.158,"[11.4083715176, -17.5978394918, 23.9526571264]",11.4083715176,-17.5978394918,23.9526571264
chr29,3973005,3973221,1.0857996741930644,39,40,"[11.330459686, -17.6533989105, 24.010154904]",11.330459686,-17.6533989105,24.010154904,"[11.328908201199999, -17.6545052841, 24.0112998768]",11.328908201199999,-17.6545052841,24.0112998768,3973113,73.221,"[11.328908201199999, -17.6545052841, 24.0112998768]",11.328908201199999,-17.6545052841,24.0112998768
chr29,3974060,3974402,2.611912062990735,39,40,"[11.322881832, -17.658802726, 24.015747248]",11.322881832,-17.658802726,24.015747248,"[11.3204253144, -17.6605544842, 24.0175601216]",11.3204253144,-17.6605544842,24.0175601216,3974231,74.402,"[11.3204253144, -17.6605544842, 24.0175601216]",11.3204253144,-17.6605544842,24.0175601216
chr29,3991990,3992242,2.2750546184797136,39,40,"[11.194094227999999, -17.750641979, 24.110790592]",11.194094227999999,-17.750641979,24.110790592,"[11.1922841624, -17.7519327482, 24.1121263936]",11.1922841624,-17.7519327482,24.1121263936,3992116,92.242,"[11.1922841624, -17.7519327482, 24.1121263936]",11.1922841624,-17.7519327482,24.1121263936
chr29,4009649,4010275,3.218121509963331,40,41,"[11.0773518062, -17.8522898425, 24.113622521899998]",11.0773518062,-17.8522898425,24.113622521899998,"[11.073510545, -17.8562226875, 24.1110516025]",11.073510545,-17.8562226875,24.1110516025,4009962,10.274999999999999,"[11.073510545, -17.8562226875, 24.1110516025]",11.073510545,-17.8562226875,24.1110516025
chr29,4010502,4010933,2.710072348399948,40,41,"[11.072117627599999, -17.857648815, 24.1101193362]",11.072117627599999,-17.857648815,24.1101193362,"[11.0694729254, -17.8603565725, 24.1083492623]",11.0694729254,-17.8603565725,24.1083492623,4010717,10.933,"[11.0694729254, -17.8603565725, 24.1083492623]",11.0694729254,-17.8603565725,24.1083492623
chr29,4068154,4068364,1.3143173598107838,40,41,"[10.7183534252, -18.219847505, 23.8733483374]",10.7183534252,-18.219847505,23.8733483374,"[10.7170648232, -18.22116683, 23.8724858884]",10.7170648232,-18.22116683,23.8724858884,4068259,68.364,"[10.7170648232, -18.22116683, 23.8724858884]",10.7170648232,-18.22116683,23.8724858884
chr29,4238028,4238421,2.155671516902574,42,43,"[10.241012026, -18.3391554912, 23.175143555200002]",10.241012026,-18.3391554912,23.175143555200002,"[10.2418685695, -18.3381770784, 23.1789943264]",10.2418685695,-18.3381770784,23.1789943264,4238224,38.421,"[10.2418685695, -18.3381770784, 23.1789943264]",10.2418685695,-18.3381770784,23.1789943264
chr29,4412290,4412835,3.299783377472414,44,45,"[10.552919927, -17.355871381, 23.071136715]",10.552919927,-17.355871381,23.071136715,"[10.5557846105, -17.3524972315, 23.0670674725]",10.5557846105,-17.3524972315,23.0670674725,4412562,12.834999999999999,"[10.5557846105, -17.3524972315, 23.0670674725]",10.5557846105,-17.3524972315,23.0670674725
chr29,4615756,4616131,1.4419812552134197,46,47,"[11.5580876008, -17.1407083372, 21.797529825599998]",11.5580876008,-17.1407083372,21.797529825599998,"[11.5563220258, -17.137743474700002, 21.7981626756]",11.5563220258,-17.137743474700002,21.7981626756,4615943,16.131,"[11.5563220258, -17.137743474700002, 21.7981626756]",11.5563220258,-17.137743474700002,21.7981626756
chr29,4646726,4646930,2.902622214719361,46,47,"[11.4122746468, -16.8958502262, 21.849794797599998]",11.4122746468,-16.8958502262,21.849794797599998,"[11.411314174000001, -16.894237341, 21.850139068]",11.411314174000001,-16.894237341,21.850139068,4646828,46.93,"[11.411314174000001, -16.894237341, 21.850139068]",11.411314174000001,-16.894237341,21.850139068
chr29,4665870,4666126,2.7352189226076007,46,47,"[11.322140866, -16.744492019, 21.882102212]",11.322140866,-16.744492019,21.882102212,"[11.3209355668, -16.7424680062, 21.882534237599998]",11.3209355668,-16.7424680062,21.882534237599998,4665998,66.12599999999999,"[11.3209355668, -16.7424680062, 21.882534237599998]",11.3209355668,-16.7424680062,21.882534237599998
chr29,7102867,7103299,2.305690516476278,71,72,"[9.984798490700001, -16.5191230251, 23.4968339229]",9.984798490700001,-16.5191230251,23.4968339229,"[9.9854085179, -16.5232249947, 23.4981077613]",9.9854085179,-16.5232249947,23.4981077613,7103083,3.299,"[9.9854085179, -16.5232249947, 23.4981077613]",9.9854085179,-16.5232249947,23.4981077613
chr29,7160931,7161209,2.5374114260399083,71,72,"[10.0667906651, -17.0704581243, 23.668047239699998]",10.0667906651,-17.0704581243,23.668047239699998,"[10.0671832289, -17.0730978177, 23.6688669783]",10.0671832289,-17.0730978177,23.6688669783,7161070,61.209,"[10.0671832289, -17.0730978177, 23.6688669783]",10.0671832289,-17.0730978177,23.6688669783
chr29,7178735,7179300,3.787975898886149,71,72,"[10.0919316935, -17.2395124455, 23.7205458945]",10.0919316935,-17.2395124455,23.7205458945,"[10.09272953, -17.24487729, 23.72221191]",10.09272953,-17.24487729,23.72221191,7179017,79.3,"[10.09272953, -17.24487729, 23.72221191]",10.09272953,-17.24487729,23.72221191
chr29,7456134,7456609,3.2199485280639246,74,75,"[10.9876099708, -16.656169544, 23.428854819799998]",10.9876099708,-16.656169544,23.428854819799998,"[10.9904201658, -16.652424644, 23.4286124273]",10.9904201658,-16.652424644,23.4286124273,7456371,56.608999999999995,"[10.9904201658, -16.652424644, 23.4286124273]",10.9904201658,-16.652424644,23.4286124273
chr29,7630853,7631678,5.645742978182706,76,77,"[11.0739602672, -17.2975680861, 23.4097135119]",11.0739602672,-17.2975680861,23.4097135119,"[11.070447747200001, -17.2990643886, 23.4166041594]",11.070447747200001,-17.2990643886,23.4166041594,7631265,31.678,"[11.070447747200001, -17.2990643886, 23.4166041594]",11.070447747200001,-17.2990643886,23.4166041594
chr29,7790389,7790707,3.1177271578296923,77,78,"[9.903988873700001, -17.4543630608, 23.5464861193]",9.903988873700001,-17.4543630608,23.5464861193,"[9.9009085031, -17.4544734704, 23.5449354559]",9.9009085031,-17.4544734704,23.5449354559,7790548,90.70700000000001,"[9.9009085031, -17.4544734704, 23.5449354559]",9.9009085031,-17.4544734704,23.5449354559
chr29,7882260,7883492,4.038417909245987,78,79,"[10.592639684, -17.659590718, 23.679168902]",10.592639684,-17.659590718,23.679168902,"[10.6043478728, -17.6626144156, 23.6818579884]",10.6043478728,-17.6626144156,23.6818579884,7882876,83.492,"[10.6043478728, -17.6626144156, 23.6818579884]",10.6043478728,-17.6626144156,23.6818579884
chr29,7904294,7904660,1.3927605060931765,79,80,"[10.7676005784, -17.6601908588, 23.7229272914]",10.7676005784,-17.6601908588,23.7229272914,"[10.768143576, -17.656530932000003, 23.723356646]",10.768143576,-17.656530932000003,23.723356646,7904477,4.66,"[10.768143576, -17.656530932000003, 23.723356646]",10.768143576,-17.656530932000003,23.723356646
chr29,7907913,7908166,1.0468360555501794,79,80,"[10.7729697268, -17.624001582600002, 23.727172740300002]",10.7729697268,-17.624001582600002,23.727172740300002,"[10.7733450776, -17.621471633200002, 23.7274695346]",10.7733450776,-17.621471633200002,23.7274695346,7908039,8.166,"[10.7733450776, -17.621471633200002, 23.7274695346]",10.7733450776,-17.621471633200002,23.7274695346
chr29,8117393,8117780,2.8658865539294496,81,82,"[11.6486218544, -16.4985199386, 23.3482219393]",11.6486218544,-16.4985199386,23.3482219393,"[11.648846623999999, -16.502475156, 23.348763778]",11.648846623999999,-16.502475156,23.348763778,8117586,17.78,"[11.648846623999999, -16.502475156, 23.348763778]",11.648846623999999,-16.502475156,23.348763778
chr29,8193139,8193649,1.909742528550765,81,82,"[11.6926151312, -17.2726592078, 23.4542739139]",11.6926151312,-17.2726592078,23.4542739139,"[11.6929113392, -17.2778715098, 23.4549879649]",11.6929113392,-17.2778715098,23.4549879649,8193394,93.649,"[11.6929113392, -17.2778715098, 23.4549879649]",11.6929113392,-17.2778715098,23.4549879649
chr29,8436522,8437017,2.0728013508247605,84,85,"[11.6150779742, -17.0490925512, 23.017645184]",11.6150779742,-17.0490925512,23.017645184,"[11.615029018700001, -17.0494784532, 23.012631824]",11.615029018700001,-17.0494784532,23.012631824,8436769,37.017,"[11.615029018700001, -17.0494784532, 23.012631824]",11.615029018700001,-17.0494784532,23.012631824
chr29,8458774,8459006,1.168310771728384,84,85,"[11.6128772514, -17.0664402104, 22.792276928]",11.6128772514,-17.0664402104,22.792276928,"[11.612854306600001, -17.0666210776, 22.789927232]",11.612854306600001,-17.0666210776,22.789927232,8458890,59.006,"[11.612854306600001, -17.0666210776, 22.789927232]",11.612854306600001,-17.0666210776,22.789927232
chr29,8649340,8649568,1.360330161295439,86,87,"[11.341020466, -18.052540691999997, 22.738830548]",11.341020466,-18.052540691999997,22.738830548,"[11.3426871232, -18.053562998399997, 22.740153449599998]",11.3426871232,-18.053562998399997,22.740153449599998,8649454,49.568,"[11.3426871232, -18.053562998399997, 22.740153449599998]",11.3426871232,-18.053562998399997,22.740153449599998
chr29,8650422,8650877,2.5265006945683406,86,87,"[11.3489297778, -18.0573921636, 22.7451085284]",11.3489297778,-18.0573921636,22.7451085284,"[11.3522557823, -18.059432292599997, 22.7477485294]",11.3522557823,-18.059432292599997,22.7477485294,8650649,50.876999999999995,"[11.3522557823, -18.059432292599997, 22.7477485294]",11.3522557823,-18.059432292599997,22.7477485294
chr29,8655142,8655470,1.6328014974913947,86,87,"[11.3834325058, -18.0785556996, 22.7724949124]",11.3834325058,-18.0785556996,22.7724949124,"[11.385830153, -18.080026386, 22.774398034]",11.385830153,-18.080026386,22.774398034,8655306,55.47,"[11.385830153, -18.080026386, 22.774398034]",11.385830153,-18.080026386,22.774398034
chr29,8708028,8708429,3.108994910841868,87,88,"[11.6857154268, -18.2293134972, 23.10014499]",11.6857154268,-18.2293134972,23.10014499,"[11.6844354749, -18.2267971821, 23.103510382499998]",11.6844354749,-18.2267971821,23.103510382499998,8708228,8.429,"[11.6844354749, -18.2267971821, 23.103510382499998]",11.6844354749,-18.2267971821,23.103510382499998
chr29,8715664,8716023,4.277957284018854,87,88,"[11.6613420784, -18.181396833599997, 23.16423012]",11.6613420784,-18.181396833599997,23.16423012,"[11.6601961863, -18.179144072699998, 23.1672430275]",11.6601961863,-18.179144072699998,23.1672430275,8715843,16.023,"[11.6601961863, -18.179144072699998, 23.1672430275]",11.6601961863,-18.179144072699998,23.1672430275
chr29,8733566,8734009,3.0210677363802563,87,88,"[11.6042006846, -18.0690599934, 23.314472655]",11.6042006846,-18.0690599934,23.314472655,"[11.6027866729, -18.0662801241, 23.3181905325]",11.6027866729,-18.0662801241,23.3181905325,8733787,34.009,"[11.6027866729, -18.0662801241, 23.3181905325]",11.6027866729,-18.0662801241,23.3181905325
chr29,8748603,8748827,1.7569394170173578,87,88,"[11.556204084300001, -17.9747013147, 23.440670677499998]",11.556204084300001,-17.9747013147,23.440670677499998,"[11.5554890987, -17.9732956923, 23.4425505975]",11.5554890987,-17.9732956923,23.4425505975,8748715,48.827,"[11.5554890987, -17.9732956923, 23.4425505975]",11.5554890987,-17.9732956923,23.4425505975
chr29,8758570,8758830,2.7252149971631856,87,88,"[11.524390417000001, -17.912157393, 23.524318725]",11.524390417000001,-17.912157393,23.524318725,"[11.523560523, -17.910525867, 23.526500775]",11.523560523,-17.910525867,23.526500775,8758700,58.830000000000005,"[11.523560523, -17.910525867, 23.526500775]",11.523560523,-17.910525867,23.526500775
chr29,8780317,8780663,2.221462102294657,87,88,"[11.4549761677, -17.7756927933, 23.706830422499998]",11.4549761677,-17.7756927933,23.706830422499998,"[11.453871770300001, -17.7735216087, 23.7097342275]",11.453871770300001,-17.7735216087,23.7097342275,8780490,80.663,"[11.453871770300001, -17.7735216087, 23.7097342275]",11.453871770300001,-17.7735216087,23.7097342275
chr29,8780818,8781383,2.5376848556299123,87,88,"[11.4533770258, -17.772548968200002, 23.711035065]",11.4533770258,-17.772548968200002,23.711035065,"[11.4515736023, -17.7690035367, 23.7157768275]",11.4515736023,-17.7690035367,23.7157768275,8781100,81.38300000000001,"[11.4515736023, -17.7690035367, 23.7157768275]",11.4515736023,-17.7690035367,23.7157768275
chr29,8792808,8793198,1.7249133658714784,87,88,"[11.415106144800001, -17.697310519200002, 23.81166114]",11.415106144800001,-17.697310519200002,23.81166114,"[11.413861303800001, -17.6948632302, 23.814934215]",11.413861303800001,-17.6948632302,23.814934215,8793003,93.19800000000001,"[11.413861303800001, -17.6948632302, 23.814934215]",11.413861303800001,-17.6948632302,23.814934215
chr29,8803116,8803333,1.328012159343139,88,89,"[11.371467861600001, -17.6758045772, 23.880030301199998]",11.371467861600001,-17.6758045772,23.880030301199998,"[11.370027545800001, -17.6774498061, 23.8805881431]",11.370027545800001,-17.6774498061,23.8805881431,8803224,3.3329999999999997,"[11.370027545800001, -17.6774498061, 23.8805881431]",11.370027545800001,-17.6774498061,23.8805881431
chr29,8809690,8809897,1.409587802518393,88,89,"[11.327833594000001, -17.725646673, 23.896930083]",11.327833594000001,-17.725646673,23.896930083,"[11.3264596522, -17.7272160849, 23.8974622179]",11.3264596522,-17.7272160849,23.8974622179,8809793,9.897,"[11.3264596522, -17.7272160849, 23.8974622179]",11.3264596522,-17.7272160849,23.8974622179
chr29,8866573,8867042,3.1049451426402337,88,89,"[10.950278369800001, -18.1569165141, 24.0431592111]",10.950278369800001,-18.1569165141,24.0431592111,"[10.9471654292, -18.1604723314, 24.0443648694]",10.9471654292,-18.1604723314,24.0443648694,8866807,67.042,"[10.9471654292, -18.1604723314, 24.0443648694]",10.9471654292,-18.1604723314,24.0443648694
chr29,8905058,8905288,1.1069292203239771,89,90,"[10.677996914, -18.412650378400002, 24.1335799866]",10.677996914,-18.412650378400002,24.1335799866,"[10.675704504, -18.412754982400003, 24.1337841576]",10.675704504,-18.412754982400003,24.1337841576,8905173,5.288,"[10.675704504, -18.412754982400003, 24.1337841576]",10.675704504,-18.412754982400003,24.1337841576
chr29,8906787,8907401,2.4983448873513683,89,90,"[10.660763971, -18.4134367276, 24.1351148199]",10.660763971,-18.4134367276,24.1351148199,"[10.654644233, -18.413715974800002, 24.135659867700003]",10.654644233,-18.413715974800002,24.135659867700003,8907094,7.401000000000001,"[10.654644233, -18.413715974800002, 24.135659867700003]",10.654644233,-18.413715974800002,24.135659867700003
chr29,8927080,8927703,2.4121433305128046,89,90,"[10.45850364, -18.422665984, 24.153128916]",10.45850364,-18.422665984,24.153128916,"[10.452294199, -18.4229493244, 24.1536819531]",10.452294199,-18.4229493244,24.1536819531,8927391,27.703,"[10.452294199, -18.4229493244, 24.1536819531]",10.452294199,-18.4229493244,24.1536819531
chr29,8932428,8932679,2.4282506295884274,89,90,"[10.405200124, -18.4250982544, 24.1578763356]",10.405200124,-18.4250982544,24.1578763356,"[10.402698407, -18.4252124092, 24.1580991483]",10.402698407,-18.4252124092,24.1580991483,8932553,32.679,"[10.402698407, -18.4252124092, 24.1580991483]",10.402698407,-18.4252124092,24.1580991483
chr29,8960300,8960713,1.5213364218395502,89,90,"[10.1273999, -18.43777444, 24.182618310000002]",10.1273999,-18.43777444,24.182618310000002,"[10.123283529, -18.4379622724, 24.1829849301]",10.123283529,-18.4379622724,24.1829849301,8960506,60.712999999999994,"[10.123283529, -18.4379622724, 24.1829849301]",10.123283529,-18.4379622724,24.1829849301
chr29,8979831,8980050,1.3374977030166209,89,90,"[9.932734423, -18.4466571388, 24.1999559787]",9.932734423,-18.4466571388,24.1999559787,"[9.93055165, -18.446756739999998, 24.200150385]",9.93055165,-18.446756739999998,24.200150385,8979940,80.05,"[9.93055165, -18.446756739999998, 24.200150385]",9.93055165,-18.446756739999998,24.200150385
chr29,8990639,8990844,1.6487447828781314,89,90,"[9.825011087, -18.4515726172, 24.2095502403]",9.825011087,-18.4515726172,24.2095502403,"[9.822967852, -18.451665851199998, 24.209732218800003]",9.822967852,-18.451665851199998,24.209732218800003,8990741,90.84400000000001,"[9.822967852, -18.451665851199998, 24.209732218800003]",9.822967852,-18.451665851199998,24.209732218800003
chr29,9000960,9001249,2.472418863055615,90,91,"[9.730619248, -18.45357352, 24.206901888]",9.730619248,-18.45357352,24.206901888,"[9.730290886199999, -18.4528942255, 24.203603039700003]",9.730290886199999,-18.4528942255,24.203603039700003,9001104,1.2489999999999999,"[9.730290886199999, -18.4528942255, 24.203603039700003]",9.730290886199999,-18.4528942255,24.203603039700003
chr29,9014616,9014957,2.70583374933763,90,91,"[9.7151033008, -18.421475091999998, 24.0510227448]",9.7151033008,-18.421475091999998,24.0510227448,"[9.7147158566, -18.4206735715, 24.0471303321]",9.7147158566,-18.4206735715,24.0471303321,9014786,14.957,"[9.7147158566, -18.4206735715, 24.0471303321]",9.7147158566,-18.4206735715,24.0471303321
chr29,9020275,9020516,1.79247127776324,90,91,"[9.708673545, -18.4081736125, 23.9864269575]",9.708673545,-18.4081736125,23.9864269575,"[9.7083997208, -18.407607142, 23.9836760148]",9.7083997208,-18.407607142,23.9836760148,9020395,20.516000000000002,"[9.7083997208, -18.407607142, 23.9836760148]",9.7083997208,-18.407607142,23.9836760148
chr29,9151841,9152580,5.071120591060396,91,92,"[9.741860387500001, -18.0668796233, 23.5371476239]",9.741860387500001,-18.0668796233,23.5371476239,"[9.74362475, -18.064685754, 23.543715782]",9.74362475,-18.064685754,23.543715782,9152210,52.580000000000005,"[9.74362475, -18.064685754, 23.543715782]",9.74362475,-18.064685754,23.543715782
chr29,9202073,9202275,1.732929544873757,92,93,"[9.8520893059, -17.9354159792, 23.9478484762]",9.8520893059,-17.9354159792,23.9478484762,"[9.8516263825, -17.93653716, 23.946159635]",9.8516263825,-17.93653716,23.946159635,9202174,2.275,"[9.8516263825, -17.93653716, 23.946159635]",9.8516263825,-17.93653716,23.946159635
chr29,9317688,9317961,1.7132320190087342,93,94,"[9.5421502888, -18.3621950496, 23.223752568800002]",9.5421502888,-18.3621950496,23.223752568800002,"[9.5408303611, -18.3603930312, 23.2252131461]",9.5408303611,-18.3603930312,23.2252131461,9317824,17.961,"[9.5408303611, -18.3603930312, 23.2252131461]",9.5408303611,-18.3603930312,23.2252131461
chr29,9340544,9340764,1.2566242982040752,93,94,"[9.431643814400001, -18.2113271648, 23.3460344544]",9.431643814400001,-18.2113271648,23.3460344544,"[9.4305801364, -18.2098749888, 23.347211476400002]",9.4305801364,-18.2098749888,23.347211476400002,9340654,40.764,"[9.4305801364, -18.2098749888, 23.347211476400002]",9.4305801364,-18.2098749888,23.347211476400002
chr29,9485073,9485318,1.8883285926312816,94,95,"[9.3204172268, -18.2951256686, 22.9742900576]",9.3204172268,-18.2951256686,22.9742900576,"[9.320924768800001, -18.2964972276, 22.972303401599998]",9.320924768800001,-18.2964972276,22.972303401599998,9485195,85.31800000000001,"[9.320924768800001, -18.2964972276, 22.972303401599998]",9.320924768800001,-18.2964972276,22.972303401599998
chr29,9485468,9485931,4.939646498430882,94,95,"[9.321235508800001, -18.2973369576, 22.9710870816]",9.321235508800001,-18.2973369576,22.9710870816,"[9.322194659600001, -18.2999289242, 22.9673327072]",9.322194659600001,-18.2999289242,22.9673327072,9485699,85.931,"[9.322194659600001, -18.2999289242, 22.9673327072]",9.322194659600001,-18.2999289242,22.9673327072
chr29,9511658,9511908,1.9497404184341431,95,96,"[9.3333773536, -18.3110001546, 22.9385655756]",9.3333773536,-18.3110001546,22.9385655756,"[9.332992153600001, -18.309548579599998, 22.9403951256]",9.332992153600001,-18.309548579599998,22.9403951256,9511783,11.908000000000001,"[9.332992153600001, -18.309548579599998, 22.9403951256]",9.332992153600001,-18.309548579599998,22.9403951256
chr29,9511958,9512259,1.3947329695438626,95,96,"[9.3329151136, -18.3092582646, 22.940761035599998]",9.3329151136,-18.3092582646,22.940761035599998,"[9.3324513328, -18.3075105683, 22.9429638138]",9.3324513328,-18.3075105683,22.9429638138,9512108,12.259,"[9.3324513328, -18.3075105683, 22.9429638138]",9.3324513328,-18.3075105683,22.9429638138
chr29,9521219,9521606,1.8340962868020207,95,96,"[9.318645764800001, -18.2554861203, 23.0085348858]",9.318645764800001,-18.2554861203,23.0085348858,"[9.3180494752, -18.2532390822, 23.0113670292]",9.3180494752,-18.2532390822,23.0113670292,9521412,21.606,"[9.3180494752, -18.2532390822, 23.0113670292]",9.3180494752,-18.2532390822,23.0113670292
chr29,9607210,9607628,1.7115568755346051,96,97,"[9.227017833, -17.752763896, 23.532766497]",9.227017833,-17.752763896,23.532766497,"[9.2287430444, -17.7501378528, 23.5297341996]",9.2287430444,-17.7501378528,23.5297341996,9607419,7.628,"[9.2287430444, -17.7501378528, 23.5297341996]",9.2287430444,-17.7501378528,23.5297341996
chr29,9842458,9842671,1.536552373792084,98,99,"[10.0371963778, -17.667548066, 22.010531400199998]",10.0371963778,-17.667548066,22.010531400199998,"[10.0359938011, -17.667266267, 22.0088672099]",10.0359938011,-17.667266267,22.0088672099,9842564,42.671,"[10.0359938011, -17.667266267, 22.0088672099]",10.0359938011,-17.667266267,22.0088672099
chr29,10185702,10185918,2.489351674362465,101,102,"[9.5591931402, -17.3606329078, 22.238695528199997]",9.5591931402,-17.3606329078,22.238695528199997,"[9.558660721799999, -17.3610841102, 22.2410346138]",9.558660721799999,-17.3610841102,22.2410346138,10185810,85.918,"[9.558660721799999, -17.3610841102, 22.2410346138]",9.558660721799999,-17.3610841102,22.2410346138
chr29,10417974,10418191,1.37527350319146,104,105,"[10.4916264924, -17.5003196642, 22.261518854]",10.4916264924,-17.5003196642,22.261518854,"[10.4936321366, -17.4995663053, 22.261762111]",10.4936321366,-17.4995663053,22.261762111,10418082,18.191,"[10.4936321366, -17.4995663053, 22.261762111]",10.4936321366,-17.4995663053,22.261762111
chr29,10418264,10419097,1.84760625715874,104,105,"[10.4943068464, -17.4993128712, 22.261843944]",10.4943068464,-17.4993128712,22.261843944,"[10.5020059322, -17.4964209451, 22.262777737]",10.5020059322,-17.4964209451,22.262777737,10418680,19.097,"[10.5020059322, -17.4964209451, 22.262777737]",10.5020059322,-17.4964209451,22.262777737
chr29,10440459,10441028,1.3159762906902497,104,105,"[10.6994463534, -17.4222584897, 22.286724539]",10.6994463534,-17.4222584897,22.286724539,"[10.7047053928, -17.4202830924, 22.287362388000002]",10.7047053928,-17.4202830924,22.287362388000002,10440743,41.028,"[10.7047053928, -17.4202830924, 22.287362388000002]",10.7047053928,-17.4202830924,22.287362388000002
chr29,10531359,10531791,2.092547539759565,105,106,"[11.1376170801, -16.9546368482, 22.422748302800002]",11.1376170801,-16.9546368482,22.422748302800002,"[11.1360722049, -16.9510425218, 22.4237026772]",11.1360722049,-16.9510425218,22.4237026772,10531575,31.791000000000004,"[11.1360722049, -16.9510425218, 22.4237026772]",11.1360722049,-16.9510425218,22.4237026772
chr29,10579442,10579820,1.4341141852752242,105,106,"[10.965667463800001, -16.5545766716, 22.5289732664]",10.965667463800001,-16.5545766716,22.5289732664,"[10.964315698, -16.551431636, 22.529808344000003]",10.964315698,-16.551431636,22.529808344000003,10579631,79.82000000000001,"[10.964315698, -16.551431636, 22.529808344000003]",10.964315698,-16.551431636,22.529808344000003
chr29,10664903,10665186,1.9418153981859188,106,107,"[10.56179373, -16.779827718, 22.2398474865]",10.56179373,-16.779827718,22.2398474865,"[10.560353260000001, -16.781555716, 22.238388763]",10.560353260000001,-16.781555716,22.238388763,10665044,65.18599999999999,"[10.560353260000001, -16.781555716, 22.238388763]",10.560353260000001,-16.781555716,22.238388763
chr29,11289965,11290298,1.3571586222261995,112,113,"[9.636312016, -16.382292054, 22.214138745]",9.636312016,-16.382292054,22.214138745,"[9.6354936352, -16.3796465688, 22.215768114]",9.6354936352,-16.3796465688,22.215768114,11290131,90.298,"[9.6354936352, -16.3796465688, 22.215768114]",9.6354936352,-16.3796465688,22.215768114
chr29,11371159,11371552,3.2393874585173514,113,114,"[9.5508659822, -17.0499956724, 22.1912840192]",9.5508659822,-17.0499956724,22.1912840192,"[9.5505302816, -17.0541235872, 22.1908866176]",9.5505302816,-17.0541235872,22.1908866176,11371355,71.552,"[9.5505302816, -17.0541235872, 22.1908866176]",9.5505302816,-17.0541235872,22.1908866176
chr29,11375257,11375753,3.4349038471137323,113,114,"[9.547365470599999, -17.0930394252, 22.187140121600002]",9.547365470599999,-17.0930394252,22.187140121600002,"[9.5469417874, -17.0982492108, 22.186638566400003]",9.5469417874,-17.0982492108,22.186638566400003,11375505,75.753,"[9.5469417874, -17.0982492108, 22.186638566400003]",9.5469417874,-17.0982492108,22.186638566400003
chr29,11381013,11381215,1.9605648434988343,113,114,"[9.5424486954, -17.1534981468, 22.181319654400003]",9.5424486954,-17.1534981468,22.181319654400003,"[9.542276146999999, -17.155619874, 22.181115392000002]",9.542276146999999,-17.155619874,22.181115392000002,11381114,81.215,"[9.542276146999999, -17.155619874, 22.181115392000002]",9.542276146999999,-17.155619874,22.181115392000002
chr29,11391678,11392035,4.499546517844961,113,114,"[9.5333386524, -17.2655190408, 22.1705352064]",9.5333386524,-17.2655190408,22.1705352064,"[9.533033703, -17.269268826, 22.170174208000002]",9.533033703,-17.269268826,22.170174208000002,11391856,92.035,"[9.533033703, -17.269268826, 22.170174208000002]",9.533033703,-17.269268826,22.170174208000002
chr29,11432278,11432819,3.590623238611133,114,115,"[9.4226789482, -17.2219652428, 22.441179449]",9.4226789482,-17.2219652428,22.441179449,"[9.4209433661, -17.2197701894, 22.4458566645]",9.4209433661,-17.2197701894,22.4458566645,11432548,32.818999999999996,"[9.4209433661, -17.2197701894, 22.4458566645]",9.4209433661,-17.2197701894,22.4458566645
chr29,11449764,11450013,2.30653833768454,114,115,"[9.3665821116, -17.1510175464, 22.592354662]",9.3665821116,-17.1510175464,22.592354662,"[9.3657832947, -17.1500072538, 22.5945073915]",9.3657832947,-17.1500072538,22.5945073915,11449888,50.013,"[9.3657832947, -17.1500072538, 22.5945073915]",9.3657832947,-17.1500072538,22.5945073915
chr29,11453796,11454232,4.927599574721188,114,115,"[9.3536470524, -17.1346581096, 22.627213318]",9.3536470524,-17.1346581096,22.627213318,"[9.3522483208, -17.1328890832, 22.630982756]",9.3522483208,-17.1328890832,22.630982756,11454014,54.232,"[9.3522483208, -17.1328890832, 22.630982756]",9.3522483208,-17.1328890832,22.630982756
chr29,14920134,14920401,1.4009628965613548,149,150,"[8.805706676, -16.8861826756, 22.2056198706]",8.805706676,-16.8861826756,22.2056198706,"[8.804962814, -16.8836016934, 22.2063209859]",8.804962814,-16.8836016934,22.2063209859,14920267,20.401,"[8.804962814, -16.8836016934, 22.2063209859]",8.804962814,-16.8836016934,22.2063209859
chr29,14993856,14994068,1.6113167472605436,149,150,"[8.600317184, -16.1735415904, 22.3992064704]",8.600317184,-16.1735415904,22.3992064704,"[8.599726552, -16.171492271199998, 22.3997631612]",8.599726552,-16.171492271199998,22.3997631612,14993962,94.068,"[8.599726552, -16.171492271199998, 22.3997631612]",8.599726552,-16.171492271199998,22.3997631612
chr29,15444743,15444985,1.6975104335911018,154,155,"[9.162095556699999, -16.1382133207, 22.5807630029]",9.162095556699999,-16.1382133207,22.5807630029,"[9.161083246499999, -16.1398020265, 22.579567595500002]",9.161083246499999,-16.1398020265,22.579567595500002,15444864,44.985,"[9.161083246499999, -16.1398020265, 22.579567595500002]",9.161083246499999,-16.1398020265,22.579567595500002
chr29,15718465,15718732,2.858065099751905,157,158,"[8.753922209, -15.926927706, 22.15660106]",8.753922209,-15.926927706,22.15660106,"[8.7544248632, -15.9295038288, 22.156623488]",8.7544248632,-15.9295038288,22.156623488,15718598,18.732,"[8.7544248632, -15.9295038288, 22.156623488]",8.7544248632,-15.9295038288,22.156623488
chr29,15840049,15840315,2.0515107682773044,158,159,"[8.7971530883, -16.271336878299998, 22.179749943]",8.7971530883,-16.271336878299998,22.179749943,"[8.7964207105, -16.2683993605, 22.179858205]",8.7964207105,-16.2683993605,22.179858205,15840182,40.315,"[8.7964207105, -16.2683993605, 22.179858205]",8.7964207105,-16.2683993605,22.179858205
chr29,16537768,16538322,6.372734588621325,165,166,"[9.723532929600001, -15.4290975112, 22.3498125848]",9.723532929600001,-15.4290975112,22.3498125848,"[9.7263761684, -15.4309760698, 22.3538463142]",9.7263761684,-15.4309760698,22.3538463142,16538045,38.322,"[9.7263761684, -15.4309760698, 22.3538463142]",9.7263761684,-15.4309760698,22.3538463142
chr29,17224300,17224716,2.003978900038279,172,173,"[9.597509709999999, -16.01034585, 22.17138023]",9.597509709999999,-16.01034585,22.17138023,"[9.5996686252, -16.014114602, 22.172231407599998]",9.5996686252,-16.014114602,22.172231407599998,17224508,24.715999999999998,"[9.5996686252, -16.014114602, 22.172231407599998]",9.5996686252,-16.014114602,22.172231407599998
chr29,17294647,17294962,4.042951551694719,172,173,"[9.962589535900001, -16.6476544965, 22.3153172267]",9.962589535900001,-16.6476544965,22.3153172267,"[9.9642242914, -16.650508239, 22.3159617482]",9.9642242914,-16.650508239,22.3159617482,17294804,94.962,"[9.9642242914, -16.650508239, 22.3159617482]",9.9642242914,-16.650508239,22.3159617482
chr29,17418720,17419145,2.142129484344931,174,175,"[9.230261791999999, -17.006558416, 22.810054928]",9.230261791999999,-17.006558416,22.810054928,"[9.229687447, -17.0026230435, 22.8108793855]",9.229687447,-17.0026230435,22.8108793855,17418932,19.145,"[9.229687447, -17.0026230435, 22.8108793855]",9.229687447,-17.0026230435,22.8108793855
chr29,17466591,17466875,1.6976697931826954,174,175,"[9.165568922599999, -16.563287317300002, 22.9029198809]",9.165568922599999,-16.563287317300002,22.9029198809,"[9.165185124999999, -16.5606575625, 22.9034708125]",9.165185124999999,-16.5606575625,22.9034708125,17466733,66.875,"[9.165185124999999, -16.5606575625, 22.9034708125]",9.165185124999999,-16.5606575625,22.9034708125
chr29,17692993,17693262,1.904197911790756,176,177,"[9.9863316762, -16.372948588, 23.6370064256]",9.9863316762,-16.372948588,23.6370064256,"[9.9872740908, -16.375615992, 23.637743270399998]",9.9872740908,-16.375615992,23.637743270399998,17693127,93.262,"[9.9872740908, -16.375615992, 23.637743270399998]",9.9872740908,-16.375615992,23.637743270399998
chr29,17711664,17712346,3.62959137532718,177,178,"[9.9489394944, -16.4400715392, 23.5538332368]",9.9489394944,-16.4400715392,23.5538332368,"[9.9453178016, -16.439933638800003, 23.5478478002]",9.9453178016,-16.439933638800003,23.5478478002,17712005,12.346,"[9.9453178016, -16.439933638800003, 23.5478478002]",9.9453178016,-16.439933638800003,23.5478478002
chr29,17841488,17841768,3.331141470159803,178,179,"[9.414326299199999, -15.9987336864, 22.8693332976]",9.414326299199999,-15.9987336864,22.8693332976,"[9.4138841512, -15.9958756704, 22.8699458536]",9.4138841512,-15.9958756704,22.8699458536,17841628,41.768,"[9.4138841512, -15.9958756704, 22.8699458536]",9.4138841512,-15.9958756704,22.8699458536
chr29,17841874,17842098,1.400722815522126,178,179,"[9.4137167666, -15.9947937072, 22.8701777498]",9.4137167666,-15.9947937072,22.8701777498,"[9.413363048199999, -15.992507294400001, 22.8706677946]",9.413363048199999,-15.992507294400001,22.8706677946,17841986,42.098,"[9.413363048199999, -15.992507294400001, 22.8706677946]",9.413363048199999,-15.992507294400001,22.8706677946
chr29,18026112,18026321,1.2494264929488514,180,181,"[9.605878816, -16.438692931200002, 23.229817177599998]",9.605878816,-16.438692931200002,23.229817177599998,"[9.607559803000001, -16.4388335046, 23.2286179983]",9.607559803000001,-16.4388335046,23.2286179983,18026216,26.321,"[9.607559803000001, -16.4388335046, 23.2286179983]",9.607559803000001,-16.4388335046,23.2286179983
chr29,18037240,18037484,1.7708948679634782,180,181,"[9.695381320000001, -16.446177624, 23.165968052]",9.695381320000001,-16.446177624,23.165968052,"[9.697343812, -16.4463417384, 23.1645680532]",9.697343812,-16.4463417384,23.1645680532,18037362,37.484,"[9.697343812, -16.4463417384, 23.1645680532]",9.697343812,-16.4463417384,23.1645680532
chr29,18057887,18058243,2.1277205388197737,180,181,"[9.861445141, -16.4600647962, 23.047501760099998]",9.861445141,-16.4600647962,23.047501760099998,"[9.864308449000001, -16.4603042418, 23.0454591389]",9.864308449000001,-16.4603042418,23.0454591389,18058065,58.243,"[9.864308449000001, -16.4603042418, 23.0454591389]",9.864308449000001,-16.4603042418,23.0454591389
chr29,18329519,18330017,2.2078689336776733,183,184,"[10.0490209835, -17.1600584957, 22.860744716]",10.0490209835,-17.1600584957,22.860744716,"[10.0488698405, -17.155855525099998, 22.863017587999998]",10.0488698405,-17.155855525099998,22.863017587999998,18329768,30.017,"[10.0488698405, -17.155855525099998, 22.863017587999998]",10.0488698405,-17.155855525099998,22.863017587999998
chr29,19065068,19065831,3.040436505646412,190,191,"[11.14976312, -15.4144329556, 22.336523914]",11.14976312,-15.4144329556,22.336523914,"[11.14430004, -15.4108138177, 22.3388400005]",11.14430004,-15.4108138177,22.3388400005,19065449,65.83099999999999,"[11.14430004, -15.4108138177, 22.3388400005]",11.14430004,-15.4108138177,22.3388400005
chr29,19184216,19184458,1.1866294953448713,191,192,"[10.7029551104, -15.8474062792, 22.943266228]",10.7029551104,-15.8474062792,22.943266228,"[10.7023898952, -15.8491265846, 22.944705039]",10.7023898952,-15.8491265846,22.944705039,19184337,84.458,"[10.7023898952, -15.8491265846, 22.944705039]",10.7023898952,-15.8491265846,22.944705039
chr29,19346791,19347119,1.5468992503677927,193,194,"[10.1655734925, -15.3196642734, 23.044912692900002]",10.1655734925,-15.3196642734,23.044912692900002,"[10.164316432500001, -15.3210508606, 23.0477636361]",10.164316432500001,-15.3210508606,23.0477636361,19346955,47.119,"[10.164316432500001, -15.3210508606, 23.0477636361]",10.164316432500001,-15.3210508606,23.0477636361
chr29,19388013,19388218,1.627303307521634,193,194,"[10.007590177500001, -15.4939261562, 23.4032101947]",10.007590177500001,-15.4939261562,23.4032101947,"[10.006804515, -15.4947927732, 23.4049920342]",10.006804515,-15.4947927732,23.4049920342,19388115,88.21799999999999,"[10.006804515, -15.4947927732, 23.4049920342]",10.006804515,-15.4947927732,23.4049920342
chr29,19708000,19708547,1.969292937510628,197,198,"[10.252407999999999, -16.5653764, 23.6368248]",10.252407999999999,-16.5653764,23.6368248,"[10.254205442, -16.5616339901, 23.6400989232]",10.254205442,-16.5616339901,23.6400989232,19708273,8.547,"[10.254205442, -16.5616339901, 23.6400989232]",10.254205442,-16.5616339901,23.6400989232
chr29,19732067,19732564,2.590326087815421,197,198,"[10.331492162, -16.4007172061, 23.7808802352]",10.331492162,-16.4007172061,23.7808802352,"[10.333125304, -16.397316881200002, 23.783855078400002]",10.333125304,-16.397316881200002,23.783855078400002,19732315,32.564,"[10.333125304, -16.397316881200002, 23.783855078400002]",10.333125304,-16.397316881200002,23.783855078400002
chr29,19748959,19749656,1.8627315311555028,197,198,"[10.386999273999999, -16.2851472097, 23.8819889904]",10.386999273999999,-16.2851472097,23.8819889904,"[10.389289616, -16.2803785448, 23.8861609536]",10.389289616,-16.2803785448,23.8861609536,19749307,49.656,"[10.389289616, -16.2803785448, 23.8861609536]",10.389289616,-16.2803785448,23.8861609536
chr29,19822071,19822349,2.79646285789476,198,199,"[10.5486570963, -15.8033572959, 24.010316219099998]",10.5486570963,-15.8033572959,24.010316219099998,"[10.5485807297, -15.8016873221, 24.0080844629]",10.5485807297,-15.8016873221,24.0080844629,19822210,22.349,"[10.5485807297, -15.8016873221, 24.0080844629]",10.5485807297,-15.8016873221,24.0080844629
chr29,20104415,20104821,2.221002431191834,201,202,"[11.002137384, -15.139565227, 23.617668665]",11.002137384,-15.139565227,23.617668665,"[11.0001112816, -15.139741349800001, 23.613994771]",11.0001112816,-15.139741349800001,23.613994771,20104618,4.821000000000001,"[11.0001112816, -15.139741349800001, 23.613994771]",11.0001112816,-15.139741349800001,23.613994771
chr29,20184853,20185371,2.068664018251721,201,202,"[10.6007195888, -15.1744592314, 22.889785203]",10.6007195888,-15.1744592314,22.889785203,"[10.5981345616, -15.1746839398, 22.885097821]",10.5981345616,-15.1746839398,22.885097821,20185112,85.371,"[10.5981345616, -15.1746839398, 22.885097821]",10.5981345616,-15.1746839398,22.885097821
chr29,20862691,20863526,6.178890437280346,208,209,"[10.842677439500001, -15.401820777, 23.480446811300002]",10.842677439500001,-15.401820777,23.480446811300002,"[10.843207247, -15.407955522, 23.485159801800002]",10.843207247,-15.407955522,23.485159801800002,20863108,63.526,"[10.843207247, -15.407955522, 23.485159801800002]",10.843207247,-15.407955522,23.485159801800002
chr29,20927948,20928495,3.175840507477685,209,210,"[10.6152483992, -15.7203729096, 23.8696568472]",10.6152483992,-15.7203729096,23.8696568472,"[10.610333823000001, -15.721242749, 23.873152943]",10.610333823000001,-15.721242749,23.873152943,20928221,28.494999999999997,"[10.610333823000001, -15.721242749, 23.873152943]",10.610333823000001,-15.721242749,23.873152943
chr29,20993178,20993445,2.346053597632419,209,210,"[10.0291829412, -15.8241016556, 24.2865678692]",10.0291829412,-15.8241016556,24.2865678692,"[10.026784053, -15.824526238999999, 24.288274373]",10.026784053,-15.824526238999999,24.288274373,20993311,93.445,"[10.026784053, -15.824526238999999, 24.288274373]",10.026784053,-15.824526238999999,24.288274373
chr29,21035863,21036085,2.438317568989488,210,211,"[9.7450803536, -16.096541894599998, 24.287059087699998]",9.7450803536,-16.096541894599998,24.287059087699998,"[9.743701112, -16.098161207, 24.286792221499997]",9.743701112,-16.098161207,24.286792221499997,21035974,36.085,"[9.743701112, -16.098161207, 24.286792221499997]",9.743701112,-16.098161207,24.286792221499997
chr29,21135961,21136890,1.9367964144543504,211,212,"[9.3887167349, -16.2084567908, 24.0665511281]",9.3887167349,-16.2084567908,24.0665511281,"[9.389804501, -16.199262292, 24.062846369]",9.389804501,-16.199262292,24.062846369,21136425,36.89,"[9.389804501, -16.199262292, 24.062846369]",9.389804501,-16.199262292,24.062846369
chr29,21150710,21150948,1.6881585231348246,211,212,"[9.405986339, -16.062482988, 24.007733591]",9.405986339,-16.062482988,24.007733591,"[9.4062650132, -16.0601274544, 24.0067844708]",9.4062650132,-16.0601274544,24.0067844708,21150829,50.94800000000001,"[9.4062650132, -16.0601274544, 24.0067844708]",9.4062650132,-16.0601274544,24.0067844708
chr29,21214222,21214959,1.8601146284566643,212,213,"[9.538736694199999, -15.4925065724, 23.7391341478]",9.538736694199999,-15.4925065724,23.7391341478,"[9.5426251799, -15.4882498078, 23.7354011691]",9.5426251799,-15.4882498078,23.7354011691,21214590,14.959,"[9.5426251799, -15.4882498078, 23.7354011691]",9.5426251799,-15.4882498078,23.7354011691
chr29,21215092,21215527,2.021894814776278,212,213,"[9.5433269012, -15.487481626400001, 23.7347275108]",9.5433269012,-15.487481626400001,23.7347275108,"[9.5456220047, -15.4849691534, 23.7325241923]",9.5456220047,-15.4849691534,23.7325241923,21215309,15.527,"[9.5456220047, -15.4849691534, 23.7325241923]",9.5456220047,-15.4849691534,23.7325241923
chr29,21215839,21216418,2.8930661811112124,212,213,"[9.547268147899999, -15.4831671038, 23.7309438811]",9.547268147899999,-15.4831671038,23.7309438811,"[9.5503230098, -15.4798229156, 23.7280111882]",9.5503230098,-15.4798229156,23.7280111882,21216128,16.418,"[9.5503230098, -15.4798229156, 23.7280111882]",9.5503230098,-15.4798229156,23.7280111882
chr29,21445324,21445543,1.7877890454035372,214,215,"[10.3935526328, -15.687730727600002, 23.8788134188]",10.3935526328,-15.687730727600002,23.8788134188,"[10.3917638846, -15.6890151407, 23.8791492991]",10.3917638846,-15.6890151407,23.8791492991,21445433,45.543,"[10.3917638846, -15.6890151407, 23.8791492991]",10.3917638846,-15.6890151407,23.8791492991
chr29,21463309,21463684,2.183708958307902,214,215,"[10.2466547498, -15.793210954100001, 23.9063970133]",10.2466547498,-15.793210954100001,23.9063970133,"[10.2435918248, -15.795410291600001, 23.906972150799998]",10.2435918248,-15.795410291600001,23.906972150799998,21463496,63.684,"[10.2435918248, -15.795410291600001, 23.906972150799998]",10.2435918248,-15.795410291600001,23.906972150799998
chr29,21542808,21543400,1.3990635087562573,215,216,"[10.023497861600001, -16.4397077232, 24.0701780112]",10.023497861600001,-16.4397077232,24.0701780112,"[10.024556180000001, -16.44567236, 24.071664759999997]",10.024556180000001,-16.44567236,24.071664759999997,21543104,43.4,"[10.024556180000001, -16.44567236, 24.071664759999997]",10.024556180000001,-16.44567236,24.071664759999997
chr29,21543933,21544437,1.467806756259903,215,216,"[10.0255090241, -16.4510425482, 24.0730033362]",10.0255090241,-16.4510425482,24.0730033362,"[10.0264100249, -16.4561205498, 24.0742690818]",10.0264100249,-16.4561205498,24.0742690818,21544185,44.437,"[10.0264100249, -16.4561205498, 24.0742690818]",10.0264100249,-16.4561205498,24.0742690818
chr29,21544470,21545155,2.713068012425499,215,216,"[10.026469019, -16.456453038000003, 24.074351957999998]",10.026469019,-16.456453038000003,24.074351957999998,"[10.0276935935, -16.463354687000002, 24.076072267]",10.0276935935,-16.463354687000002,24.076072267,21544812,45.155,"[10.0276935935, -16.463354687000002, 24.076072267]",10.0276935935,-16.463354687000002,24.076072267
chr29,21577045,21577705,2.940319833791617,215,216,"[10.0847033465, -16.784659193, 24.156160813]",10.0847033465,-16.784659193,24.156160813,"[10.0858832285, -16.791308957000002, 24.157818337]",10.0858832285,-16.791308957000002,24.157818337,21577375,77.705,"[10.0858832285, -16.791308957000002, 24.157818337]",10.0858832285,-16.791308957000002,24.157818337
chr29,21737508,21738067,5.438312434553033,217,218,"[9.442424941999999, -16.2723369076, 24.027372234799998]",9.442424941999999,-16.2723369076,24.027372234799998,"[9.4447791705, -16.2687144199, 24.0309347977]",9.4447791705,-16.2687144199,24.0309347977,21737787,38.067,"[9.4447791705, -16.2687144199, 24.0309347977]",9.4447791705,-16.2687144199,24.0309347977
chr29,21855428,21855812,3.2219795115912957,218,219,"[10.2018236272, -15.9839406268, 24.4911448104]",10.2018236272,-15.9839406268,24.4911448104,"[10.2052613488, -15.9847482172, 24.4915986216]",10.2052613488,-15.9847482172,24.4915986216,21855620,55.812,"[10.2052613488, -15.9847482172, 24.4915986216]",10.2052613488,-15.9847482172,24.4915986216
chr29,21905609,21906010,2.0362212060395617,219,220,"[10.5360503448, -16.0758525878, 24.526684505]",10.5360503448,-16.0758525878,24.526684505,"[10.531417672, -16.075721942, 24.52545945]",10.531417672,-16.075721942,24.52545945,21905809,6.01,"[10.531417672, -16.075721942, 24.52545945]",10.531417672,-16.075721942,24.52545945
chr29,21924354,21925151,3.544095469089494,219,220,"[10.3194931088, -16.0697454668, 24.469418530000002]",10.3194931088,-16.0697454668,24.469418530000002,"[10.3102855272, -16.0694858042, 24.466983695]",10.3102855272,-16.0694858042,24.466983695,21924752,25.151,"[10.3102855272, -16.0694858042, 24.466983695]",10.3102855272,-16.0694858042,24.466983695
chr29,21945782,21946417,3.0569686991023266,219,220,"[10.071939710399999, -16.062764224400002, 24.40395599]",10.071939710399999,-16.062764224400002,24.40395599,"[10.0646036824, -16.0625573414, 24.402016065]",10.0646036824,-16.0625573414,24.402016065,21946099,46.417,"[10.0646036824, -16.0625573414, 24.402016065]",10.0646036824,-16.0625573414,24.402016065
chr29,21981015,21981464,4.354955881369406,219,220,"[9.664899908, -16.051285313, 24.296319175]",9.664899908,-16.051285313,24.296319175,"[9.6597127008, -16.0511390288, 24.29494748]",9.6597127008,-16.0511390288,24.29494748,21981239,81.464,"[9.6597127008, -16.0511390288, 24.29494748]",9.6597127008,-16.0511390288,24.29494748
chr29,21997442,21997679,2.6035521518329023,219,220,"[9.4751220624, -16.045933396400002, 24.24613469]",9.4751220624,-16.045933396400002,24.24613469,"[9.4723840488, -16.0458561818, 24.245410655]",9.4723840488,-16.0458561818,24.245410655,21997560,97.679,"[9.4723840488, -16.0458561818, 24.245410655]",9.4723840488,-16.0458561818,24.245410655
chr29,22773141,22773433,13.330840385939975,227,228,"[11.2943589178, -15.1302644662, 22.8780235867]",11.2943589178,-15.1302644662,22.8780235867,"[11.2933970114, -15.1277293806, 22.8771092471]",11.2933970114,-15.1277293806,22.8771092471,22773287,73.433,"[11.2933970114, -15.1277293806, 22.8771092471]",11.2933970114,-15.1277293806,22.8771092471
chr29,22958178,22958936,3.148363480939085,229,230,"[11.2413737254, -15.577517677, 24.0930587868]",11.2413737254,-15.577517677,24.0930587868,"[11.2413921448, -15.578159324, 24.1002299216]",11.2413921448,-15.578159324,24.1002299216,22958557,58.936,"[11.2413921448, -15.578159324, 24.1002299216]",11.2413921448,-15.578159324,24.1002299216
chr29,22967263,22967538,2.0319102989543567,229,230,"[11.2415944909, -15.5852081295, 24.1790083378]",11.2415944909,-15.5852081295,24.1790083378,"[11.2416011734, -15.585440917, 24.1816100028]",11.2416011734,-15.585440917,24.1816100028,22967400,67.538,"[11.2416011734, -15.585440917, 24.1816100028]",11.2416011734,-15.585440917,24.1816100028
chr29,23131219,23131584,1.7155358807681358,231,232,"[10.182608703, -15.6767744094, 24.247886553]",10.182608703,-15.6767744094,24.247886553,"[10.180578208, -15.6796807584, 24.247735808]",10.180578208,-15.6796807584,24.247735808,23131401,31.584,"[10.180578208, -15.6796807584, 24.247735808]",10.180578208,-15.6796807584,24.247735808
chr29,23217829,23218443,1.4722819166191237,232,233,"[9.938582646, -16.2408116733, 24.3305938938]",9.938582646,-16.2408116733,24.3305938938,"[9.943355882, -16.2413751411, 24.3344204646]",9.943355882,-16.2413751411,24.3344204646,23218136,18.443,"[9.943355882, -16.2413751411, 24.3344204646]",9.943355882,-16.2413751411,24.3344204646
chr29,23236707,23237923,1.8873840968467688,232,233,"[10.085340217999999, -16.2581360139, 24.448245365400002]",10.085340217999999,-16.2581360139,24.448245365400002,"[10.094793402, -16.2592519371, 24.4558237206]",10.094793402,-16.2592519371,24.4558237206,23237315,37.923,"[10.094793402, -16.2592519371, 24.4558237206]",10.094793402,-16.2592519371,24.4558237206
chr29,23254413,23254684,1.8822437252065791,232,233,"[10.222986662, -16.274384810100003, 24.558592698600002]",10.222986662,-16.274384810100003,24.558592698600002,"[10.225093416, -16.2746335068, 24.5602816248]",10.225093416,-16.2746335068,24.5602816248,23254548,54.684,"[10.225093416, -16.2746335068, 24.5602816248]",10.225093416,-16.2746335068,24.5602816248
chr29,23286903,23287544,3.413579413931753,232,233,"[10.475563922, -16.304200883100002, 24.7610768766]",10.475563922,-16.304200883100002,24.7610768766,"[10.480547055999999, -16.3047891288, 24.7650717168]",10.480547055999999,-16.3047891288,24.7650717168,23287223,87.544,"[10.480547055999999, -16.3047891288, 24.7650717168]",10.480547055999999,-16.3047891288,24.7650717168
chr29,23297395,23297946,4.618725929632378,232,233,"[10.55712873, -16.3138293915, 24.826465119]",10.55712873,-16.3138293915,24.826465119,"[10.561412204, -16.3143350442, 24.8298990612]",10.561412204,-16.3143350442,24.8298990612,23297670,97.946,"[10.561412204, -16.3143350442, 24.8298990612]",10.561412204,-16.3143350442,24.8298990612
chr29,23322541,23322940,2.1043312728853154,233,234,"[10.6894358192, -16.511636945400003, 24.8289860556]",10.6894358192,-16.511636945400003,24.8289860556,"[10.691419328, -16.515096036000003, 24.828743304]",10.691419328,-16.515096036000003,24.828743304,23322740,22.939999999999998,"[10.691419328, -16.515096036000003, 24.828743304]",10.691419328,-16.515096036000003,24.828743304
chr29,23347840,23348077,2.203152699058066,233,234,"[10.815202208, -16.730964096, 24.813594144]",10.815202208,-16.730964096,24.813594144,"[10.8163803824, -16.733018743800002, 24.813449953200003]",10.8163803824,-16.733018743800002,24.813449953200003,23347958,48.077,"[10.8163803824, -16.733018743800002, 24.813449953200003]",10.8163803824,-16.733018743800002,24.813449953200003
chr29,23350638,23351154,1.2395018818535546,233,234,"[10.8291116256, -16.7552210772, 24.8118918408]",10.8291116256,-16.7552210772,24.8118918408,"[10.831676764800001, -16.7596944876, 24.8115779064]",10.831676764800001,-16.7596944876,24.8115779064,23350896,51.153999999999996,"[10.831676764800001, -16.7596944876, 24.8115779064]",10.831676764800001,-16.7596944876,24.8115779064
chr29,23352543,23352892,1.8423025536332227,233,234,"[10.8385817616, -16.7717362842, 24.8107328388]",10.8385817616,-16.7717362842,24.8107328388,"[10.8403167104, -16.774761904800002, 24.8105205072]",10.8403167104,-16.774761904800002,24.8105205072,23352717,52.891999999999996,"[10.8403167104, -16.774761904800002, 24.8105205072]",10.8403167104,-16.774761904800002,24.8105205072
chr29,23377798,23378452,4.006081782167476,233,234,"[10.9641294176, -16.9906819812, 24.795367696800003]",10.9641294176,-16.9906819812,24.795367696800003,"[10.9673805824, -16.9963517688, 24.7949698032]",10.9673805824,-16.9963517688,24.7949698032,23378125,78.452,"[10.9673805824, -16.9963517688, 24.7949698032]",10.9673805824,-16.9963517688,24.7949698032
chr29,23403544,23404087,2.333943417498201,234,235,"[11.040337257600001, -17.1822885304, 24.78873536]",11.040337257600001,-17.1822885304,24.78873536,"[11.035102954800001, -17.1821550067, 24.789788780000002]",11.035102954800001,-17.1821550067,24.789788780000002,23403815,4.087,"[11.035102954800001, -17.1821550067, 24.789788780000002]",11.035102954800001,-17.1821550067,24.789788780000002
chr29,23426720,23427193,2.103209907358343,234,235,"[10.816929888, -17.176589552, 24.833696800000002]",10.816929888,-17.176589552,24.833696800000002,"[10.8123703572, -17.176473241300002, 24.83461442]",10.8123703572,-17.176473241300002,24.83461442,23426956,27.193,"[10.8123703572, -17.176473241300002, 24.83461442]",10.8123703572,-17.176473241300002,24.83461442
chr29,23440346,23440616,1.4254668902467795,234,235,"[10.6855806984, -17.1732389186, 24.86013124]",10.6855806984,-17.1732389186,24.86013124,"[10.6829780064, -17.173172525600002, 24.86065504]",10.6829780064,-17.173172525600002,24.86065504,23440481,40.616,"[10.6829780064, -17.173172525600002, 24.86065504]",10.6829780064,-17.173172525600002,24.86065504
chr29,23463687,23464958,3.650081970483463,234,235,"[10.4605827948, -17.1674993667, 24.905412780000002]",10.4605827948,-17.1674993667,24.905412780000002,"[10.4483308632, -17.167186827800002, 24.90787852]",10.4483308632,-17.167186827800002,24.90787852,23464322,64.958,"[10.4483308632, -17.167186827800002, 24.90787852]",10.4483308632,-17.167186827800002,24.90787852
chr29,23483508,23484010,2.448681442861063,234,235,"[10.2695162832, -17.1626253828, 24.943865520000003]",10.2695162832,-17.1626253828,24.943865520000003,"[10.264677204, -17.162501941000002, 24.9448394]",10.264677204,-17.162501941000002,24.9448394,23483759,84.00999999999999,"[10.264677204, -17.162501941000002, 24.9448394]",10.264677204,-17.162501941000002,24.9448394
chr29,23658942,23659548,5.350729464894474,236,237,"[11.0580696246, -16.328350573799998, 24.7182915616]",11.0580696246,-16.328350573799998,24.7182915616,"[11.0589794124, -16.322808037199998, 24.7194579904]",11.0589794124,-16.322808037199998,24.7194579904,23659245,59.548,"[11.0589794124, -16.322808037199998, 24.7194579904]",11.0589794124,-16.322808037199998,24.7194579904
chr29,23673694,23675468,2.580704723901652,236,237,"[11.080216802199999, -16.1934273066, 24.7466862112]",11.080216802199999,-16.1934273066,24.7466862112,"[11.0828801084, -16.1772021252, 24.7501008064]",11.0828801084,-16.1772021252,24.7501008064,23674581,75.468,"[11.0828801084, -16.1772021252, 24.7501008064]",11.0828801084,-16.1772021252,24.7501008064
chr29,23679164,23679654,2.435738266730795,236,237,"[11.0884289132, -16.1433981396, 24.7572148672]",11.0884289132,-16.1433981396,24.7572148672,"[11.0891645502, -16.1389165506, 24.7581580192]",11.0891645502,-16.1389165506,24.7581580192,23679409,79.654,"[11.0891645502, -16.1389165506, 24.7581580192]",11.0891645502,-16.1389165506,24.7581580192
chr29,23692996,23693592,6.523086378638376,236,237,"[11.1091948948, -16.0168892844, 24.7838387008]",11.1091948948,-16.0168892844,24.7838387008,"[11.110089669599999, -16.0114382088, 24.7849858816]",11.110089669599999,-16.0114382088,24.7849858816,23693294,93.592,"[11.110089669599999, -16.0114382088, 24.7849858816]",11.110089669599999,-16.0114382088,24.7849858816
chr29,23840191,23840683,3.644709848776096,238,239,"[11.7412649211, -16.430259067, 24.2500997712]",11.7412649211,-16.430259067,24.2500997712,"[11.7430961943, -16.426341271, 24.2485072656]",11.7430961943,-16.426341271,24.2485072656,23840437,40.683,"[11.7430961943, -16.426341271, 24.2485072656]",11.7430961943,-16.426341271,24.2485072656
chr29,23922688,23923030,1.9719504511844343,239,240,"[12.062209791999999, -16.087677696, 23.9110617696]",12.062209791999999,-16.087677696,23.9110617696,"[12.06369202, -16.089692760000002, 23.908869276]",12.06369202,-16.089692760000002,23.908869276,23922859,23.03,"[12.06369202, -16.089692760000002, 23.908869276]",12.06369202,-16.089692760000002,23.908869276
chr29,23926708,23927276,2.611981351820516,239,240,"[12.079632472, -16.111363536, 23.8852903536]",12.079632472,-16.111363536,23.8852903536,"[12.082094184, -16.114710192, 23.8816490192]",12.082094184,-16.114710192,23.8816490192,23926992,27.276,"[12.082094184, -16.114710192, 23.8816490192]",12.082094184,-16.114710192,23.8816490192
