gene_name,expr_delta_12h,expr_delta_18h,expr_delta_24h,acc_delta_12h_tss,acc_delta_18h_tss,acc_delta_24h_tss
LOC103246557,0.71046566383021,-0.133420639527894,-1.83698129808836,,,
LOC103246564,0.578980096102925,0.234230809542102,0.272129333695631,1.8316899999999996,1.6356000000000002,-0.6166699999999996
LOC103246561,-0.210430905446884,2.36564739248067,2.18982441622345,,1.09132,
LOC103246567,1.36742130208771,-0.777471499962045,2.55331430005765,-5.867090000000001,-2.83567,-3.9806899999999996
LOC103246565,0.21185537873941,2.26258015638861,1.95904801456174,,,
VKORC1L1,-0.159532190736686,-0.0832236800146448,-0.270892518526475,11.887199999999993,6.7577,-3.9903000000000013
GUSB,0.142348694124651,-0.0470667587128337,-0.701104597929239,0.29286999999999974,-0.7810100000000002,-2.5389699999999995
LOC103246927,-2.78201366921811,2.19701845578602,0.96730339669768,,0.1850900000000002,1.1514600000000002
LOC103246928,0.824702725269137,0.582041246217153,1.46693084095345,1.1575899999999995,0.4871699999999999,0.34448000000000034
LOC103246573,0.0448834939953546,0.468265596292126,0.243002364359095,-3.17295,-2.3458000000000006,0.707040000000001
ASL,-0.0799030687662674,-0.132090940951425,-0.132333853571676,-8.4542,-3.9731000000000005,0.4710000000000001
TRNAT-UGU,-0.88306176973163,-1.29878870659716,1.18882234460381,,,
CRCP,0.283986862651876,0.431805335205348,0.535791320498572,-2.7802000000000007,-13.70767,1.3598800000000004
TPST1,0.550388231850349,0.969641356384586,0.890702042858895,-29.53968,-5.899899999999999,-9.729519999999999
LOC103246580,1.99642531975,0.0,0.0,,0.1850900000000002,
LOC103246581,1.31225566511491,0.0,2.41137845845671,,1.8778100000000002,
LOC103246584,-0.930637990113199,-0.702797671058082,-0.360898273041343,,1.5158799999999997,1.3237100000000002
KCTD7,-0.152593467471422,-0.275212683668576,0.304278206743743,54.420899999999996,23.181299999999997,-36.2249
RABGEF1,0.596848673445209,0.918122686491576,1.50575078676335,-5.760100000000001,0.8656000000000006,-3.6542899999999996
LOC103246588,0.939874365145917,-0.0286447612301391,-0.525947407698942,,-0.05712000000000028,
LOC103246932,-1.9015616661161,0.0,0.0,,,
LOC103246592,2.7504344628402,0.0,0.974188661418076,,,
TMEM248,-0.0570628947352698,-0.227304455188754,-0.490260845946329,1.7387000000000006,-2.8955399999999996,-0.6166699999999996
SBDS,0.57869249641436,1.08535429215882,0.89652997029674,1.4527,-12.7959,2.6112600000000006
LOC103246597,0.0041340065305439,0.0135613222707264,-0.128777530338446,-63.700570000000006,-24.1331,-18.5798
CALN1,,,,,0.5470299999999999,-0.6166699999999996
WBSCR17,-0.145635218021569,-0.458812886042444,-1.02901712273153,3.8539999999999996,1.8179499999999997,-2.21256
AUTS2,0.0921207155375843,0.14750685240623,0.280043756131373,-1.2482700000000007,-0.9633499999999997,-1.25141
LOC103246604,0.996551897563749,-0.844084431406997,-0.284268409823908,2.2175499999999997,-2.4111100000000008,1.4778799999999999
LOC103246603,,,,2.2175499999999997,-13.58794,
LOC103246934,,,,3.4727300000000003,-2.228769999999999,
GATSL2,-0.936777749117543,-0.713746736106173,0.0268757788124437,3.4727300000000003,-2.228769999999999,-2.5389699999999995
WBSCR16,-0.192301823333894,-0.0884944164071384,-0.704285590296759,-0.28593000000000046,-0.11697999999999986,1.8042800000000003
LOC103246613,0.22726982114844,0.538684291177778,0.114735604190085,2.615000000000002,-3.913299999999998,-9.40314
NCF1,4.42607789800113,5.50162508058594,-0.0386703061492855,-18.068400000000004,-22.5711,-19.1327
GTF2I,-0.556649456897244,-0.741104217833676,-0.76486674896678,14.158399999999999,0.1850900000000002,4.3794
GTF2IRD1,-0.292932890266472,-0.478822537666425,-0.0899401394533799,9.53732,-0.5959199999999996,-0.13608999999999982
CLIP2,-0.833892641413797,-0.0685562764924099,-0.134248230170812,0.5811000000000002,-0.7211399999999997,-1.5778199999999996
RFC2,0.117240044136981,0.382041161484429,-0.103277944172463,-11.048400000000004,-11.094999999999999,-16.14919
LAT2,1.55512626339286,2.37810149662606,3.25413008780975,0.0023100000000000342,0.1850900000000002,0.67089
EIF4H,-0.519254497635876,-0.270979371629387,-0.71526868818318,0.48348999999999975,2.96638,0.34448000000000034
LIMK1,-0.35485445237035,-0.674627215283628,-0.42506593133435,-0.09299999999999997,1.8179499999999997,0.5167299999999999
ELN,-1.90544442071384,0.0,1.95977259531558,-11.83399,4.53937,-2.21256
LOC103246937,,,,,,
LOC103246621,0.676753251344636,0.0,0.0,1.3505099999999999,-0.41905999999999954,1.4778799999999999
WBSCR28,1.31679812510003,2.05259424256077,-1.4945970276968,,-1.38516,
WBSCR27,0.624381776454196,-0.774467873067535,0.953921756090639,-11.4342,3.51067,0.34448000000000034
CLDN4,-0.7777215206283,-1.20068131642924,-1.58625263061732,2.6034100000000002,4.47951,-0.44442000000000004
LOC103246625,-1.56646667017678,-0.670664087789075,2.4097674201997,-41.66659,-19.62944,0.34448000000000034
CLDN3,0.676753251344636,0.0,0.0,2.02461,1.69822,
ABHD11,0.615008999906884,0.290114396559359,0.204445534215306,-3.6402,-10.616,-10.844839999999998
STX1A,1.48648553542646,1.16152340327512,2.02307850159391,-35.12088,-0.11697999999999986,-0.9249999999999998
WBSCR22,-0.155813220244536,0.209510818718623,-0.156555943896556,-24.3399,2.9065200000000004,-3.0195399999999997
DNAJC30,-0.33776995263479,-0.530920134663434,0.167620617782069,-24.3399,-7.968169999999999,-0.5985899999999997
VPS37D,0.531027255864915,0.157614956982657,0.616585482205203,0.09992999999999963,2.4220999999999995,-1.0972399999999998
MLXIPL,0.0,2.56950354302237,2.40176234197326,0.19523999999999964,0.9117199999999999,-1.5778199999999996
LOC103246635,3.98140906680058,2.73565858642918,2.41130908125403,-36.071600000000004,-34.493790000000004,-9.86559
TBL2,0.238034316007106,0.415262645899957,0.411281549657567,-36.071600000000004,-19.7981,-9.86559
BCL7B,-0.0910819822298795,-0.137547082749961,-0.0406483856945498,0.3904899999999989,-2.4029000000000007,0.036150000000000126
BAZ1B,-0.0750189243818803,0.529654651959954,0.42958011789251,-9.7909,-13.331999999999997,-9.55725
FZD9,-1.04616453635187,1.67686970944885,-0.0290911337900538,-1.4411999999999998,1.5158799999999997,-1.8861499999999998
FKBP6,0.0,2.73641563416633,2.41135153903168,-4.616460000000001,-2.17165,-0.13608999999999982
TRIM50,,,,2.0292000000000012,-1.0232100000000002,0.036150000000000126
NSUN5,0.261285502178702,-0.729111107904761,-0.283165113812324,-2.494300000000001,-3.4969899999999994,-0.9249999999999998
POM121C,0.0951629945049842,0.176720016196011,0.50761174823828,-0.7671000000000001,0.42730000000000024,1.4778799999999999
LOC103246643,1.47683865750716,1.81639079247457,1.18683862743234,1.64107,-2.4111100000000008,-1.0791699999999995
HIP1,0.0252944577214849,0.400726327319448,0.437371121356158,-3.6541200000000007,1.2736600000000005,-0.13608999999999982
LOC103246646,4.03234720685473,2.5262353842018,2.95874398365538,,0.42730000000000024,1.1514600000000002
CCL24,,,,,,
RHBDD2,-0.023780681498157,-0.136300604268294,-0.297299312059521,7.900880000000001,5.08641,-2.21256
POR,-0.727697911276945,-0.925118303995339,-1.03047691517586,-16.2553,-5.192409999999999,-2.21256
TMEM120A,0.117014188975043,0.3090418129487,0.775227694848479,1.8316899999999996,5.98989,-0.6166699999999996
STYXL1,-0.36666359849711,-0.811591261176778,-0.920251828020045,0.48348999999999975,1.03145,0.34448000000000034
MDH2,-0.387820410426743,-0.510318745249565,-1.56541357339053,-63.41228,34.959540000000004,-12.5226
SRRM3,2.02077878301288,6.02782005933296,5.98958217999496,4.144550000000001,0.12522000000000055,-1.0972399999999998
LOC103246661,-0.604170488180237,-0.406984318646264,-1.19039032029632,2.2269000000000005,-6.81706,-5.55854
YWHAG,-0.601186258752203,-0.434782232872075,-0.648471581007135,-1.4411999999999998,-0.35919999999999996,-1.0972399999999998
SRCRB4D,2.93850547448811,0.121055621434263,0.212472360234808,4.24214,-4.103839999999999,
ZP3,0.0,0.0,2.40178883633417,1.1575899999999995,0.1850900000000002,-1.0972399999999998
LOC103246663,1.51395832371572,2.08797334317069,1.15276660205828,1.1575899999999995,1.5757400000000001,0.34448000000000034
DTX2,0.56629518827318,0.978953083170746,0.893702546708868,0.113900000000001,1.2847000000000008,-4.59734
UPK3B,1.95934332349193,2.90359278789267,0.95656231635164,1.25521,0.24770000000000003,-3.00146
LOC103246669,0.0,0.0,-0.492126251241272,-0.47886000000000006,0.4871699999999999,0.1903100000000002
LOC103246672,0.117297825044147,-0.3181093602776,0.392950118609668,2.412769999999999,-8.6921,-5.884919999999999
LOC103246671,-0.198588490635264,-0.696535221842648,-0.220326202730756,-22.3059,0.9117199999999999,3.0918400000000004
LOC103246670,-0.46395395084892,-0.611519274118794,-0.477141821561463,,2.4220999999999995,
POLR2J,-1.00976543734034,-0.266826060406427,-0.579363633013489,2.9892700000000003,6.5369399999999995,-8.441939999999999
LRWD1,0.0070408088317953,0.464676077185717,0.219414622003451,-0.28593000000000046,-0.2965800000000005,-1.25141
ALKBH4,-0.272356440076006,0.482414586948953,-0.0361115476015145,12.90792,2.6044500000000004,-0.9249999999999998
ORAI2,-0.0225212393312362,-0.165399775431151,0.0871559813610136,3.1798999999999995,-1.56475,-1.5778199999999996
PRKRIP1,0.641348740696445,1.23112669558841,0.950793517617926,7.898580000000001,2.66431,-3.4820399999999996
SH2B2,0.936619020258868,0.469183083401064,0.904230000043133,1.8316899999999996,-0.11697999999999986,1.4778799999999999
CUX1,-0.255596496376175,-0.400791299034209,-0.353220809954819,0.19523999999999964,-0.05712000000000028,-1.0972399999999998
MYL10,0.0,0.0,-0.47611566869659,-3.84705,-0.23672000000000004,-0.9249999999999998
COL26A1,-1.02062108161871,-2.99092245870079,-1.45336817546965,1.3505099999999999,-0.35919999999999996,-1.25141
IFT22,-0.535321674285663,-0.690827213979663,-1.93860569533867,-3.2637,-1.1346999999999987,-3.0195399999999997
FIS1,-0.0631887926502799,-0.302787358399861,-0.183065629294512,-53.6913,26.49316,-36.2611
CLDN15,0.918097420488192,1.14076679221056,1.62484893951898,0.6764099999999997,0.12522000000000055,-0.9249999999999998
ZNHIT1,-0.963849752790253,-1.04109318398214,-2.20046934567347,3.47044,1.5757400000000001,-0.29025999999999996
PLOD3,-0.486534386135036,-0.78941880010368,-1.50602951279096,3.47044,-0.5387899999999997,4.7239
MOGAT3,-1.51007849757733,-1.70901747181621,1.55361664212997,,1.33352,1.1514600000000002
NAT16,-0.702498572926856,-0.885973602037806,-0.730764050778682,2.412769999999999,-0.17410999999999976,-3.5001199999999995
VGF,-0.553394699697664,-1.01992665645437,-1.44154259886688,0.19756000000000018,1.7580800000000005,-4.61543
LOC103246697,2.27271368574994,0.735182200611533,-1.03957905382219,,8.35211,
AP1S1,-1.24646051452142,-2.05417251981245,-3.27604602353313,-3.17295,8.35211,5.68505
SERPINE1,-1.49749655632239,-1.97387342974614,-2.23163984847885,23.795699999999997,-25.118399999999994,-21.363300000000002
LOC103246699,-4.33839977672204,-1.70989846671152,-0.0453865699408459,-3.842500000000001,8.112700000000002,-3.5001199999999995
TRIM56,-0.375806464511952,-0.833809319763683,-0.343077027761301,0.48348999999999975,2.4220999999999995,0.9973000000000001
LOC103246704,,,,,,
MUC17,2.65089793138186,4.12194060435804,5.40461976325101,,,
MUC12,1.32883385631832,-0.391670346080143,0.0,0.7740399999999994,15.547509999999999,7.29895
LOC103246709,1.58713340198611,3.39871528508266,1.97159681736614,0.7740399999999994,-1.3252900000000003,7.29895
LOC103246940,,,,0.0023100000000000342,,
MUC3A,0.0,0.0,-0.47611566869659,2.6034100000000002,-2.7703299999999995,0.3625600000000002
LOC103246942,,,,,0.9117199999999999,
ACHE,1.25542840815647,1.94986276328352,3.02402754251386,-0.5741700000000005,1.03145,-0.6166699999999996
UFSP1,0.604974812246007,0.63535590290446,0.451569113644737,-4.9047,0.9715900000000004,-0.11801999999999957
SRRT,-0.0807400011311007,0.286681122958335,0.518449904204297,0.6764099999999997,0.1850900000000002,-1.7319899999999997
TRIP6,0.426144397980849,0.486828717706589,0.754912222162307,5.49272,-1.2654299999999998,2.28486
SLC12A9,0.337421666906234,0.328439188957497,0.706521978389654,5.49272,0.7293700000000003,-1.7319899999999997
EPHB4,-0.520632450693664,-0.692734634851074,-0.821743576925519,9.827869999999997,4.78159,0.6889600000000007
LOC103246718,,,,,,
ZAN,0.676734420783606,2.05127526138938,0.0,0.0023100000000000342,0.4871699999999999,1.1514600000000002
LOC103246943,0.676726880683132,2.56950598285467,0.0,,,
EPO,1.81667791972095,-1.01429744236694,0.0,2.69872,-0.35919999999999996,1.3237100000000002
POP7,-0.0688368624918772,-0.34523652279341,-0.319710599843524,-31.080890000000004,-16.8481,0.20839000000000052
LOC103246945,0.6903103647909,0.605420945561241,1.89646553754136,3.1798999999999995,0.7892399999999999,-0.13608999999999982
GIGYF1,0.490920407819357,0.933151057733006,1.35144075526825,-0.47886000000000006,0.9117199999999999,0.9973000000000001
GNB2,-0.271886085739405,-0.315429487974071,-0.816512241010005,1.54344,0.9715900000000004,0.3625600000000002
ACTL6B,1.4268005171472,0.0,3.41293053826118,0.19523999999999964,0.9117199999999999,-0.6166699999999996
TFR2,0.676753251344636,0.0,0.0,0.5811000000000002,0.9715900000000004,0.67089
MOSPD3,-0.897759729087439,-0.919698909798839,-1.26575603106862,27.744999999999997,-9.1793,-5.902989999999999
PCOLCE,-0.958622501391331,-0.1069786968038,-0.748995030031762,1.8316899999999996,1.33352,0.34448000000000034
FBXO24,2.80744978584354,0.73206444339317,0.587731215025157,1.7363799999999996,1.5158799999999997,-0.9249999999999998
LRCH4,0.56548996324401,0.83441653721024,1.18506390743202,103.04428999999999,62.90041000000001,-45.7641
SAP25,2.01642751018407,1.60080885438099,3.03674138196338,0.8693399999999998,0.9117199999999999,0.8431300000000004
AGFG2,0.283221006050719,0.275403587427297,-0.218128147340079,-3.170680000000001,-4.103839999999999,1.3237100000000002
NYAP1,2.21459131058319,1.00736715508198,1.3840107897315,1.3505099999999999,1.8179499999999997,-1.5778199999999996
LOC103246947,,,,-3.1659999999999986,-0.17685999999999957,-5.422409999999999
TSC22D4,0.237565490666266,0.548411627063222,1.01694113623552,8.57498,9.862490000000001,-10.844839999999998
C28H7orf61,1.65113876162655,2.35469829325138,3.21853417972173,,,
LOC103246739,-0.91617762881281,-0.528372461520904,2.40273368267752,0.9669699999999999,-0.5387899999999997,0.1903100000000002
PPP1R35,-0.790281631243988,0.0411366898401803,-0.0003036810062373,-0.6510000000000034,-12.673499999999999,-4.270949999999999
MEPCE,0.260037970522184,0.660620459302219,0.984779206344081,-12.986980000000003,-0.35919999999999996,-8.45999
ZCWPW1,0.127548049198471,0.869104906510984,-0.18663806325087,-12.986980000000003,-7.3041599999999995,-3.6180899999999987
LOC103246742,-0.629144645423703,-0.66633423053598,0.0,17.72193,1.2736600000000005,0.1903100000000002
LOC103246741,3.21837204568018,2.60971205092964,-2.06945179634934,,1.2736600000000005,
PVRIG,-0.0988184622209778,3.36624864417807,3.40458962368355,,1.5158799999999997,-0.13608999999999982
STAG3,1.88201592512017,1.09687383750818,1.29882937280568,0.0023100000000000342,1.09132,-4.13486
GPC2,0.0467069447962192,-0.0438676932843629,-0.218209308577873,-1.141300000000001,0.9227000000000007,-5.09601
LOC103246746,1.84806312014627,2.60597098787583,0.0,,,0.67089
GAL3ST4,0.277192475029514,-0.292980808612888,0.281965781913762,,3.4508,
C28H7orf43,0.242862965044268,1.00374834168601,0.875450909816594,-11.350579999999999,-8.39273,-6.846019999999999
LAMTOR4,-0.415557100517321,-1.15832558694342,-1.31530502772123,0.8693399999999998,1.5158799999999997,-0.13608999999999982
MBLAC1,0.139384228933266,-0.489112877649627,2.6985566502267,-4.22828,-2.29139,0.20839000000000052
CNPY4,-0.992889323325201,-0.731044368863,-1.4820489404854,10.59498,0.4871699999999999,-0.13608999999999982
TAF6,-0.386884421037084,-0.675177276307564,-1.13877999768265,-3.3590000000000018,7.44316,-2.36672
AP4M1,-0.19242312096197,-0.977299550442466,-0.146616993159348,18.68428,2.1200299999999994,7.12678
MCM7,-0.337235130442433,-0.115880509997429,-0.301035782321179,-17.4035,-20.592730000000003,-13.5379
COPS6,-0.640398560827653,-0.632177022078131,-1.36450139509958,-2.21061,-0.66127,-1.25141
ZNF3,-0.362830978107298,-0.296607452948582,-0.31454473170665,38.04255,-14.904999999999998,-14.84355
ZSCAN21,-0.387350801671201,-0.360017423411928,-0.276362046280595,-15.96928,-12.56192,2.28486
AZGP1,,,,,,0.67089
GJC3,,,,1.7409999999999997,-4.82774,-3.4820399999999996
TRIM4,0.159202208612156,0.119285404376122,-0.180845362085026,2.145399999999995,-5.831799999999998,-9.539209999999999
LOC103246765,2.96110501558123,2.36109614216478,4.72809928803023,,,
LOC103246770,-0.763460495349359,-0.999041256353321,-1.37105822757383,-2.3059200000000004,-1.0232100000000002,-1.40557
LOC103246769,0.0,0.0,2.40178883633417,,,
ZSCAN25,0.580315284708087,0.943968687116945,1.12654383406311,1.8316899999999996,1.09132,
LOC103246776,2.2823837267291,2.7719072319797,3.54660619348242,0.6764099999999997,2.7241799999999996,-0.13608999999999982
ZNF655,-0.0320858707837224,0.266505082811158,0.697686638232215,6.5526800000000005,1.03145,0.67089
FAM200A,0.461592838291805,1.35227206391072,0.859434733392855,3.663380000000001,13.609920000000002,16.48415
ZKSCAN5,1.02766540050267,1.51044839015597,1.97319968816219,26.678160000000002,-25.1783,1.1514600000000002
ZNF394,0.560359904991485,1.35231534635669,1.73781785859509,0.5949999999999989,-6.3896999999999995,-8.922539999999998
ZNF789,0.0388996028003672,-1.1217919806351,-1.13026427462983,0.19756000000000018,0.24494999999999978,-4.116739999999999
LOC103246779,1.28838394933463,2.34376319927887,2.50541240072609,,0.24494999999999978,
ATP5J2,-1.53860497890406,-1.49157664397541,-1.8358369705682,-10.081399999999995,-11.699199999999998,-15.478370000000002
CPSF4,0.531774308023174,0.437381365180179,0.770271300445017,1.1575899999999995,0.42730000000000024,0.9973000000000001
PTCD1,0.0157462748804602,0.325932668575559,-0.452536087950596,1.1599000000000004,-7.5464400000000005,4.24333
BUD31,-0.619718324443529,0.208364025703589,-0.289972070592917,0.19523999999999964,0.1850900000000002,-1.0972399999999998
PDAP1,-0.771106874390864,-0.335394532465151,-0.120023727689629,2.6034100000000002,2.96913,-3.1375899999999994
LOC103246949,-0.850385364950337,-1.24629263438784,-1.77756344502039,2.02461,1.8179499999999997,0.6889600000000007
LOC103246791,-0.522829713328789,-0.483120181549409,-0.87064816824824,0.0023100000000000342,14.76109,8.41435
LOC103246790,0.264372540492949,1.09079098756401,0.85376732589908,-2.1967,-6.3842,1.6863100000000006
LOC103246788,1.86436075749305,2.8146138183165,-1.04691062804664,-18.66338,0.7892399999999999,0.34448000000000034
LOC103246787,0.676753251344636,0.0,0.0,,,
KPNA7,,,,,,
SMURF1,0.886640750333916,1.17112040193829,1.48919946174985,3.1844900000000003,1.69822,0.8431300000000004
TRRAP,0.123120007219861,0.297475067324561,0.395019865648713,-3.36588,-0.41905999999999954,1.95845
TMEM130,-0.203498254298942,0.766161109416027,-1.48074230611877,0.0023100000000000342,2.3622300000000003,-1.0972399999999998
NPTX2,,,,,0.7892399999999999,1.1514600000000002
BAIAP2L1,-0.0202084811021266,0.394409173379067,0.359344345181275,-0.3765999999999998,-6.27823,-2.21256
BRI3,-0.36709296801027,-0.379651679303674,-0.560337904182377,-2.88239,0.4871699999999999,-0.13608999999999982
TECPR1,0.0118054922270705,-0.112993109390959,0.270100627677086,-8.049900000000001,26.97751,-13.057400000000001
BHLHA15,0.945959140914466,2.67764744238463,1.962491545846,0.0023100000000000342,1.5158799999999997,-1.0972399999999998
LMTK2,0.797534582108626,0.667835397570531,0.602416162226258,0.48348999999999975,1.15393,0.1903100000000002
PMS2,0.431966644575469,0.400784145871715,0.663959539114682,1.3505099999999999,0.9715900000000004,1.1514600000000002
AIMP2,-0.283363472786981,-0.748732186199244,-1.10404077998911,-22.294400000000003,-44.64183,-19.441000000000003
EIF2AK1,-0.333398484669563,-0.365335505396464,-0.755621853049328,-8.4612,0.30756999999999923,-5.422409999999999
ANKRD61,1.10320193133904,1.93826373793084,1.55034909496238,,0.30756999999999923,
USP42,0.157404406210139,0.374884255000042,0.595007477023744,-22.4106,-32.07719,-12.78519
CYTH3,0.516586125960823,0.46346541380738,0.910974687398204,0.19523999999999964,0.12522000000000055,-0.6166699999999996
FAM220A,-0.425663961979072,-0.289077326357307,-1.14285489451563,-17.02928,-1.2654299999999998,1.1514600000000002
LOC103246810,,,,-17.02928,-1.2654299999999998,1.1514600000000002
LOC103246813,0.0,0.0,2.40178883633417,,,
RAC1,-0.901977464095737,-0.793977673232151,-1.35520138170956,1.5620000000000047,13.97456,-6.846019999999999
DAGLB,-0.323194187811385,-0.42102043906404,-0.0472150984299531,0.48348999999999975,0.1850900000000002,0.9973000000000001
KDELR2,-0.245581960359493,-0.564339067244408,-1.43180451005309,14.25612,1.09132,2.28486
GRID2IP,4.44048412251828,4.04738443003365,3.54696193404491,0.48348999999999975,0.42730000000000024,0.1903100000000002
ZDHHC4,-0.244092148173486,-0.521202074158681,-0.223823055941275,-3.4496,-8.6267,-6.193249999999999
C28H7orf26,-0.290234036745922,-0.0995069766440566,-0.538571721299074,-2.20829,0.30756999999999923,1.9765300000000003
ZNF853,-0.484161435188589,0.341723590730047,0.216490043120307,0.7740399999999994,1.8179499999999997,0.5167299999999999
ZNF316,0.5960564835336,0.755960788084291,1.07546873853911,6.262129999999999,-0.9007300000000003,0.3625600000000002
ZNF12,0.0420685493580994,0.666937080132557,0.510553827489431,-7.50118,-2.17165,-1.7319899999999997
LOC103246829,1.57498951529934,1.4764544884134,1.72875801503554,,,
RNF216,0.295196279588404,0.650751085240898,1.07253981373234,-23.5611,-5.235800000000001,-15.01582
FSCN1,-0.934161931112002,-1.72931499022356,-2.26544767925879,0.19523999999999964,0.6695100000000007,-0.7708399999999997
ACTB,-0.826374475345847,-1.83529186268818,-3.47401848117811,1.25521,1.2736600000000005,
LOC103246954,-1.06345515235858,-1.60723450332595,-3.40987181346988,13.58202,-0.5986500000000001,-3.9626099999999997
FBXL18,0.119981825202914,0.566542398152992,1.08202504109276,-4.030799999999999,-2.707700000000001,-6.2113000000000005
LOC103246838,-1.64428971594152,0.0467776207081094,0.553009201736015,-0.7671000000000001,2.1798900000000003,2.28486
TNRC18,-0.352559092059273,-0.205952547536727,-0.220917962252286,0.5811000000000002,2.1798900000000003,2.28486
SLC29A4,0.695335591079709,-0.31945143880971,0.265736716322993,-1.8247499999999999,0.06536000000000008,-1.40557
WIPI2,-0.0563814285741,0.118284254073988,0.568341005756363,-0.47886000000000006,0.42730000000000024,3.5724100000000005
RBAK,1.05766480393666,1.16822687248108,1.67010601836789,-6.048399999999997,-9.704300000000003,-19.03269
LOC103246956,,,,,,
LOC103246957,1.078714250839,0.582716334703284,1.03371559352624,,,
MMD2,0.0,2.05129431190306,0.0,0.6764099999999997,-0.35919999999999996,0.34448000000000034
RADIL,0.0,2.05129431190306,0.0,0.6764099999999997,0.4871699999999999,-1.0972399999999998
PAPOLB,,,,,,
AP5Z1,0.830285963473734,0.458355359988803,0.963991989970823,1.0622699999999998,-11.59307,-5.57658
FOXK1,0.172097117273497,0.231114969505022,0.303131955756422,1.1575899999999995,-0.66127,1.4778799999999999
LOC103246850,-0.632168628239516,2.06959553867032,0.95911977768223,8.67029,8.65147,-6.53769
SDK1,-1.90157861368896,0.0,2.4017698105289,0.6764099999999997,-3.4398199999999997,-0.7708399999999997
LOC103246856,,,,-1.4411999999999998,1.8778100000000002,0.34448000000000034
CARD11,1.99642531975,0.0,0.0,0.8693399999999998,0.4871699999999999,-0.6166699999999996
GNA12,-0.249162793891328,-0.63219932284629,-0.805234636240072,36.30849,-0.05712000000000028,3.5724100000000005
LOC103246924,-0.446306823087919,-1.76229338988506,-0.594346465169322,10.98083,0.5470299999999999,3.5724100000000005
AMZ1,0.243674114794973,0.0556309193877918,0.272275108690025,-18.47278,-0.17685999999999957,-17.11039
BRAT1,0.70176549545545,0.414885246732766,0.669755901685697,0.19523999999999964,-0.3564499999999997,1.1695400000000005
IQCE,-0.140769829438703,-0.436387283847886,-0.260079303830248,-4.03768,-1.6872299999999996,-3.4820399999999996
LOC103246859,,,,0.09992999999999963,2.06016,-1.7319899999999997
TTYH3,-0.784742253956587,-1.59963571159898,-1.91484253738265,-11.250599999999999,-17.9258,3.4363200000000003
LOC103246862,-0.381664148971612,-1.31663735135365,-0.931888186139745,-0.76478,-1.2626799999999996,-8.133600000000001
LFNG,-0.583770122462087,-1.87082082311513,-1.33217519186973,-42.72429,-0.11423999999999968,-25.4343
CHST12,-0.80638063409733,0.0191903163326534,-1.54150436195425,0.0023100000000000342,-0.5986500000000001,-0.13608999999999982
LOC103246867,1.1511732056172,0.589662240392856,0.965564562736244,,,
EIF3B,-0.27358381215714,0.137648154645871,0.0630638586816232,3.37282,-0.41905999999999954,-1.0972399999999998
SNX8,0.113166398637239,-0.459565337484131,0.174639991425191,-3.6424999999999983,-13.5226,-11.82409
NUDT1,-0.118734652139812,0.50001274675106,0.118882868857422,1.25521,1.5158799999999997,-2.0583899999999997
FTSJ2,0.0882450682794054,0.245479431299941,-0.295362643490586,-0.8531000000000013,0.25319999999999965,-3.00146
MAD1L1,0.258322410939788,0.450420932405332,0.57994962963211,-1.0553400000000002,0.5470299999999999,-0.6166699999999996
LOC103246869,1.60723429819861,0.579891030584613,1.32526662575454,-0.28593000000000046,2.3622300000000003,0.5167299999999999
ELFN1,0.676726880683132,2.56950598285467,0.0,,,-1.0972399999999998
LOC103246961,,,,1.3505099999999999,2.1798900000000003,1.3237100000000002
PSMG3,-0.0820209650096229,-0.258970696120033,-0.348300265884068,-7.684800000000003,-11.046059999999999,-7.30857
TMEM184A,2.13846054244828,0.809714907774431,0.76547625204855,0.5811000000000002,1.2138,-0.29025999999999996
MAFK,0.880606842271592,0.618592982951611,1.15426926255933,-2.21061,3.14873,-2.6931399999999996
INTS1,-0.202747894279683,-0.317543214776728,-0.626497502257044,-2.3850000000000016,-6.808799999999998,-11.17122
MICALL2,1.04777692528147,0.831169701141693,1.27105721964675,1.5457600000000005,-4.28346,1.668190000000001
LOC103246964,,,,,0.42730000000000024,0.1903100000000002
LOC103246884,,,,,,
ZFAND2A,0.81843392201102,1.45259243917771,1.88806444287421,-20.760199999999998,2.8466500000000003,-15.958870000000001
LOC103246892,-0.59501831752198,0.49682337071763,-1.31416614342586,11.466700000000001,-2.7758,
C28H7orf50,-0.346040934252803,0.387268427581969,-0.350168446965213,11.466700000000001,-12.9211,-1.25141
GPER1,1.43494982025117,0.0,-0.492178560788684,0.0023100000000000342,3.7528799999999998,
LOC103246890,0.0509634121772781,2.54213971523452,0.0,,1.33352,
GPR146,1.23184039191288,2.63459223379318,2.43358911361086,0.0023100000000000342,-2.3512499999999994,1.4778799999999999
LOC103246886,,,,,,
LOC103246893,,,,-58.12169,-38.66024,-32.79712
LOC103246898,-0.551120669875493,0.0874388169848456,-0.0105929361944465,0.876199999999999,-5.12702,-3.32787
ADAP1,3.35963023677901,0.550391515885865,4.2815326780114,1.3505099999999999,-2.1689000000000007,0.5167299999999999
GET4,0.697155583736376,0.526632992018952,1.53764412538757,-0.09299999999999997,0.42730000000000024,-1.40557
SUN1,0.265344159082515,0.131901784750876,0.187991719262747,-1.4388800000000002,-4.648119999999999,0.34448000000000034
HEATR2,-0.0623702914739142,0.0507265008484419,-0.426977449576472,-0.9600300000000002,0.6695100000000007,-0.29025999999999996
PRKAR1B,0.0823222609020063,-0.798755879933559,-3.94353054505814,5.8763000000000005,-1.2028100000000004,-7.82527
LOC103246903,,,,,2.1798900000000003,-1.0972399999999998
LOC103246901,,,,1.3505099999999999,-0.23672000000000004,-1.5778199999999996
LOC103246905,0.548940048627281,-0.686200879444477,-0.0103462441001574,0.6764099999999997,1.5757400000000001,-1.8861499999999998
LOC103246965,0.0304188397565675,-1.0867671334035,-3.28953880879987,-3.7494299999999994,-0.35919999999999996,-1.0791699999999995
PDGFA,-0.477683907478711,-1.29425129755093,-1.35722954953486,-0.6694700000000005,0.30756999999999923,-4.44322
LOC103246908,0.0,0.0,2.41140573898208,,-1.0232100000000002,
LOC103246909,0.676731013786574,-0.814546035628227,0.0,-0.28593000000000046,-1.2654299999999998,1.95845
LOC103246911,,,,,,
LOC103246912,,,,-0.28361000000000036,-7.42672,-2.5389699999999995
LOC103246966,-0.194803760553075,-0.99067472535651,-1.0273475389948,,,
FAM20C,-0.742626277298014,-1.34542687464213,-1.20483424129575,4.721019999999999,1.2138,-0.7708399999999997
LOC103246913,0.0409665075614203,-0.892243124077138,1.06012047975881,-6.541190000000001,0.06536000000000008,-0.44442000000000004
LOC103246915,1.28312924572374,1.02109161455062,-1.02883355806013,-34.3468,-57.9876,-33.58595
LOC103246916,0.0150533151255581,-1.71239625095552,0.0,,2.06016,-0.7708399999999997
LOC103246917,,,,,,
