gene_name,gene_id,start,end,chromosome,chromosome_nc,baseMean,log2FoldChange,lfcSE,stat,pvalue,padj
LOC103246556,gene-LOC103246556,1209802,1212150,chr28,NC_023669.1,0.0,NA,NA,NA,NA,NA
LOC103246557,gene-LOC103246557,1217722,1236972,chr28,NC_023669.1,1.10789261954166,-0.133420639527894,2.28633000214799,-0.0583558101422569,0.953465213150382,NA
ZNF479,gene-ZNF479,1327249,1342323,chr28,NC_023669.1,0.61943821541058,3.22568642641315,3.25557506320478,0.990819245076104,0.32177385022466,NA
LOC103246564,gene-LOC103246564,1386338,1399250,chr28,NC_023669.1,11.1388679667432,0.234230809542102,0.753996794061691,0.310652261901975,0.756064992204429,0.843457374896633
LOC103246563,gene-LOC103246563,1408390,1414781,chr28,NC_023669.1,69.2291529310735,0.170082076489008,0.347007228290179,0.490139866328028,0.624034929352409,0.749645530848603
LOC103246561,gene-LOC103246561,1438451,1467856,chr28,NC_023669.1,2.37260822239646,2.36564739248067,1.67962322603469,1.40843931889747,0.15900102338381,0.282274956954519
LOC103246567,gene-LOC103246567,1467881,1482841,chr28,NC_023669.1,0.558530059058067,-0.777471499962045,3.46716934221833,-0.2242381098884,0.822572031004702,NA
LOC103246565,gene-LOC103246565,1486886,1488471,chr28,NC_023669.1,0.992482389996224,2.26258015638861,2.48397606701377,0.910870352752104,0.362363688337328,NA
LOC103246926,gene-LOC103246926,1497856,1499056,chr28,NC_023669.1,1.79056355555924,-1.63445806586549,2.32167114717001,-0.704000679793866,0.481432350262794,0.628211439088741
VKORC1L1,gene-VKORC1L1,1535346,1617484,chr28,NC_023669.1,266.431973392397,-0.0832236800146448,0.171635927885671,-0.484884959925648,0.627757951660233,0.752416601748617
GUSB,gene-GUSB,1621293,1646097,chr28,NC_023669.1,262.302036606554,-0.0470667587128337,0.171367882202598,-0.274653325394951,0.783582593411719,0.863703190240591
LOC103246927,gene-LOC103246927,1660309,1676218,chr28,NC_023669.1,1.01358666254488,2.19701845578602,2.44585651545505,0.898261382833927,0.369046215258545,NA
LOC103246928,gene-LOC103246928,1679682,1699238,chr28,NC_023669.1,7.21813614128486,0.582041246217153,0.848766021121585,0.685749937830954,0.49287081021459,0.638815974506273
LOC103246572,gene-LOC103246572,1705538,1706444,chr28,NC_023669.1,0.118356466058059,0.0,5.39771667960444,0.0,1.0,NA
LOC103246573,gene-LOC103246573,1707836,1750364,chr28,NC_023669.1,38.4183433839415,0.468265596292126,0.417936509407352,1.12042280526328,0.262533631230551,0.407118644938086
ASL,gene-ASL,1782434,1800581,chr28,NC_023669.1,116.238045902239,-0.132090940951425,0.233980025339931,-0.564539390742949,0.572387100250372,0.707639413547485
TRNAT-UGU,gene-TRNAT-UGU,1792128,1792201,chr28,NC_023669.1,1.8438394662112,-1.29878870659716,2.05786826588866,-0.631133065282145,0.527953522879944,0.668874213955005
CRCP,gene-CRCP,1826194,1864642,chr28,NC_023669.1,232.950684927723,0.431805335205348,0.183327712456446,2.35537404257926,0.0185040691344809,0.0508051583805913
TPST1,gene-TPST1,1925002,2065405,chr28,NC_023669.1,72.1878309454005,0.969641356384586,0.28587753308118,3.39180678500272,0.0006943338426151,0.0029312350290706
LOC103246577,gene-LOC103246577,1994665,1995330,chr28,NC_023669.1,0.718522827039303,-0.992600995134282,2.78558752777057,-0.356334520182428,0.721590060326645,NA
LOC103246580,gene-LOC103246580,2085248,2100446,chr28,NC_023669.1,0.126493504754165,0.0,5.39771667955942,0.0,1.0,NA
LOC103246582,gene-LOC103246582,2108046,2118542,chr28,NC_023669.1,0.0339794636637609,0.0,5.39771667960081,0.0,1.0,NA
LOC103246581,gene-LOC103246581,2122981,2125790,chr28,NC_023669.1,0.184459943521807,0.0,5.39771667958424,0.0,1.0,NA
LOC103246584,gene-LOC103246584,2134922,2138959,chr28,NC_023669.1,17.4525796817212,-0.702797671058082,0.571281829713689,-1.23021184029309,0.218617787174349,0.357532306985603
KCTD7,gene-KCTD7,2255817,2276616,chr28,NC_023669.1,88.0711098560351,-0.275212683668576,0.272366639025159,-1.01044931440063,0.312280071371581,0.463186756868607
RABGEF1,gene-RABGEF1,2307462,2385032,chr28,NC_023669.1,96.6933748782671,0.918122686491576,0.260997325626047,3.51774748760088,0.0004352262966098,0.0019312284696595
LOC103246588,gene-LOC103246588,2359947,2404805,chr28,NC_023669.1,9.97780334583865,-0.0286447612301391,0.766780518034416,-0.0373571844307779,0.970200210697269,0.982367626163988
LOC103246932,gene-LOC103246932,2443699,2444876,chr28,NC_023669.1,0.0582969892562653,0.0,5.39771667960557,0.0,1.0,NA
LOC103246592,gene-LOC103246592,2446141,2448448,chr28,NC_023669.1,0.568133936944267,0.0,3.51995195535536,0.0,1.0,NA
TMEM248,gene-TMEM248,2463211,2496414,chr28,NC_023669.1,285.952812637487,-0.227304455188754,0.160022830365832,-1.42045016119955,0.155476668288775,0.277639323468034
SBDS,gene-SBDS,2527395,2535152,chr28,NC_023669.1,266.506960840518,1.08535429215882,0.172715389297618,6.28406244847451,3.29838110490752e-10,4.2472800768919e-09
LOC103246597,gene-LOC103246597,2536343,2784881,chr28,NC_023669.1,249.867868744494,0.0135613222707264,0.167567275681817,0.0809306125885646,0.935497134484224,0.962463463714876
CALN1,gene-CALN1,2846868,3578564,chr28,NC_023669.1,0.0,NA,NA,NA,NA,NA
WBSCR17,gene-WBSCR17,3637321,4227765,chr28,NC_023669.1,43.6558259903527,-0.458812886042444,0.386258934759506,-1.18783759999782,0.234897397695879,0.376064892771422
LOC103246599,gene-LOC103246599,3650377,3655409,chr28,NC_023669.1,0.0,NA,NA,NA,NA,NA
LOC103246601,gene-LOC103246601,4297813,4299643,chr28,NC_023669.1,0.0,NA,NA,NA,NA,NA
AUTS2,gene-AUTS2,4565958,5759088,chr28,NC_023669.1,819.498039740788,0.14750685240623,0.127794147848762,1.15425357803392,0.248396222469845,0.391217977623994
LOC103246604,gene-LOC103246604,4656558,4663085,chr28,NC_023669.1,5.34262922616219,-0.844084431406997,1.13860643916326,-0.74133115919079,0.458492673395321,0.607892490656899
LOC103246603,gene-LOC103246603,4675153,4687419,chr28,NC_023669.1,0.0,NA,NA,NA,NA,NA
LOC103246606,gene-LOC103246606,6200671,6201771,chr28,NC_023669.1,0.0,NA,NA,NA,NA,NA
LOC103246608,gene-LOC103246608,7557448,7583013,chr28,NC_023669.1,0.0,NA,NA,NA,NA,NA
LOC103246609,gene-LOC103246609,7630373,7657398,chr28,NC_023669.1,0.177896231460551,2.56952512592658,5.35188313025668,0.480116075666873,0.631144857981244,NA
LOC103246934,gene-LOC103246934,8136474,8137581,chr28,NC_023669.1,0.0,NA,NA,NA,NA,NA
GATSL2,gene-GATSL2,8137339,8205551,chr28,NC_023669.1,285.208204952998,-0.713746736106173,0.179610010946306,-3.97386945385548,7.07143313786665e-05,0.0003822465613334
WBSCR16,gene-WBSCR16,8215324,8250560,chr28,NC_023669.1,162.916849034004,-0.0884944164071384,0.209698880573013,-0.422007099729492,0.673019835289584,0.785612488857759
LOC103246613,gene-LOC103246613,8281979,8326957,chr28,NC_023669.1,76.8591840585733,0.538684291177778,0.276601833902064,1.94750802472448,0.0514738586284533,0.116372598590188
NCF1,gene-NCF1,8334172,8349828,chr28,NC_023669.1,2.40071124077671,5.50162508058594,1.98002376748816,2.77856517225813,0.0054599559272718,0.0180365304655835
GTF2I,gene-GTF2I,8361187,8463469,chr28,NC_023669.1,1779.77050786182,-0.741104217833676,0.094883187300587,-7.81070112543627,5.687072794188921e-15,1.21102932730212e-13
GTF2IRD1,gene-GTF2IRD1,8512006,8583110,chr28,NC_023669.1,194.173585271115,-0.478822537666425,0.193417531595781,-2.47559015832704,0.0133016172703367,0.0385024598632558
CLIP2,gene-CLIP2,8692837,8792668,chr28,NC_023669.1,120.519970614956,-0.0685562764924099,0.237110856913222,-0.289131747845272,0.772480559351484,0.85542869441742
RFC2,gene-RFC2,8818606,8846929,chr28,NC_023669.1,159.268167713645,0.382041161484429,0.211718665615262,1.80447557788163,0.0711567843600601,0.151038413893296
LAT2,gene-LAT2,8848971,8865558,chr28,NC_023669.1,13.9794877556745,2.37810149662606,0.718937624308976,3.30779947552728,0.0009403211327751,0.0038432144281559
EIF4H,gene-EIF4H,8878250,8903812,chr28,NC_023669.1,1220.63978313441,-0.270979371629387,0.104138372512151,-2.60210876252909,0.0092652463347403,0.0283271535053571
LIMK1,gene-LIMK1,8953095,8988848,chr28,NC_023669.1,341.920134222068,-0.674627215283628,0.173554411316181,-3.88712225847485,0.0001014396696986,0.0005315788372525
ELN,gene-ELN,8999164,9048703,chr28,NC_023669.1,0.351358498446629,0.0,4.6590168592266,0.0,1.0,NA
LOC103246937,gene-LOC103246937,9107515,9110438,chr28,NC_023669.1,0.0,NA,NA,NA,NA,NA
LOC103246621,gene-LOC103246621,9188521,9199821,chr28,NC_023669.1,0.0339794636637609,0.0,5.39771667960081,0.0,1.0,NA
WBSCR28,gene-WBSCR28,9212358,9217628,chr28,NC_023669.1,0.277974241623934,2.05259424256077,5.06547209557947,0.405212821989885,0.685321080866171,NA
WBSCR27,gene-WBSCR27,9234974,9240296,chr28,NC_023669.1,1.80681960683871,-0.774467873067535,1.91006921413188,-0.405465868638445,0.685135102100138,0.794109477935771
CLDN4,gene-CLDN4,9242054,9244972,chr28,NC_023669.1,70.0417234753887,-1.20068131642924,0.304835514833344,-3.93878422297895,8.1895539743772e-05,0.0004372556004921
LOC103246625,gene-LOC103246625,9246665,9250257,chr28,NC_023669.1,0.499615071545127,-0.670664087789075,3.87683001221178,-0.172992905460524,0.862657004171777,NA
CLDN3,gene-CLDN3,9301312,9303496,chr28,NC_023669.1,0.0339794636637609,0.0,5.39771667960081,0.0,1.0,NA
ABHD11,gene-ABHD11,9330037,9332788,chr28,NC_023669.1,61.6307049099696,0.290114396559359,0.304769637028877,0.951913712230692,0.341140744744032,0.493727851481622
STX1A,gene-STX1A,9347495,9367948,chr28,NC_023669.1,214.269631969945,1.16152340327512,0.214601984883523,5.41245414810842,6.21667765266847e-08,5.81569308840518e-07
WBSCR22,gene-WBSCR22,9368950,9382951,chr28,NC_023669.1,150.259149827048,0.209510818718623,0.203364352597802,1.0302239111344,0.30290490764705,0.452634274483414
LOC103246630,gene-LOC103246630,9369565,9371094,chr28,NC_023669.1,9.8763993158142,2.09976470149485,0.977777557383168,2.14748711058011,0.0317545222504857,0.0790157239024665
DNAJC30,gene-DNAJC30,9383068,9385590,chr28,NC_023669.1,60.0406841346423,-0.530920134663434,0.341983736791533,-1.55247187964109,0.120549356125645,0.228701101094388
VPS37D,gene-VPS37D,9393163,9398387,chr28,NC_023669.1,13.3366049141154,0.157614956982657,0.720921802820834,0.218629754802725,0.826938472495783,0.891560010601246
MLXIPL,gene-MLXIPL,9442520,9465772,chr28,NC_023669.1,0.292921884919883,2.56950354302237,5.35188315389362,0.480112040778207,0.631147726892493,NA
LOC103246635,gene-LOC103246635,9475087,9477913,chr28,NC_023669.1,0.79284340669572,2.73565858642918,5.34173559861861,0.512129163999924,0.608560614789269,NA
TBL2,gene-TBL2,9478008,9486834,chr28,NC_023669.1,185.978213629829,0.415262645899957,0.188838928936433,2.19903093201583,0.027875722943341,0.0709446007260537
BCL7B,gene-BCL7B,9498053,9527419,chr28,NC_023669.1,216.585540455818,-0.137547082749961,0.193603869425634,-0.710456269071602,0.477421240177888,0.625313276524975
BAZ1B,gene-BAZ1B,9533802,9617164,chr28,NC_023669.1,1462.16859323743,0.529654651959954,0.0962279813295033,5.50416463737625,3.70922801935831e-08,3.59917881925678e-07
FZD9,gene-FZD9,9621434,9623769,chr28,NC_023669.1,2.05305747063624,1.67686970944885,1.67836644765875,0.999108217271626,0.3177422709223,0.468621326266828
FKBP6,gene-FKBP6,9688493,9718633,chr28,NC_023669.1,0.296293737579936,2.73641563416633,5.30416363615513,0.515899550216345,0.60592456824733,NA
LOC103246640,gene-LOC103246640,9717339,9718111,chr28,NC_023669.1,0.0,NA,NA,NA,NA,NA
TRIM50,gene-TRIM50,9718668,9734045,chr28,NC_023669.1,0.0,NA,NA,NA,NA,NA
NSUN5,gene-NSUN5,9737722,9743372,chr28,NC_023669.1,96.4015124450179,-0.729111107904761,0.255289233393286,-2.85601981021083,0.0042898836689807,0.0146701333216674
POM121C,gene-POM121C,9743371,9796532,chr28,NC_023669.1,442.329816062777,0.176720016196011,0.137930949988234,1.28122090227818,0.200116086296008,0.335153106682429
LOC103246643,gene-LOC103246643,9768798,9781665,chr28,NC_023669.1,2.7782849567496,1.81639079247457,1.7321433045333,1.04863771243452,0.294344891887733,0.443677187710461
HIP1,gene-HIP1,9805985,10007931,chr28,NC_023669.1,341.424531581829,0.400726327319448,0.147474316625207,2.71726180184891,0.0065824517252688,0.0211654313406707
LOC103246647,gene-LOC103246647,9815535,9816544,chr28,NC_023669.1,2.19767805348462,1.18748166260409,1.56926932100531,0.756709920157848,0.449223670264575,0.599817356734206
LOC103246646,gene-LOC103246646,9921588,9924326,chr28,NC_023669.1,2.60330670447736,2.5262353842018,1.61257247877087,1.56658718752743,0.117211214583967,0.224212320809611
CCL26,gene-CCL26,10036177,10038962,chr28,NC_023669.1,0.0,NA,NA,NA,NA,NA
CCL24,gene-CCL24,10067482,10069992,chr28,NC_023669.1,0.0,NA,NA,NA,NA,NA
RHBDD2,gene-RHBDD2,10126934,10134740,chr28,NC_023669.1,148.755983744797,-0.136300604268294,0.216412943287554,-0.629817247516417,0.528814159842194,0.669741623212092
POR,gene-POR,10145070,10230836,chr28,NC_023669.1,187.427768239435,-0.925118303995339,0.206866927459583,-4.47204546109037,7.74749513703387e-06,5.11658789862518e-05
TMEM120A,gene-TMEM120A,10230961,10238325,chr28,NC_023669.1,61.1057179086152,0.3090418129487,0.313799526451515,0.984838366212291,0.324703471804413,0.476448440440152
STYXL1,gene-STYXL1,10239381,10294741,chr28,NC_023669.1,52.2663176280735,-0.811591261176778,0.353246671994568,-2.29751990753152,0.0215891287495606,0.0578128063627932
MDH2,gene-MDH2,10294021,10313079,chr28,NC_023669.1,552.281230640002,-0.510318745249565,0.138448669349892,-3.68597797036149,0.0002278260592511,0.0010943382799256
SRRM3,gene-SRRM3,10336615,10424545,chr28,NC_023669.1,4.14557150607268,6.02782005933296,1.76767578922504,3.41002580681132,0.0006495673273495,0.002754997773295
LOC103246661,gene-LOC103246661,10442530,10443804,chr28,NC_023669.1,88.0029301497854,-0.406984318646264,0.553105687749324,-0.73581654945974,0.46184234826566,0.610902970820626
YWHAG,gene-YWHAG,10462984,10494500,chr28,NC_023669.1,2401.91422385602,-0.434782232872075,0.0871310056459321,-4.98998295324247,6.03846210941305e-07,4.86454714977151e-06
SRCRB4D,gene-SRCRB4D,10526916,10531657,chr28,NC_023669.1,2.03162692334821,0.121055621434263,1.74204035793144,0.0694907100648394,0.944599027073227,0.967013348191625
ZP3,gene-ZP3,10534383,10579828,chr28,NC_023669.1,0.115025653459332,0.0,5.39771667962051,0.0,1.0,NA
LOC103246663,gene-LOC103246663,10536051,10588885,chr28,NC_023669.1,8.68387101677035,2.08797334317069,0.845229687404391,2.47030289433235,0.0134998691878299,0.0389938163838478
DTX2,gene-DTX2,10596698,10641118,chr28,NC_023669.1,122.492449691531,0.978953083170746,0.229821853881387,4.25961703222528,2.04777457999894e-05,0.0001247508833188
UPK3B,gene-UPK3B,10645511,10652171,chr28,NC_023669.1,1.32672020608929,2.90359278789267,2.31759785256608,1.25284582253033,0.210261821804457,NA
LOC103246669,gene-LOC103246669,10672424,10678668,chr28,NC_023669.1,0.0600594768017935,0.0,5.39771667961966,0.0,1.0,NA
LOC103246672,gene-LOC103246672,10707271,10711108,chr28,NC_023669.1,19.397956602636,-0.3181093602776,0.551300873244284,-0.577015883188424,0.563928725981032,0.700861519785298
LOC103246671,gene-LOC103246671,10714179,10736172,chr28,NC_023669.1,108.786791832406,-0.696535221842648,0.246330604904523,-2.82764385737868,0.0046891941542247,0.0158700347035213
LOC103246670,gene-LOC103246670,10715967,10719031,chr28,NC_023669.1,25.7606872073366,-0.611519274118794,0.475241008341532,-1.28675611612903,0.198179307011152,0.332758014165381
POLR2J,gene-POLR2J,10742636,10748084,chr28,NC_023669.1,107.428929668484,-0.266826060406427,0.293005904170126,-0.910650797847069,0.362479396198036,0.515566726741693
LRWD1,gene-LRWD1,10748367,10756304,chr28,NC_023669.1,50.819934711587,0.464676077185717,0.351468331630538,1.32209941939857,0.186135047113321,0.317733957528228
ALKBH4,gene-ALKBH4,10756249,10765912,chr28,NC_023669.1,25.1237036483626,0.482414586948953,0.501257991525481,0.962407772254799,0.335844811018591,0.48817176691485
ORAI2,gene-ORAI2,10775456,10788670,chr28,NC_023669.1,38.0531081174049,-0.165399775431151,0.404905703543546,-0.408489616183842,0.682914252424902,0.793046130733628
PRKRIP1,gene-PRKRIP1,10796943,10828215,chr28,NC_023669.1,67.5854877955256,1.23112669558841,0.308732591787725,3.98767972133923,6.67226558182332e-05,0.000362732636829
SH2B2,gene-SH2B2,10862922,10900967,chr28,NC_023669.1,8.97624308489389,0.469183083401064,0.80402763987004,0.583540988064665,0.559529172891015,0.697362025394723
CUX1,gene-CUX1,10901529,11370834,chr28,NC_023669.1,1077.30977621708,-0.400791299034209,0.102717802732366,-3.90186791746784,9.54532410764528e-05,0.0005031383047678
MYL10,gene-MYL10,11559077,11570826,chr28,NC_023669.1,0.0587998607230403,0.0,5.39771667962033,0.0,1.0,NA
COL26A1,gene-COL26A1,11626864,11819623,chr28,NC_023669.1,3.3022060841798,-2.99092245870079,1.69747338080407,-1.76198489621323,0.0780718493996727,0.162567939888887
IFT22,gene-IFT22,11858040,11864793,chr28,NC_023669.1,108.153883285011,-0.690827213979663,0.247119233424337,-2.79552183942486,0.0051816000719866,0.0172698964640433
FIS1,gene-FIS1,11934848,11940230,chr28,NC_023669.1,119.4308107819,-0.302787358399861,0.253560152364018,-1.19414409392361,0.232421607474534,0.373302480093612
CLDN15,gene-CLDN15,11940318,11947811,chr28,NC_023669.1,207.736633224356,1.14076679221056,0.210052897944427,5.43085481502076,5.60847497291811e-08,5.29499379559342e-07
ZNHIT1,gene-ZNHIT1,11955822,11962304,chr28,NC_023669.1,65.95322519345,-1.04109318398214,0.321549891397707,-3.23773452218171,0.0012048286767722,0.0047895586477596
PLOD3,gene-PLOD3,11962394,11974206,chr28,NC_023669.1,384.614543343683,-0.78941880010368,0.146383303997977,-5.39281993603991,6.93604502468132e-08,6.42060714507545e-07
MOGAT3,gene-MOGAT3,11984701,11990713,chr28,NC_023669.1,0.928674102407935,-1.70901747181621,2.61909936006552,-0.652521052799408,0.514065096129695,NA
NAT16,gene-NAT16,12003320,12013199,chr28,NC_023669.1,714.640703265655,-0.885973602037806,0.160379403420576,-5.52423555108534,3.30923253051118e-08,3.23784145923317e-07
VGF,gene-VGF,12016216,12021151,chr28,NC_023669.1,1198.51616203186,-1.01992665645437,0.449164445434474,-2.27071992634635,0.0231639379679633,0.0610246363218904
LOC103246697,gene-LOC103246697,12021877,12022617,chr28,NC_023669.1,1.54728728048684,0.735182200611533,2.03453203869329,0.361351989857931,0.717836333186006,0.817751659606428
AP1S1,gene-AP1S1,12022376,12029435,chr28,NC_023669.1,593.636582031207,-2.05417251981245,0.147708036108666,-13.9069787530127,5.745561288204592e-44,6.125365274658639e-42
SERPINE1,gene-SERPINE1,12047520,12060662,chr28,NC_023669.1,12742.8857998471,-1.97387342974614,0.100585602447683,-19.6238167462665,9.6804724727582e-86,4.07523069378831e-83
LOC103246699,gene-LOC103246699,12063951,12075431,chr28,NC_023669.1,0.810409650749592,-1.70989846671152,2.8542709206272,-0.59906663181636,0.5491284521054,NA
TRIM56,gene-TRIM56,12093927,12099490,chr28,NC_023669.1,220.146786981673,-0.833809319763683,0.205696474893439,-4.05359071027171,5.04374294989862e-05,0.0002826217465919
LOC103246704,gene-LOC103246704,12133290,12138238,chr28,NC_023669.1,0.0,NA,NA,NA,NA,NA
LOC103246703,gene-LOC103246703,12138287,12142284,chr28,NC_023669.1,0.292921884919883,2.56950354302237,5.35188315389362,0.480112040778207,0.631147726892493,NA
MUC17,gene-MUC17,12142017,12165144,chr28,NC_023669.1,1.65424780507781,4.12194060435804,2.39732429174637,1.71939216506889,0.0855429879138141,0.174856172257097
MUC12,gene-MUC12,12176366,12200515,chr28,NC_023669.1,0.310474195757812,-0.391670346080143,4.34438972871903,-0.0901554350639783,0.928163697718521,NA
LOC103246709,gene-LOC103246709,12176991,12182207,chr28,NC_023669.1,0.996152464847791,3.39871528508266,2.79530358648832,1.21586624848587,0.224035877152045,NA
LOC103246940,gene-LOC103246940,12200489,12223277,chr28,NC_023669.1,0.0,NA,NA,NA,NA,NA
MUC3A,gene-MUC3A,12225743,12267857,chr28,NC_023669.1,0.0587998607230403,0.0,5.39771667962033,0.0,1.0,NA
LOC103246921,gene-LOC103246921,12232663,12235242,chr28,NC_023669.1,0.0,NA,NA,NA,NA,NA
LOC103246707,gene-LOC103246707,12245228,12250748,chr28,NC_023669.1,0.0,NA,NA,NA,NA,NA
LOC103246942,gene-LOC103246942,12270844,12275719,chr28,NC_023669.1,0.0,NA,NA,NA,NA,NA
ACHE,gene-ACHE,12328304,12335302,chr28,NC_023669.1,17.3538423791366,1.94986276328352,0.612374264738936,3.184103048672,0.0014520331080934,0.0056598954341591
UFSP1,gene-UFSP1,12335582,12336611,chr28,NC_023669.1,4.16081905661693,0.63535590290446,1.17589697096115,0.540315961852623,0.588979152353729,0.721415974585461
SRRT,gene-SRRT,12336666,12351084,chr28,NC_023669.1,662.394099144707,0.286681122958335,0.125526479755651,2.28382986216444,0.0223815319323559,0.0594403091661952
TRIP6,gene-TRIP6,12352310,12358530,chr28,NC_023669.1,177.844562862221,0.486828717706589,0.197227133139214,2.4683658376911,0.0135731521574223,0.0391641497575676
SLC12A9,gene-SLC12A9,12358618,12374117,chr28,NC_023669.1,94.9870567549495,0.328439188957497,0.282375597532366,1.16312879663708,0.244777250120064,0.387307629882765
EPHB4,gene-EPHB4,12389884,12416746,chr28,NC_023669.1,103.08046226732,-0.692734634851074,0.255566711186893,-2.71058242145036,0.0067165153332167,0.0215332452139723
LOC103246718,gene-LOC103246718,12421955,12422376,chr28,NC_023669.1,0.0,NA,NA,NA,NA,NA
ZAN,gene-ZAN,12424806,12464886,chr28,NC_023669.1,0.123875824356586,2.05127526138938,5.37575573338472,0.381578956173635,0.702773695773176,NA
LOC103246943,gene-LOC103246943,12465466,12472968,chr28,NC_023669.1,0.211875695124312,2.56950598285467,5.3518831538763,0.480112496662714,0.63114740274642,NA
EPO,gene-EPO,12487222,12491986,chr28,NC_023669.1,0.428197244581176,-1.01429744236694,3.80613560080307,-0.266490096189146,0.789861785823696,NA
POP7,gene-POP7,12501363,12502766,chr28,NC_023669.1,42.8569325146085,-0.34523652279341,0.386402873332739,-0.893462617955536,0.371609482379254,0.524832441574673
LOC103246945,gene-LOC103246945,12517021,12524149,chr28,NC_023669.1,23.0179059718255,0.605420945561241,0.51580989194323,1.17372883889531,0.240503655118122,0.382440315125076
GIGYF1,gene-GIGYF1,12524525,12533324,chr28,NC_023669.1,397.469855202141,0.933151057733006,0.149277732600877,6.25110685615761,4.07553901865161e-10,5.18297440807298e-09
GNB2,gene-GNB2,12533667,12539060,chr28,NC_023669.1,339.369116088009,-0.315429487974071,0.162259049032024,-1.94398703712245,0.0518970143119376,0.117167929176759
ACTL6B,gene-ACTL6B,12558258,12570537,chr28,NC_023669.1,0.325516073478974,0.0,5.24484174349558,0.0,1.0,NA
TFR2,gene-TFR2,12570604,12592269,chr28,NC_023669.1,0.0339794636637609,0.0,5.39771667960081,0.0,1.0,NA
MOSPD3,gene-MOSPD3,12597154,12600670,chr28,NC_023669.1,79.2008237709704,-0.919698909798839,0.307239320475094,-2.99342840745995,0.002758622212766,0.0099958197945693
PCOLCE,gene-PCOLCE,12604552,12610814,chr28,NC_023669.1,16.9338372740566,-0.1069786968038,0.578264362924169,-0.184999636261225,0.85322932087065,0.910256354273699
FBXO24,gene-FBXO24,12611906,12631445,chr28,NC_023669.1,6.17007917875134,0.73206444339317,0.959342855677429,0.763089482619048,0.445410031964171,0.596520263054716
LRCH4,gene-LRCH4,12627666,12639312,chr28,NC_023669.1,240.389198017124,0.83441653721024,0.193992830950776,4.30127511991391,1.69818059021866e-05,0.0001050913265367
SAP25,gene-SAP25,12639501,12641113,chr28,NC_023669.1,14.2503534636828,1.60080885438099,0.741286856047022,2.1594998499197,0.0308114089624415,0.0770660743975267
AGFG2,gene-AGFG2,12647383,12674303,chr28,NC_023669.1,70.6475012858165,0.275403587427297,0.289285496369444,0.952013118125983,0.341090329030846,0.493698406244241
NYAP1,gene-NYAP1,12714730,12724159,chr28,NC_023669.1,3.43375197804236,1.00736715508198,1.27975526427442,0.787156093984208,0.431190495811382,0.583137196065178
LOC103246947,gene-LOC103246947,12724138,12726413,chr28,NC_023669.1,0.0,NA,NA,NA,NA,NA
TSC22D4,gene-TSC22D4,12729798,12744222,chr28,NC_023669.1,147.762756803408,0.548411627063222,0.245572845751417,2.23319327259153,0.0255362017792526,0.0660449528688987
C28H7orf61,gene-C28H7orf61,12749326,12752096,chr28,NC_023669.1,12.3277313110761,2.35469829325138,0.768338361706778,3.06466318826081,0.002179152541349,0.0081109332178347
LOC103246739,gene-LOC103246739,12756644,12768497,chr28,NC_023669.1,0.957961237937795,-0.528372461520904,2.46911226400246,-0.213992886927064,0.830552604116402,NA
PPP1R35,gene-PPP1R35,12768645,12770273,chr28,NC_023669.1,30.5911668542283,0.0411366898401803,0.444624190766727,0.0925201342941835,0.926284794975133,0.956778956683257
MEPCE,gene-MEPCE,12771822,12776345,chr28,NC_023669.1,241.950286382823,0.660620459302219,0.198568100385585,3.32692138374396,0.0008781114324787,0.0036232303338617
ZCWPW1,gene-ZCWPW1,12777291,12802385,chr28,NC_023669.1,9.96531699451683,0.869104906510984,0.745187008725381,1.16629100659922,0.243496808086909,0.3858813315802
LOC103246742,gene-LOC103246742,12803150,12828700,chr28,NC_023669.1,0.161151775497887,-0.66633423053598,5.39121141454746,-0.123596382946134,0.90163485651847,NA
LOC103246741,gene-LOC103246741,12804240,12806258,chr28,NC_023669.1,1.00690103737849,2.60971205092964,2.54335315228294,1.02609110676869,0.304848641823358,NA
PVRIG,gene-PVRIG,12843568,12845648,chr28,NC_023669.1,0.652026782078763,3.36624864417807,3.22361404987228,1.04424679632831,0.296371221154778,NA
STAG3,gene-STAG3,12853456,12893098,chr28,NC_023669.1,7.51668157180234,1.09687383750818,0.945909549214791,1.15959695979252,0.246212939372741,0.388722380865628
GPC2,gene-GPC2,12892092,12899288,chr28,NC_023669.1,28.779549119731,-0.0438676932843629,0.464423417222091,-0.0944562475913764,0.92474673636246,0.955775380396529
LOC103246746,gene-LOC103246746,12896049,12897496,chr28,NC_023669.1,0.618399027108172,2.60597098787583,3.321475254705,0.784582388257859,0.43269845934441,NA
GAL3ST4,gene-GAL3ST4,12901665,12909916,chr28,NC_023669.1,46.51819884472,-0.292980808612888,0.397002799892912,-0.737981718748374,0.460525558283847,0.609750694830984
C28H7orf43,gene-C28H7orf43,12911287,12915935,chr28,NC_023669.1,90.6702003369544,1.00374834168601,0.274674161398793,3.65432385985768,0.0002578606157761,0.0012186400661521
LAMTOR4,gene-LAMTOR4,12916152,12923647,chr28,NC_023669.1,35.2693683091001,-1.15832558694342,0.470390490332112,-2.46247662474128,0.0137981166784181,0.0397143080676127
MBLAC1,gene-MBLAC1,12950091,12951859,chr28,NC_023669.1,6.07510527323516,-0.489112877649627,0.935967987703761,-0.522574365870763,0.601270483060304,0.731282051666631
CNPY4,gene-CNPY4,12952757,12958330,chr28,NC_023669.1,57.0221849665104,-0.731044368863,0.347275362165517,-2.10508561363064,0.035283856299839,0.0861968855501298
TAF6,gene-TAF6,12958555,12971100,chr28,NC_023669.1,163.514829858557,-0.675177276307564,0.223409942413128,-3.02214516066178,0.0025099015553678,0.0091884429138605
AP4M1,gene-AP4M1,12971007,12976914,chr28,NC_023669.1,45.7115439434537,-0.977299550442466,0.393637795810478,-2.48273809284564,0.0130376906958107,0.037818516933537
MCM7,gene-MCM7,12976487,12985354,chr28,NC_023669.1,686.678712211462,-0.115880509997429,0.127758479488082,-0.907027936319789,0.36439202426068,0.517634139883823
COPS6,gene-COPS6,12986194,12989189,chr28,NC_023669.1,283.00241516794,-0.632177022078131,0.171870325169906,-3.6782208996997,0.0002348665090282,0.0011248653282456
ZNF3,gene-ZNF3,12996615,13008199,chr28,NC_023669.1,181.289685895622,-0.296607452948582,0.194117045679417,-1.5279825216299,0.126516877608528,0.237389039608778
ZSCAN21,gene-ZSCAN21,13013603,13064154,chr28,NC_023669.1,271.500119235598,-0.360017423411928,0.177073660234279,-2.03315062745979,0.0420373074106352,0.0990909566500801
LOC103246760,gene-LOC103246760,13090317,13091364,chr28,NC_023669.1,0.0,NA,NA,NA,NA,NA
AZGP1,gene-AZGP1,13104262,13120329,chr28,NC_023669.1,0.0,NA,NA,NA,NA,NA
GJC3,gene-GJC3,13153447,13160951,chr28,NC_023669.1,0.0,NA,NA,NA,NA,NA
TRIM4,gene-TRIM4,13165271,13194329,chr28,NC_023669.1,151.363214657469,0.119285404376122,0.212906354628821,0.560271695901624,0.57529413031185,0.710084482269877
LOC103246764,gene-LOC103246764,13206223,13208336,chr28,NC_023669.1,0.708096730921305,3.21693249323901,2.95491934648163,1.08867015171475,0.276299368874076,NA
LOC103246765,gene-LOC103246765,13217123,13256859,chr28,NC_023669.1,1.0104375964704,2.36109614216478,2.89497322067228,0.815584795501659,0.414737648435943,NA
LOC103246766,gene-LOC103246766,13297566,13330023,chr28,NC_023669.1,0.421155087786868,2.52217412108436,4.37687754252479,0.576249642942819,0.564446454865628,NA
LOC103246767,gene-LOC103246767,13397169,13424655,chr28,NC_023669.1,0.0,NA,NA,NA,NA,NA
LOC103246772,gene-LOC103246772,13443475,13469041,chr28,NC_023669.1,0.0,NA,NA,NA,NA,NA
LOC103246771,gene-LOC103246771,13444869,13445664,chr28,NC_023669.1,0.0,NA,NA,NA,NA,NA
LOC103246770,gene-LOC103246770,13473649,13517905,chr28,NC_023669.1,359.055486246706,-0.999041256353321,0.144026571584521,-6.93650654432917,4.01914637731518e-12,6.46291334209213e-11
LOC103246769,gene-LOC103246769,13524728,13527891,chr28,NC_023669.1,0.115025653459332,0.0,5.39771667962051,0.0,1.0,NA
ZSCAN25,gene-ZSCAN25,13539095,13551772,chr28,NC_023669.1,79.8141649840519,0.943968687116945,0.290273928743323,3.25199266501008,0.0011459897920382,0.0045778249162249
LOC103246776,gene-LOC103246776,13559611,13604969,chr28,NC_023669.1,8.41311882329226,2.7719072319797,1.02371371994026,2.70769764826584,0.0067751714896294,0.021687417726016
ZNF655,gene-ZNF655,13588503,13608647,chr28,NC_023669.1,1251.02971357038,0.266505082811158,0.105557947323136,2.52472778762293,0.0115787938783284,0.0341723239069558
FAM200A,gene-FAM200A,13607357,13618431,chr28,NC_023669.1,44.7768517769908,1.35227206391072,0.383037258274769,3.53039302234323,0.000414942779408,0.001849723201825
ZKSCAN5,gene-ZKSCAN5,13630936,13662654,chr28,NC_023669.1,214.554081235665,1.51044839015597,0.19028648090462,7.93775986068642,2.0586541826372303e-15,4.52462976847899e-14
ZNF394,gene-ZNF394,13666361,13672947,chr28,NC_023669.1,155.602484111739,1.35231534635669,0.201970134262951,6.69562037620902,2.14758576360803e-11,3.17935645328373e-10
ZNF789,gene-ZNF789,13675843,13692631,chr28,NC_023669.1,71.1357154912513,-1.1217919806351,0.326091542299545,-3.44011369545009,0.0005814698634258,0.0024964885506603
LOC103246779,gene-LOC103246779,13678153,13688741,chr28,NC_023669.1,9.79460149524315,2.34376319927887,0.841376651879935,2.78562899747939,0.0053423978406909,0.0177123359750533
TRNAW-CCA,gene-TRNAW-CCA,13694668,13694739,chr28,NC_023669.1,0.391668416509963,3.6784715227083,4.27570148474844,0.860320004993222,0.389612668346579,NA
TRNAW-CCA-2,gene-TRNAW-CCA-2,13695917,13695988,chr28,NC_023669.1,NA,NA,NA,NA,NA,NA
ATP5J2,gene-ATP5J2,13699537,13707421,chr28,NC_023669.1,206.547492244929,-1.49157664397541,0.253968258721692,-5.87308292572866,4.27764355442178e-09,4.74208993089107e-08
CPSF4,gene-CPSF4,13708239,13726502,chr28,NC_023669.1,238.152313118258,0.437381365180179,0.185052016050089,2.36355903878287,0.0181003424022926,0.0498693441115689
PTCD1,gene-PTCD1,13726586,13742041,chr28,NC_023669.1,58.7569047388532,0.325932668575559,0.316431228186676,1.03002687327459,0.302997390696424,0.452731266877857
BUD31,gene-BUD31,13734417,13750749,chr28,NC_023669.1,148.095876100514,0.208364025703589,0.213639315824448,0.975307493845403,0.329407754362526,0.481329344172656
PDAP1,gene-PDAP1,13751019,13763392,chr28,NC_023669.1,206.595481554976,-0.335394532465151,0.187933007424961,-1.78464941875136,0.07431820016559,0.15639018332718
LOC103246949,gene-LOC103246949,13764637,13780317,chr28,NC_023669.1,186.579903143217,-1.24629263438784,0.212127862145274,-5.87519537407266,4.22344940462209e-09,4.69151504229266e-08
LOC103246791,gene-LOC103246791,13793196,13833254,chr28,NC_023669.1,310.267406324736,-0.483120181549409,0.157815190175824,-3.0613034208631,0.0022037564729491,0.0081846166682264
LOC103246790,gene-LOC103246790,13833250,13869018,chr28,NC_023669.1,6.22001276672477,1.09079098756401,0.951953583534573,1.14584472019522,0.251859407622627,0.395053764626759
LOC103246788,gene-LOC103246788,13848757,13917534,chr28,NC_023669.1,0.635735056964686,2.8146138183165,3.25632211846454,0.864353622252727,0.387393661698636,NA
LOC103246787,gene-LOC103246787,13918209,13923337,chr28,NC_023669.1,0.0339794636637609,0.0,5.39771667960081,0.0,1.0,NA
KPNA7,gene-KPNA7,13957818,13989778,chr28,NC_023669.1,0.0,NA,NA,NA,NA,NA
SMURF1,gene-SMURF1,14019733,14141588,chr28,NC_023669.1,459.323205728508,1.17112040193829,0.136089341058599,8.6055262875732,7.59673867627077e-18,2.0412971454503e-16
TRRAP,gene-TRRAP,14154962,14289110,chr28,NC_023669.1,1817.72969317386,0.297475067324561,0.103491073534781,2.87440314574172,0.0040479190266915,0.0139707241076775
TMEM130,gene-TMEM130,14297308,14320336,chr28,NC_023669.1,0.690081867762345,0.766161109416027,2.61997695608946,0.292430476396093,0.769957509290504,NA
LOC103246796,gene-LOC103246796,14438880,14440315,chr28,NC_023669.1,0.0,NA,NA,NA,NA,NA
NPTX2,gene-NPTX2,14537837,14550504,chr28,NC_023669.1,0.0,NA,NA,NA,NA,NA
BAIAP2L1,gene-BAIAP2L1,14769302,14876121,chr28,NC_023669.1,235.881508344657,0.394409173379067,0.168837486241821,2.33602846238877,0.0194897581735245,0.0530827554235112
BRI3,gene-BRI3,14877849,14904057,chr28,NC_023669.1,54.0517066875874,-0.379651679303674,0.325859738908316,-1.16507697629529,0.243987835530154,0.386435682397652
TECPR1,gene-TECPR1,14912281,14953427,chr28,NC_023669.1,115.778901262566,-0.112993109390959,0.250198991188187,-0.451612969558183,0.65154782503467,0.770070234969999
BHLHA15,gene-BHLHA15,14953483,14957674,chr28,NC_023669.1,2.4023233404856,2.67764744238463,1.63741751839942,1.63528691509423,0.101988915275092,0.201282783228175
LMTK2,gene-LMTK2,14961397,15067423,chr28,NC_023669.1,537.576481740437,0.667835397570531,0.120427929676752,5.54551921105936,2.93083152441097e-08,2.8865262128242e-07
PMS2,gene-PMS2,15174359,15209962,chr28,NC_023669.1,162.314736920071,0.400784145871715,0.198106284028893,2.02307638970838,0.0430652723472524,0.101014134362598
AIMP2,gene-AIMP2,15210016,15224874,chr28,NC_023669.1,63.4890749639268,-0.748732186199244,0.348250900983094,-2.14997917905054,0.0315568617578783,0.0786192043005835
EIF2AK1,gene-EIF2AK1,15225768,15269692,chr28,NC_023669.1,224.306743124165,-0.365335505396464,0.174969906119365,-2.08799052076551,0.0367986897725691,0.0892540831269078
ANKRD61,gene-ANKRD61,15226889,15247021,chr28,NC_023669.1,8.76670742269688,1.93826373793084,0.872421295580005,2.22170612724697,0.0263031722018788,0.0676287625616714
USP42,gene-USP42,15292782,15366029,chr28,NC_023669.1,296.756202770124,0.374884255000042,0.156300524746744,2.39848366221081,0.0164631108973814,0.0460776261018085
CYTH3,gene-CYTH3,15366238,15479781,chr28,NC_023669.1,270.029582013333,0.46346541380738,0.164024209941299,2.82559150245714,0.004719340667632,0.0159658221885809
LOC103246808,gene-LOC103246808,15382671,15383247,chr28,NC_023669.1,0.0,NA,NA,NA,NA,NA
FAM220A,gene-FAM220A,15538085,15560278,chr28,NC_023669.1,126.631341140431,-0.289077326357307,0.225818345539885,-1.28013215961787,0.200498659981782,0.335691107442473
LOC103246810,gene-LOC103246810,15539887,15560089,chr28,NC_023669.1,0.0,NA,NA,NA,NA,NA
LOC103246813,gene-LOC103246813,15564225,15574621,chr28,NC_023669.1,0.115025653459332,0.0,5.39771667962051,0.0,1.0,NA
RAC1,gene-RAC1,15583609,15610753,chr28,NC_023669.1,722.541210776867,-0.793977673232151,0.132919469278922,-5.97337378443822,2.32396597978454e-09,2.68344476805205e-08
LOC103246814,gene-LOC103246814,15610809,15613210,chr28,NC_023669.1,2.16460471507259,-2.74972278155818,2.01892172982129,-1.3619759205829,0.173205484449579,0.300951174060026
DAGLB,gene-DAGLB,15616744,15660829,chr28,NC_023669.1,58.6129714834194,-0.42102043906404,0.338354048798107,-1.24431919925173,0.21338210765473,0.35134965835677
KDELR2,gene-KDELR2,15671314,15694192,chr28,NC_023669.1,1072.2952001567,-0.564339067244408,0.109007346174033,-5.1770737207328,2.25393170933144e-07,1.93137008370583e-06
GRID2IP,gene-GRID2IP,15705725,15767455,chr28,NC_023669.1,2.65603112008391,4.04738443003365,1.99420150904707,2.02957645537421,0.0423996101781646,0.0997159146118187
ZDHHC4,gene-ZDHHC4,15788451,15804072,chr28,NC_023669.1,61.6654829786745,-0.521202074158681,0.319084086949631,-1.63343173625877,0.102378226879255,0.201854897190297
C28H7orf26,gene-C28H7orf26,15805068,15821190,chr28,NC_023669.1,62.6261223582683,-0.0995069766440566,0.30744806877653,-0.323654583487996,0.746199558622661,0.836907531016244
ZNF853,gene-ZNF853,15826679,15835222,chr28,NC_023669.1,83.3712331233661,0.341723590730047,0.265369128281284,1.28772925827238,0.197840225011625,0.332346983424645
ZNF316,gene-ZNF316,15847991,15867232,chr28,NC_023669.1,158.600722543743,0.755960788084291,0.206719111128863,3.65694678134062,0.0002552373462822,0.00120867803613
LOC103246823,gene-LOC103246823,15877453,15882763,chr28,NC_023669.1,0.123875824356586,2.05127526138938,5.37575573338472,0.381578956173635,0.702773695773176,NA
LOC103246822,gene-LOC103246822,15883221,15883894,chr28,NC_023669.1,0.0,NA,NA,NA,NA,NA
ZNF12,gene-ZNF12,15902671,15918898,chr28,NC_023669.1,208.931747023992,0.666937080132557,0.194633703182312,3.42662688541584,0.0006111281653458,0.0026081367867555
LOC103246830,gene-LOC103246830,15931400,15941815,chr28,NC_023669.1,1.04011983926351,-2.26113523309773,2.50825007730359,-0.901479184056673,0.367333596600714,NA
LOC103246829,gene-LOC103246829,15948410,15952061,chr28,NC_023669.1,18.8698766278008,1.4764544884134,0.617308374051635,2.39176163887564,0.0167677280617101,0.0468025432365107
RNF216,gene-RNF216,15955499,16114307,chr28,NC_023669.1,628.507119153643,0.650751085240898,0.121313229147733,5.36422193863479,8.12988927833902e-08,7.45262547022725e-07
FSCN1,gene-FSCN1,16127033,16142285,chr28,NC_023669.1,585.029563125272,-1.72931499022356,0.16301812228197,-10.608115012099,2.73205112377767e-26,1.30772056414524e-24
ACTB,gene-ACTB,16195676,16197161,chr28,NC_023669.1,5403.46156567721,-1.83529186268818,0.1019284345892,-18.0056906601667,1.75793244962677e-72,4.44026691661114e-70
LOC103246954,gene-LOC103246954,16204677,16208663,chr28,NC_023669.1,1473.68865389777,-1.60723450332595,0.266129239269027,-6.03930070871022,1.5478355236956902e-09,1.82691327304356e-08
FBXL18,gene-FBXL18,16216102,16249262,chr28,NC_023669.1,64.6795515461431,0.566542398152992,0.300868175728417,1.88302533752985,0.0596969343002635,0.131013521882168
LOC103246838,gene-LOC103246838,16309256,16311783,chr28,NC_023669.1,1.96442780770065,0.0467776207081094,1.55531716256236,0.030075936814742,0.976006491687568,0.985211536354914
TNRC18,gene-TNRC18,16309600,16427315,chr28,NC_023669.1,509.613378430275,-0.205952547536727,0.17204721128502,-1.19706995538299,0.231279289310173,0.371867923993185
SLC29A4,gene-SLC29A4,16429879,16450580,chr28,NC_023669.1,8.33743989757287,-0.31945143880971,0.844313043799918,-0.378356631057109,0.705165681095555,0.809079585876125
WIPI2,gene-WIPI2,16504557,16558670,chr28,NC_023669.1,331.167926817446,0.118284254073988,0.154365376437702,0.76626155944837,0.443520686088582,0.595106458336248
RBAK,gene-RBAK,16594449,16648577,chr28,NC_023669.1,711.744110766397,1.16822687248108,0.121579756607513,9.60872850117958,7.345036693944449e-22,2.61019074548009e-20
LOC103246956,gene-LOC103246956,16628945,16636134,chr28,NC_023669.1,0.0,NA,NA,NA,NA,NA
LOC103246957,gene-LOC103246957,16645419,16665776,chr28,NC_023669.1,57.3782857049562,0.582716334703284,0.329019107153417,1.77107141206718,0.0765488272407948,0.1600787983237
MMD2,gene-MMD2,16693172,16746310,chr28,NC_023669.1,0.0898963606928256,2.05129431190306,5.37575570581263,0.381582501914115,0.70277106532632,NA
RADIL,gene-RADIL,16765646,16846934,chr28,NC_023669.1,0.0898963606928256,2.05129431190306,5.37575570581263,0.381582501914115,0.70277106532632,NA
PAPOLB,gene-PAPOLB,16788585,16790623,chr28,NC_023669.1,0.0,NA,NA,NA,NA,NA
AP5Z1,gene-AP5Z1,16852314,16868408,chr28,NC_023669.1,121.448448360433,0.458355359988803,0.23449111594715,1.95468113210782,0.0506207184547056,0.114775715452197
FOXK1,gene-FOXK1,16875747,16962813,chr28,NC_023669.1,445.130154556111,0.231114969505022,0.148730327525404,1.55391958957091,0.120203598334661,0.228414661742877
LOC103246850,gene-LOC103246850,16931024,16932457,chr28,NC_023669.1,0.549832136659181,2.06959553867032,3.3137405317991,0.624549664890841,0.532266664497253,NA
LOC103246852,gene-LOC103246852,17143684,17155101,chr28,NC_023669.1,0.0,NA,NA,NA,NA,NA
SDK1,gene-SDK1,17354106,18316238,chr28,NC_023669.1,0.173322642715597,0.0,5.3977166796053,0.0,1.0,NA
LOC103246854,gene-LOC103246854,17538887,17540433,chr28,NC_023669.1,0.0,NA,NA,NA,NA,NA
LOC103246853,gene-LOC103246853,17544661,17546403,chr28,NC_023669.1,0.0,NA,NA,NA,NA,NA
LOC103246856,gene-LOC103246856,18572243,18657970,chr28,NC_023669.1,0.0,NA,NA,NA,NA,NA
CARD11,gene-CARD11,18657941,18714202,chr28,NC_023669.1,0.126493504754165,0.0,5.39771667955942,0.0,1.0,NA
GNA12,gene-GNA12,18778768,18890420,chr28,NC_023669.1,338.114086848074,-0.63219932284629,0.16166097190672,-3.91064902919843,9.20484447315922e-05,0.0004867154156532
LOC103246924,gene-LOC103246924,18789182,18808645,chr28,NC_023669.1,23.3769334546623,-1.76229338988506,0.561903181783501,-3.13629366591497,0.0017109778428295,0.0065388347820239
AMZ1,gene-AMZ1,18900176,18940034,chr28,NC_023669.1,108.636132287564,0.0556309193877918,0.238698156049705,0.233059694756115,0.815715052056424,0.885018298314668
BRAT1,gene-BRAT1,18945857,18964077,chr28,NC_023669.1,142.933206495782,0.414885246732766,0.242326044841062,1.71209515264809,0.0868791345347511,0.176926523293419
IQCE,gene-IQCE,18963871,19014509,chr28,NC_023669.1,119.05802675108,-0.436387283847886,0.230005716074027,-1.89728886436647,0.0577898238738632,0.127800825479672
LOC103246859,gene-LOC103246859,19015070,19016835,chr28,NC_023669.1,0.0,NA,NA,NA,NA,NA
TTYH3,gene-TTYH3,19037300,19072417,chr28,NC_023669.1,955.274005379426,-1.59963571159898,0.15355119921342,-10.4176048105991,2.06077616334696e-25,9.372250152307592e-24
LOC103246862,gene-LOC103246862,19070100,19072160,chr28,NC_023669.1,14.541050127489,-1.31663735135365,0.716121873995725,-1.83856603067749,0.065979041462186,0.142145841605683
LFNG,gene-LFNG,19084527,19092305,chr28,NC_023669.1,444.923699518038,-1.87082082311513,0.184422749174259,-10.1441976735062,3.51656106221899e-24,1.47659589563968e-22
CHST12,gene-CHST12,19174283,19200564,chr28,NC_023669.1,31.1720163436875,0.0191903163326534,0.432183048831085,0.0444032138339461,0.964582999908324,0.978590106438538
LOC103246867,gene-LOC103246867,19219554,19220262,chr28,NC_023669.1,4.01637023489469,0.589662240392856,1.21883852032001,0.483790289330564,0.628534707380346,0.753012465394814
EIF3B,gene-EIF3B,19220649,19247134,chr28,NC_023669.1,655.027437334616,0.137648154645871,0.118019505596998,1.16631699098875,0.243486306019922,0.3858813315802
SNX8,gene-SNX8,19278821,19345751,chr28,NC_023669.1,70.2379586427364,-0.459565337484131,0.317748986422542,-1.44631566777998,0.148088683211667,0.267796012883484
NUDT1,gene-NUDT1,19332014,19340538,chr28,NC_023669.1,33.5987823521963,0.50001274675106,0.424590924937503,1.1776340882101,0.238942513961263,0.380934431224989
FTSJ2,gene-FTSJ2,19336935,19355221,chr28,NC_023669.1,57.8586236577814,0.245479431299941,0.325028270105149,0.755255631211793,0.450095614955722,0.600200601554829
MAD1L1,gene-MAD1L1,19358942,19768079,chr28,NC_023669.1,91.705414444353,0.450420932405332,0.268278529586,1.67893022635993,0.0931656428512081,0.187197836780215
LOC103246869,gene-LOC103246869,19672711,19676292,chr28,NC_023669.1,3.85033003785667,0.579891030584613,1.42522137285023,0.406877865874912,0.684097693402467,0.793802807992205
ELFN1,gene-ELFN1,19841125,19843721,chr28,NC_023669.1,0.211875695124312,2.56950598285467,5.3518831538763,0.480112496662714,0.63114740274642,NA
LOC103246961,gene-LOC103246961,19843704,19868990,chr28,NC_023669.1,0.0,NA,NA,NA,NA,NA
PSMG3,gene-PSMG3,20027990,20030781,chr28,NC_023669.1,61.644725509938,-0.258970696120033,0.307247083971291,-0.842874382313847,0.399298702213649,0.552150770061794
TMEM184A,gene-TMEM184A,20035649,20053708,chr28,NC_023669.1,11.1628658147238,0.809714907774431,0.731001920785297,1.10767822183637,0.268000808024455,0.413459619070241
MAFK,gene-MAFK,20057386,20070020,chr28,NC_023669.1,204.429485026492,0.618592982951611,0.213985834530958,2.89081276948787,0.003842469664235,0.0133571177106523
INTS1,gene-INTS1,20098155,20132683,chr28,NC_023669.1,594.852795460292,-0.317543214776728,0.155557758132381,-2.04132033393343,0.0412189972237071,0.097587571507082
MICALL2,gene-MICALL2,20143184,20168448,chr28,NC_023669.1,248.910051376906,0.831169701141693,0.187280426345432,4.43810235464025,9.0755462309512e-06,5.9140503267031e-05
LOC103246964,gene-LOC103246964,20364844,20371770,chr28,NC_023669.1,0.0,NA,NA,NA,NA,NA
LOC103246884,gene-LOC103246884,20365400,20367458,chr28,NC_023669.1,0.0,NA,NA,NA,NA,NA
ZFAND2A,gene-ZFAND2A,20434434,20441641,chr28,NC_023669.1,94.8027512891661,1.45259243917771,0.274214448145628,5.29728629910223,1.17536334675213e-07,1.04847085055232e-06
LOC103246892,gene-LOC103246892,20447730,20452695,chr28,NC_023669.1,9.92559352702929,0.49682337071763,0.725614770622911,0.684693022843412,0.493537652749657,0.639030061738475
C28H7orf50,gene-C28H7orf50,20452734,20575087,chr28,NC_023669.1,70.1928075879177,0.387268427581969,0.28980939150026,1.33628667303427,0.181455590799855,0.311788371507275
GPER1,gene-GPER1,20491874,20497966,chr28,NC_023669.1,0.152573517892198,0.0,5.3977166795814,0.0,1.0,NA
LOC103246890,gene-LOC103246890,20517988,20521625,chr28,NC_023669.1,0.640820062775576,2.54213971523452,3.1255406525652,0.813343993189827,0.416020860588709,NA
GPR146,gene-GPR146,20522155,20538402,chr28,NC_023669.1,11.5195356729969,2.63459223379318,0.867599604098947,3.03664526971443,0.0023922680332406,0.0088193389712976
LOC103246886,gene-LOC103246886,20554067,20554612,chr28,NC_023669.1,0.0,NA,NA,NA,NA,NA
LOC103246893,gene-LOC103246893,20580272,20592771,chr28,NC_023669.1,0.0,NA,NA,NA,NA,NA
LOC103246898,gene-LOC103246898,20596595,20613034,chr28,NC_023669.1,51.536768386681,0.0874388169848456,0.35537750177007,0.24604488621066,0.805647486108873,0.879112084735842
LOC103246897,gene-LOC103246897,20613326,20615376,chr28,NC_023669.1,0.0,NA,NA,NA,NA,NA
ADAP1,gene-ADAP1,20617948,20677848,chr28,NC_023669.1,1.87505153792637,0.550391515885865,2.15399118143858,0.255521712729704,0.798320175740545,0.874196001154424
GET4,gene-GET4,20678584,20699957,chr28,NC_023669.1,140.720460216906,0.526632992018952,0.20837667646513,2.52731256181197,0.0114939159053924,0.0339523410102075
SUN1,gene-SUN1,20701445,20762979,chr28,NC_023669.1,868.238545824951,0.131901784750876,0.112922609840631,1.16807240761643,0.242777559132595,0.385146133048866
HEATR2,gene-HEATR2,20785240,20839784,chr28,NC_023669.1,194.073280291945,0.0507265008484419,0.178473814629466,0.284223772287024,0.77623889872537,0.857912503485232
PRKAR1B,gene-PRKAR1B,20838247,21016196,chr28,NC_023669.1,2.12131640838105,-0.798755879933559,1.71907009842887,-0.464644158876113,0.642186303554842,0.762799503093864
LOC103246903,gene-LOC103246903,20850803,20854005,chr28,NC_023669.1,0.0,NA,NA,NA,NA,NA
LOC103246901,gene-LOC103246901,20964167,20966766,chr28,NC_023669.1,0.0,NA,NA,NA,NA,NA
LOC103246905,gene-LOC103246905,21029503,21033626,chr28,NC_023669.1,18.7556850896589,-0.686200879444477,0.636689220674693,-1.07776424849366,0.281138978093672,0.428972095013188
LOC103246965,gene-LOC103246965,21034255,21046045,chr28,NC_023669.1,2.77777758864753,-1.0867671334035,1.35650318461028,-0.801153396271405,0.423042847213087,0.575150502280925
PDGFA,gene-PDGFA,21044549,21068411,chr28,NC_023669.1,125.326666843531,-1.29425129755093,0.230223354056198,-5.62172027619317,1.89065224124422e-08,1.90785055296544e-07
LOC103246908,gene-LOC103246908,21094277,21097020,chr28,NC_023669.1,0.116501016194285,0.0,5.39771667962011,0.0,1.0,NA
LOC103246909,gene-LOC103246909,21102016,21107225,chr28,NC_023669.1,0.117723048823364,-0.814546035628227,5.38227378537282,-0.15133864758829,0.879708583992605,NA
LOC103246911,gene-LOC103246911,21197347,21199756,chr28,NC_023669.1,0.0,NA,NA,NA,NA,NA
LOC103246912,gene-LOC103246912,21267915,21272871,chr28,NC_023669.1,0.0,NA,NA,NA,NA,NA
LOC103246966,gene-LOC103246966,21296048,21297423,chr28,NC_023669.1,0.827294980288057,-0.99067472535651,2.73007661493591,-0.362874331048679,0.716698762513126,NA
FAM20C,gene-FAM20C,21299235,21371603,chr28,NC_023669.1,61.0254465845701,-1.34542687464213,0.336008621061715,-4.00414391270934,6.22424672108439e-05,0.0003405187692994
LOC103246913,gene-LOC103246913,21344802,21350019,chr28,NC_023669.1,16.4167165710709,-0.892243124077138,0.673686859259725,-1.32441818006896,0.185364200030141,0.316813391223699
LOC103246915,gene-LOC103246915,21379925,21384347,chr28,NC_023669.1,1.55824899192684,1.02109161455062,1.82239892315499,0.560300821942363,0.575274266870061,0.710084482269877
LOC103246916,gene-LOC103246916,21384676,21393847,chr28,NC_023669.1,0.278874824321252,-1.71239625095552,4.55506153021491,-0.375932627824399,0.706966983215652,NA
LOC103246917,gene-LOC103246917,21434095,21437707,chr28,NC_023669.1,0.0,NA,NA,NA,NA,NA
