id,x,y,z
1.0,23.3641,-12.45278,50.59852
2.0,23.61921,-11.55417,50.23928
3.0,24.21937,-11.94536,49.40934
4.0,24.31,-12.75539,48.96541
5.0,24.62484,-11.88744,49.48191
6.0,24.57957,-12.22931,48.5064
7.0,24.64299,-11.70392,49.47086
8.0,24.13094,-11.57066,50.36768
9.0,23.25774,-11.75207,50.76186
10.0,24.06237,-11.43258,50.32545
11.0,24.09663,-12.30768,49.93788
12.0,23.33885,-12.27805,50.69949
13.0,23.96458,-12.3853,49.8984
14.0,24.68113,-12.95712,50.47516
15.0,24.57488,-11.99803,50.07814
16.0,23.63334,-11.76948,50.46873
17.0,23.75561,-12.8191,50.1983
18.0,24.29871,-11.9764,50.3073
19.0,24.30543,-13.01483,50.18513
20.0,24.97521,-12.1803,50.22921
21.0,24.04768,-12.489,50.64727
22.0,23.93741,-13.30173,51.30759
23.0,23.28877,-12.66322,51.70143
24.0,24.49971,-11.87162,51.36921
25.0,23.77998,-12.30041,51.02889
26.0,24.01912,-11.36318,51.62791
27.0,24.89572,-11.41768,51.85338
28.0,24.03453,-11.27539,52.2442
29.0,23.60002,-11.69012,51.52786
30.0,24.24126,-11.19758,52.06501
31.0,25.03085,-11.30115,52.74229
32.0,24.0423,-11.40981,52.75327
33.0,23.41648,-11.56301,52.03649
34.0,24.24893,-11.09152,52.15089
35.0,23.52471,-11.65984,51.68103
36.0,23.22201,-12.67092,51.77926
37.0,23.31263,-11.83795,52.09424
38.0,24.17813,-11.74883,52.44017
39.0,24.99765,-11.35278,52.69119
40.0,25.46069,-11.84164,51.98635
41.0,24.59062,-11.12861,51.96036
42.0,24.63971,-11.6363,52.81807
43.0,25.06856,-12.15968,51.9801
44.0,25.34747,-13.13535,51.93617
45.0,24.81812,-12.25821,52.03227
46.0,25.38439,-11.67539,52.69289
47.0,24.41126,-11.47385,52.98607
48.0,24.97785,-11.39518,52.05439
49.0,24.98338,-11.54253,53.15717
50.0,24.92889,-11.08119,52.16971
51.0,25.55448,-11.92804,52.21378
52.0,25.33082,-11.7638,51.24004
53.0,24.81981,-11.08814,51.75607
54.0,25.65533,-11.99427,51.74517
55.0,24.83021,-11.4473,51.44997
56.0,25.56159,-12.1216,51.24621
57.0,25.89488,-12.28321,52.21373
58.0,25.81013,-13.04943,51.42639
59.0,25.61317,-12.28466,52.09869
60.0,26.36365,-11.89166,51.62188
61.0,26.34106,-12.83003,50.92971
62.0,25.58033,-12.18,50.46042
63.0,25.97041,-12.33444,51.31734
64.0,26.36891,-13.3198,51.47312
65.0,26.24275,-12.48433,51.24903
66.0,25.6527,-11.64831,51.74395
67.0,25.78496,-11.95066,52.67772
68.0,25.67145,-12.37816,51.69338
69.0,24.94862,-11.70378,51.81536
70.0,24.55105,-11.45689,52.63955
71.0,23.99114,-11.84561,51.78444
72.0,24.41334,-11.28356,52.54487
73.0,25.42966,-11.40699,52.38298
74.0,24.8574,-12.12085,52.43893
75.0,24.85834,-11.71969,53.32569
76.0,25.55606,-12.35635,52.83183
77.0,25.13302,-13.10264,52.2654
78.0,25.51333,-13.94649,52.16678
79.0,25.61559,-13.44967,53.00443
80.0,25.87943,-12.53939,53.37146
81.0,25.50411,-13.45011,53.14025
82.0,25.44642,-12.74945,53.81558
83.0,25.84647,-13.23899,52.94828
84.0,25.59537,-11.92998,53.03264
85.0,25.3419,-12.38735,53.90613
86.0,24.80068,-11.66327,53.84674
87.0,25.05797,-12.26431,53.03737
88.0,24.8507,-11.51847,53.79998
89.0,24.86669,-12.46044,53.94915
90.0,24.52817,-11.68597,53.45202
91.0,24.88218,-11.94599,52.54261
92.0,25.42128,-12.49613,53.49159
93.0,24.56727,-12.42918,53.93224
94.0,24.87012,-13.31333,53.8113
95.0,25.09526,-12.13928,53.75452
96.0,25.24641,-13.05921,53.35354
97.0,25.30669,-12.03354,53.31701
98.0,25.66585,-12.88219,53.55008
99.0,26.09907,-13.15834,52.7385
100.0,25.6165,-14.1496,52.84146
101.0,25.46599,-13.53493,52.06187
102.0,26.41261,-13.50396,52.10197
103.0,25.7145,-14.25863,52.25621
104.0,25.50295,-13.31026,52.29289
105.0,25.2522,-13.70674,53.18972
106.0,25.73667,-12.84385,53.18778
107.0,24.81507,-12.35022,53.50076
108.0,24.75362,-13.44958,53.44088
109.0,25.00467,-12.55373,53.49379
110.0,25.07249,-13.57485,53.41099
111.0,24.91746,-12.64897,53.7801
112.0,24.88243,-13.51991,53.95892
113.0,25.49403,-12.81925,53.53635
114.0,25.03228,-13.64203,53.6766
115.0,25.46019,-14.02209,52.92325
116.0,25.68835,-13.14361,53.4427
117.0,24.88729,-13.49879,53.62006
118.0,25.11001,-13.809,52.67657
119.0,25.4378,-13.00954,52.12062
120.0,25.11865,-13.8639,52.40981
121.0,25.18761,-12.92552,52.16635
122.0,24.77145,-13.62367,52.72451
123.0,25.6902,-13.50934,52.53598
124.0,26.08511,-13.63228,51.39209
125.0,25.33603,-14.14932,51.52601
126.0,25.98688,-13.27701,51.14427
127.0,25.9428,-13.09715,52.08554
128.0,25.14412,-12.42756,51.88431
129.0,25.01743,-13.41519,51.72064
130.0,25.25924,-12.4683,51.48456
131.0,25.55243,-13.04852,50.80721
132.0,24.75103,-13.41537,51.09442
133.0,25.46856,-14.04172,50.75937
134.0,26.46444,-13.94694,50.8786
135.0,26.31177,-12.96098,50.57329
136.0,26.11182,-13.7937,50.11359
137.0,25.87801,-14.67508,49.71312
138.0,26.18311,-13.79314,49.93985
139.0,25.07817,-14.01283,49.54144
140.0,24.85354,-14.75723,50.24696
141.0,24.01803,-14.26118,49.92621
142.0,24.7633,-13.83142,49.37414
143.0,25.02794,-13.61996,50.29062
144.0,25.13752,-13.05034,49.5559
145.0,24.58339,-14.12175,49.7127
146.0,24.29533,-13.17131,49.93542
147.0,24.39759,-14.1323,49.97877
148.0,24.36162,-13.29324,49.33915
149.0,24.06,-14.34048,49.04474
150.0,24.42016,-13.56558,48.58343
151.0,24.30631,-14.18602,49.32321
152.0,24.53559,-13.27864,49.23479
153.0,24.53172,-14.39588,49.49593
154.0,25.29592,-13.73494,48.8363
155.0,25.89711,-13.74446,49.49589
156.0,25.59347,-12.75248,49.49836
157.0,25.98417,-12.10844,50.24146
158.0,25.67648,-12.63218,49.37041
159.0,25.74739,-13.58506,49.45239
160.0,25.96435,-13.90038,50.34865
161.0,25.90357,-14.56675,49.7446
162.0,24.92603,-14.92217,49.36608
163.0,25.16379,-15.11307,50.37847
164.0,25.53013,-14.5924,51.10705
165.0,24.84131,-14.88605,50.47072
166.0,25.74424,-14.25763,50.44732
167.0,24.94409,-14.88786,50.81993
168.0,24.64881,-13.88041,51.62513
169.0,23.85453,-13.50415,51.19208
170.0,24.78687,-13.38016,51.43372
171.0,23.83283,-12.77858,51.3847
172.0,24.7272,-12.53982,51.42949
173.0,24.05999,-12.93267,50.75189
174.0,25.08428,-12.91149,51.07903
175.0,24.54641,-12.15306,50.95988
176.0,23.71485,-12.9097,50.68057
177.0,24.55503,-12.18732,50.78368
178.0,24.56626,-13.0294,51.22744
179.0,24.04171,-12.26262,50.93857
180.0,24.59507,-12.66357,50.22447
181.0,24.47973,-13.60586,50.4361
182.0,24.81219,-13.46073,51.37425
183.0,24.27272,-12.59398,51.44659
184.0,24.60991,-13.60303,51.5382
185.0,24.49111,-12.2286,50.78995
186.0,24.68463,-13.17588,50.53008
187.0,25.22563,-13.83754,51.19854
188.0,24.67575,-14.60206,51.12163
189.0,24.82729,-13.50464,50.65607
190.0,23.97181,-13.09035,51.15973
191.0,24.92399,-13.33065,51.38894
192.0,24.36449,-12.86821,50.79154
193.0,24.70074,-13.43036,51.64041
194.0,24.98602,-12.63401,51.21423
195.0,24.14966,-13.04811,51.53863
196.0,24.7686,-13.66462,52.28398
197.0,23.96402,-13.66223,51.6966
198.0,23.64553,-12.52896,51.80842
199.0,23.50408,-11.67984,52.3268
200.0,24.03018,-11.51299,51.34086
201.0,23.14604,-12.25821,51.77443
202.0,23.4186,-13.26612,51.76974
203.0,24.32272,-13.41461,51.10414
204.0,23.75989,-12.93031,51.87429
205.0,23.75326,-11.95594,51.81277
206.0,23.21252,-12.74285,51.95744
207.0,23.08246,-11.66895,52.07047
208.0,23.64489,-11.33539,52.93001
209.0,23.88357,-11.28216,51.88413
210.0,23.55865,-11.66173,52.79777
211.0,23.33518,-12.26261,51.98508
212.0,23.65337,-11.74623,52.96485
213.0,23.1236,-12.57319,52.59333
214.0,23.31313,-11.74576,53.22718
215.0,23.9846,-11.10475,52.81203
216.0,23.16033,-11.82673,52.60039
217.0,23.08066,-12.25731,53.53725
218.0,23.85425,-12.11084,52.95944
219.0,23.30473,-11.4692,52.61611
220.0,23.12329,-12.13818,51.78095
221.0,23.46559,-12.88546,52.84966
222.0,24.30869,-13.35613,52.87978
223.0,24.89698,-13.75125,52.15899
224.0,24.31121,-13.83922,52.92728
225.0,24.10042,-12.84867,52.70215
226.0,24.92846,-13.52607,52.5114
227.0,23.93153,-13.9002,52.14725
228.0,23.93409,-12.94405,52.42654
229.0,24.13027,-12.34517,53.20628
230.0,23.39252,-11.81434,52.69993
231.0,23.31107,-11.89761,53.63429
232.0,23.75434,-12.72253,53.27837
233.0,24.49811,-13.28142,53.42205
234.0,24.1556,-12.48089,53.98845
235.0,24.09177,-13.5508,53.66203
236.0,23.97068,-12.40538,53.92407
237.0,23.09984,-12.32293,53.45942
238.0,22.97001,-12.96083,52.76997
239.0,23.64483,-12.84864,53.65165
240.0,24.26631,-12.18268,53.71543
241.0,23.53916,-11.94715,53.14135
242.0,23.0023,-12.34873,52.35376
243.0,23.82319,-12.75016,52.74394
244.0,23.58352,-12.21799,53.61124
245.0,23.88851,-13.12452,53.86184
246.0,24.25625,-13.66764,52.98219
247.0,25.00632,-13.44414,52.12302
248.0,24.19333,-13.87767,51.74772
249.0,23.46768,-13.26142,51.39337
250.0,23.70789,-13.14476,52.26109
251.0,24.32509,-13.98001,52.08045
252.0,23.47218,-13.41881,51.87226
253.0,23.75526,-13.79965,51.11644
254.0,24.32109,-14.31081,51.96134
255.0,24.92951,-13.65971,51.47657
256.0,25.29349,-14.55748,51.50557
257.0,24.37034,-14.97338,51.70217
258.0,23.6808,-14.22504,51.94972
259.0,23.01138,-13.24346,51.96414
260.0,24.00787,-13.77547,52.10475
261.0,23.54139,-13.58752,51.06037
262.0,23.78517,-13.92914,52.0004
263.0,22.89179,-13.64327,51.71628
264.0,23.55401,-13.39495,51.15749
265.0,23.99058,-14.27864,51.02583
266.0,23.32511,-14.21893,51.66691
267.0,22.53061,-14.99298,52.38171
268.0,23.66579,-15.10739,52.56709
269.0,22.34444,-15.46049,52.73153
270.0,23.28174,-15.99977,52.36528
271.0,24.25518,-15.60965,52.43259
272.0,23.25276,-15.8721,52.41074
273.0,24.06115,-15.4421,51.99492
274.0,24.94389,-14.90671,51.99616
275.0,24.22118,-15.35648,52.79151
276.0,25.14799,-15.08351,52.50292
277.0,24.29415,-15.23666,52.07734
278.0,23.6677,-14.9533,52.77459
279.0,24.64255,-14.62492,53.05253
280.0,23.65662,-15.05706,53.27412
281.0,23.21876,-14.13269,53.43756
282.0,24.04239,-14.01745,53.81423
283.0,23.43717,-13.22462,53.85442
284.0,23.05621,-13.94216,53.05417
285.0,23.5421,-13.24805,53.63294
286.0,22.91355,-13.43852,52.80801
287.0,23.09539,-13.09715,53.77901
288.0,22.85417,-14.14471,53.6628
289.0,23.66498,-14.31855,54.07306
290.0,24.45046,-14.71093,53.64229
291.0,25.04579,-14.85259,52.80186
292.0,24.32746,-14.31445,53.25574
293.0,24.33076,-15.1182,52.69088
294.0,24.0216,-14.82106,53.5803
295.0,23.93098,-14.12903,54.1569
296.0,24.52856,-14.51611,53.35643
297.0,23.96852,-14.13997,54.01678
298.0,24.6609,-14.82329,53.64304
299.0,23.96537,-14.69098,52.80569
300.0,23.28753,-14.66736,53.68032
301.0,23.77443,-14.94112,52.90984
302.0,23.20413,-14.29176,53.46532
303.0,23.65553,-13.57455,53.05372
304.0,23.86334,-13.35717,53.96959
305.0,23.33576,-12.55071,53.71885
306.0,22.86825,-13.13272,53.03547
307.0,23.35225,-12.4437,53.53713
308.0,23.05752,-13.47442,53.42913
309.0,22.97808,-12.4419,53.4669
310.0,22.82863,-12.8014,52.66332
311.0,23.52798,-13.67548,53.22815
312.0,23.0964,-12.96151,53.81923
313.0,23.62738,-13.54274,53.18016
314.0,24.1196,-13.95356,52.26682
315.0,23.88895,-13.8167,53.24191
316.0,23.42798,-13.2362,54.04254
317.0,23.04283,-12.65251,53.19117
318.0,22.75488,-13.57215,52.93047
319.0,22.83299,-12.70753,52.55652
320.0,23.08555,-13.85522,52.66789
321.0,23.77906,-13.2917,52.22273
322.0,23.00649,-13.98435,52.12603
323.0,22.78859,-13.28684,52.80445
324.0,23.1527,-12.8101,51.95777
325.0,23.01536,-13.51116,52.61381
326.0,23.57543,-14.20887,52.29079
327.0,22.77275,-13.55582,52.46988
328.0,22.96827,-12.53647,52.14685
329.0,23.18091,-13.48369,52.13285
330.0,22.96867,-14.40852,51.8926
331.0,23.79407,-14.52162,51.24223
332.0,23.23038,-14.93211,51.95809
333.0,23.51657,-14.44049,51.08795
334.0,23.9296,-15.14628,51.57352
335.0,23.35711,-14.37339,51.32221
336.0,22.36429,-14.33676,51.10011
337.0,23.36559,-14.84133,51.30695
338.0,23.77043,-15.14779,50.48425
339.0,24.10906,-14.21427,50.27105
340.0,23.44703,-14.24778,49.50039
341.0,23.71335,-15.16626,49.86272
342.0,23.75596,-15.33644,50.82624
343.0,23.251,-14.6233,50.40249
344.0,22.60807,-13.9993,51.10019
345.0,23.28657,-14.56803,50.43326
346.0,23.63845,-15.24854,49.62141
347.0,23.13654,-15.68383,50.34771
348.0,22.53717,-14.99773,50.06355
349.0,23.47749,-14.82786,50.24494
350.0,22.63003,-14.67786,50.88657
351.0,22.92711,-15.37343,51.43109
352.0,22.1708,-14.50816,51.553
353.0,22.08164,-13.85436,50.76301
354.0,22.59309,-12.96956,51.0149
355.0,22.37653,-13.7807,50.42717
356.0,22.52764,-13.11597,51.15727
357.0,22.60878,-13.89744,51.91369
358.0,22.59129,-13.18783,50.90949
359.0,22.56961,-14.26874,50.58744
360.0,23.26414,-13.75637,50.22453
361.0,23.4158,-13.71524,49.27818
362.0,22.92027,-14.40644,49.90289
363.0,23.12356,-13.34587,49.87006
364.0,22.61871,-13.05897,50.60789
365.0,22.72185,-13.01945,49.54318
366.0,23.41442,-13.40577,49.07721
367.0,22.63056,-12.9565,49.39208
368.0,22.24408,-13.71115,48.99387
369.0,23.00013,-14.29624,48.90582
370.0,23.52214,-13.34627,49.35476
371.0,23.19308,-13.97451,48.5741
372.0,23.09874,-14.8265,49.00487
373.0,22.41661,-14.66368,49.69515
374.0,22.97311,-13.79343,50.02242
375.0,22.57511,-13.03611,50.82111
376.0,22.99911,-12.33047,50.48004
377.0,22.82998,-13.26186,50.83659
378.0,22.84593,-12.47686,49.94328
379.0,22.33512,-13.18676,49.38403
380.0,23.2312,-13.14996,48.97849
381.0,22.08866,-13.44814,49.02255
382.0,21.36702,-14.12545,49.42508
383.0,21.49984,-14.72352,50.20285
384.0,22.33438,-15.25565,50.58042
385.0,22.18973,-14.26911,50.64192
386.0,22.57859,-13.68033,49.86341
387.0,21.81315,-14.21773,49.65386
388.0,22.74106,-14.75506,49.34939
389.0,23.33356,-15.48466,49.05465
390.0,22.56675,-15.36071,49.62038
391.0,22.49331,-14.29006,49.26908
392.0,22.60849,-13.33268,49.4017
393.0,22.60696,-12.59732,49.96731
394.0,22.12784,-13.21729,49.42855
395.0,23.06194,-12.52072,49.3671
396.0,23.18378,-12.08938,48.33683
397.0,23.82246,-11.31479,48.35976
398.0,24.42009,-10.44897,48.3965
399.0,24.52692,-10.16512,49.37356
400.0,23.47052,-10.01718,49.61492
401.0,22.75051,-10.03386,50.2722
402.0,23.65751,-10.34914,51.03862
403.0,23.08426,-10.23553,51.95676
404.0,22.16833,-10.47745,52.53976
405.0,21.41316,-11.54359,52.2383
406.0,21.44458,-12.30479,53.29241
407.0,21.72999,-12.78831,54.05548
408.0,21.70216,-13.77066,54.03217
409.0,21.13549,-14.32539,53.31258
410.0,20.32409,-14.06175,53.65293
411.0,21.05722,-13.54118,54.12183
412.0,21.71808,-12.89379,53.61949
413.0,21.20429,-13.72314,53.90942
414.0,21.75368,-12.89891,53.85066
415.0,21.86686,-13.77718,53.28801
416.0,21.63465,-13.96721,52.32552
417.0,21.64397,-13.8048,53.3546
418.0,21.36853,-13.26028,54.11655
419.0,20.48154,-13.24936,54.2628
420.0,20.76723,-14.21008,53.66686
421.0,19.89823,-14.10296,53.30562
422.0,19.88959,-13.51605,54.12686
423.0,20.79038,-13.60568,54.40434
424.0,19.80309,-13.78279,54.03005
425.0,20.25315,-12.99886,54.19812
426.0,19.87592,-13.79489,53.69815
427.0,20.27098,-14.05379,52.73532
428.0,21.22574,-14.35602,52.63988
429.0,21.66241,-14.09171,53.51916
430.0,21.14911,-14.60425,52.89239
431.0,20.27364,-15.19877,52.91662
432.0,19.28619,-14.87485,52.84728
433.0,19.89616,-15.588,53.43242
434.0,20.32248,-15.5156,52.26142
435.0,21.22862,-15.59243,52.71035
436.0,21.80393,-15.28635,53.48796
437.0,22.4031,-14.53525,54.48473
438.0,21.50178,-14.65963,54.86555
439.0,20.54795,-15.16222,54.3834
440.0,19.45109,-14.61373,54.17967
441.0,20.12654,-14.24311,54.83728
442.0,20.72668,-15.04462,54.82544
443.0,19.80426,-14.46139,55.02
444.0,19.21191,-14.96269,54.24388
445.0,20.10864,-15.28337,54.6784
446.0,21.13208,-15.0531,54.93363
447.0,20.73221,-14.21044,54.84866
448.0,20.08848,-14.72775,54.32183
449.0,20.05054,-15.6447,53.86847
450.0,20.98217,-15.67844,53.74196
451.0,21.06181,-15.57773,52.56026
452.0,21.55198,-15.77327,53.55668
453.0,21.41451,-15.02838,54.32613
454.0,20.93101,-15.64107,53.76318
455.0,21.38866,-15.85023,52.88863
456.0,21.24262,-15.08221,52.17164
457.0,21.68907,-14.72828,53.15074
458.0,21.98705,-13.81886,53.10366
459.0,21.96373,-13.00488,53.73246
460.0,22.03594,-12.20794,53.1769
461.0,21.80419,-12.70684,53.90408
462.0,21.16053,-13.3835,53.80806
463.0,20.36392,-13.32694,54.31672
464.0,21.20476,-13.75731,54.02712
465.0,20.32587,-13.43411,54.18574
466.0,19.65057,-12.87019,53.71678
467.0,20.27126,-13.60351,53.37661
468.0,20.86651,-14.25038,52.89956
469.0,21.58843,-14.03401,53.6394
470.0,21.24458,-13.63078,52.84336
471.0,20.80179,-14.26792,52.34822
472.0,21.10179,-13.67576,53.21779
473.0,21.78,-14.22735,52.70786
474.0,21.17715,-14.27706,51.84462
475.0,20.27964,-14.16983,51.83174
476.0,21.32311,-13.5753,51.71892
477.0,21.75943,-13.45771,52.62633
478.0,21.35128,-12.42636,53.03224
479.0,21.19103,-12.04371,53.88018
480.0,20.45102,-12.68754,54.10384
481.0,19.75003,-12.09072,53.72492
482.0,20.77988,-11.86173,53.89599
483.0,21.75578,-12.04412,54.11929
484.0,21.26902,-11.60011,53.48762
485.0,21.7286,-12.47479,53.58508
486.0,20.88427,-11.84411,53.28845
487.0,20.39174,-12.59588,53.73408
488.0,20.12071,-13.40699,52.90882
489.0,20.74473,-13.97497,52.16144
490.0,19.98091,-13.79457,52.73446
491.0,20.6214,-12.8944,52.35534
492.0,20.17154,-13.63816,52.90387
493.0,20.26935,-13.65616,53.82849
494.0,19.8327,-13.09307,53.20622
495.0,20.05591,-12.18428,53.48949
496.0,20.54155,-12.21522,54.32047
497.0,20.18483,-11.69142,53.58459
498.0,21.21414,-11.44519,53.56256
499.0,21.99238,-11.99143,52.9712
500.0,21.14847,-11.41027,52.96747
501.0,20.35875,-11.84207,53.66061
502.0,19.78648,-12.74717,53.50032
503.0,20.52021,-12.36044,53.97613
504.0,21.16746,-13.16414,53.58111
505.0,20.93114,-12.11045,53.89323
506.0,21.42706,-11.48862,53.39553
507.0,21.81819,-11.76787,52.48931
508.0,21.21512,-11.46356,53.40644
509.0,21.68564,-12.3885,53.19193
510.0,21.04599,-12.42776,54.10955
511.0,21.64712,-12.73998,53.39032
512.0,20.81663,-12.14262,53.60069
513.0,21.76649,-12.09368,53.69323
514.0,22.1797,-11.57547,52.9348
515.0,21.23353,-11.43108,52.58172
516.0,22.06155,-12.15708,52.46892
517.0,21.7722,-12.70251,53.24199
518.0,21.4266,-13.50446,53.48489
519.0,20.76893,-12.3746,53.65137
520.0,19.93433,-13.23378,53.79409
521.0,19.64185,-13.64436,52.90402
522.0,20.65953,-13.4248,52.80204
523.0,20.78946,-14.20481,52.23899
524.0,21.7937,-13.85212,52.03853
525.0,21.55968,-14.59524,52.71611
526.0,21.76679,-13.6068,52.64099
527.0,21.84765,-13.78506,53.78484
528.0,21.77041,-13.86884,52.76997
529.0,21.16748,-13.28177,52.231
530.0,20.80483,-13.78133,51.50869
531.0,21.17815,-12.97103,51.88328
532.0,21.88898,-12.29784,51.76526
533.0,21.73279,-11.66391,52.50865
534.0,21.83509,-12.68091,52.33159
535.0,21.57026,-13.66564,52.25413
536.0,21.79345,-12.9963,51.68835
537.0,21.6559,-14.04401,51.60124
538.0,21.79448,-13.05482,51.71532
539.0,20.63987,-13.31362,51.73129
540.0,21.12296,-12.38346,51.54215
541.0,21.9982,-11.94973,52.2572
542.0,21.88406,-13.07177,52.13026
543.0,21.20087,-12.91012,51.42013
544.0,21.98246,-12.64929,52.01931
545.0,21.22932,-12.03245,52.31183
546.0,22.19328,-11.88287,52.67292
547.0,21.47397,-11.30343,52.00249
548.0,21.92786,-11.98797,52.51042
549.0,21.61026,-12.996,52.65549
550.0,20.69071,-12.72654,52.58059
551.0,20.76977,-13.69577,52.9031
552.0,20.67504,-12.77963,52.8464
553.0,20.46538,-12.85659,51.71935
554.0,19.73335,-13.40265,52.26189
555.0,20.70983,-13.98383,51.94977
556.0,20.53306,-13.19202,51.32103
557.0,21.14258,-13.83556,51.74545
558.0,21.75765,-13.14088,51.52156
559.0,20.89364,-13.57858,51.20383
560.0,20.42819,-14.3995,51.50979
561.0,20.92646,-13.65858,51.08939
562.0,22.04078,-13.74809,51.1522
563.0,22.65935,-14.49714,50.81255
564.0,22.42267,-13.61158,50.45022
565.0,21.67456,-13.27156,50.02685
566.0,21.15604,-13.86094,50.73411
567.0,20.37025,-14.38732,50.64112
568.0,21.16863,-13.67133,50.57099
569.0,21.53873,-12.90352,50.18082
570.0,21.94542,-12.20471,50.86232
571.0,21.61013,-13.12914,50.24137
572.0,21.35897,-12.66085,51.06311
573.0,21.97143,-12.46169,51.75743
574.0,21.6431,-11.90736,50.9233
575.0,21.07078,-12.38151,51.61483
576.0,21.6116,-12.61425,50.79556
577.0,21.64507,-13.68159,51.40119
578.0,22.08099,-12.91032,52.13654
579.0,21.69259,-12.40974,51.50849
580.0,21.45976,-11.52101,51.71705
581.0,20.74139,-11.63245,52.32033
582.0,20.97664,-12.71166,52.36521
583.0,20.84278,-13.20005,51.17862
584.0,20.04382,-13.72124,51.56449
585.0,20.51726,-12.66514,51.27691
586.0,21.38938,-12.09944,51.18912
587.0,21.77416,-11.10671,51.68576
588.0,22.13148,-11.83063,51.23765
589.0,21.3539,-12.29193,51.2729
590.0,21.32147,-11.41206,51.66444
591.0,21.94492,-11.7115,52.161
592.0,21.50469,-12.50251,51.73659
593.0,21.72962,-11.67583,52.09924
594.0,21.49714,-12.54235,51.50461
595.0,20.59821,-13.10896,51.25606
596.0,20.10055,-13.51519,51.99976
597.0,19.76246,-12.97696,52.72278
598.0,20.49643,-13.21965,52.21722
599.0,20.61051,-12.95267,51.33756
600.0,20.55781,-12.05604,51.60525
601.0,20.82338,-11.6734,52.50176
602.0,20.0851,-11.4619,53.15566
603.0,20.89848,-11.0208,53.02389
604.0,20.50764,-11.89221,52.9138
605.0,19.80575,-12.51884,52.73118
606.0,19.98507,-13.18781,51.96154
607.0,19.56642,-12.51103,52.53803
608.0,20.38471,-12.34197,52.01587
609.0,20.14851,-11.51697,52.54214
610.0,19.79411,-11.8702,53.36054
611.0,19.98562,-12.62856,52.66055
612.0,19.92792,-12.00118,53.39564
613.0,19.44772,-12.83774,52.91986
614.0,20.23685,-11.82409,52.87572
615.0,19.57093,-12.81356,52.58088
616.0,19.85727,-11.97731,52.98305
617.0,19.35654,-12.73325,52.6993
618.0,20.09402,-12.63028,52.10327
619.0,19.44263,-12.17506,52.66938
620.0,20.14691,-12.45471,51.9805
621.0,19.23037,-12.88377,52.3521
622.0,19.65151,-12.01648,52.74868
623.0,19.70875,-12.95778,52.38952
624.0,19.52176,-12.28408,53.03966
625.0,19.86562,-12.06538,52.03541
626.0,19.49859,-12.10132,52.91836
627.0,19.60258,-12.85376,52.43312
628.0,19.72535,-13.35054,51.61914
629.0,19.74485,-12.55165,51.06821
630.0,19.2617,-13.26017,51.55811
631.0,19.87342,-12.62673,51.20909
632.0,19.47486,-13.43733,51.43656
633.0,19.49838,-12.40552,50.79183
634.0,19.18484,-12.96861,51.6422
635.0,18.37393,-12.21008,51.51237
636.0,18.2892,-11.98477,52.38558
637.0,18.41324,-11.05075,51.87021
638.0,18.86761,-11.62005,52.5349
639.0,19.35507,-10.88874,53.08654
640.0,19.01711,-10.60871,52.12834
641.0,18.70275,-11.5199,52.3521
642.0,19.03996,-10.6201,52.34283
643.0,18.31259,-11.1939,52.78856
644.0,18.55301,-12.04655,52.46741
645.0,18.17736,-11.97933,53.372
646.0,18.83651,-11.30113,53.19095
647.0,18.99879,-10.87895,52.38986
648.0,18.66924,-11.82607,52.11961
649.0,18.15335,-10.90577,52.6385
650.0,19.06956,-10.77517,52.49699
651.0,18.06428,-10.93538,52.32906
652.0,18.96231,-10.80593,51.98398
653.0,18.96712,-11.35291,52.83142
654.0,18.26572,-10.61063,52.58316
655.0,19.11298,-10.57073,52.12153
656.0,18.78188,-11.31062,52.6618
657.0,18.13093,-11.57346,52.10142
658.0,18.65739,-10.70113,51.6264
659.0,18.58516,-11.23534,52.43453
660.0,18.66858,-12.22371,53.07578
661.0,18.57746,-11.66067,52.20202
662.0,18.70263,-12.34723,51.51858
663.0,19.48568,-12.63085,50.99213
664.0,19.43327,-13.47792,51.29432
665.0,20.66853,-13.28407,51.41635
666.0,19.53333,-13.19474,51.33277
667.0,19.43368,-12.4318,50.69087
668.0,18.82876,-13.09257,51.20844
669.0,18.28677,-12.32705,51.56163
670.0,17.34207,-12.18629,51.6529
671.0,17.93816,-11.07254,51.92982
672.0,18.53035,-11.51407,52.60343
673.0,17.65184,-11.83103,52.38334
674.0,18.53044,-12.21266,51.82351
675.0,17.58009,-11.89376,51.50735
676.0,17.20317,-12.65617,51.05345
677.0,17.97102,-13.52989,51.25889
678.0,18.12566,-13.26957,52.31249
679.0,18.3864,-13.00502,53.3051
680.0,17.94738,-12.15152,52.91671
681.0,17.95765,-11.32263,52.29721
682.0,17.61794,-12.44949,52.46909
683.0,17.90187,-11.817,53.17996
684.0,18.67103,-12.42936,53.46585
685.0,18.29411,-13.23055,52.9908
686.0,17.05148,-12.88224,52.49789
687.0,18.02244,-12.99304,52.80554
688.0,18.39,-13.71916,52.35811
689.0,17.94185,-12.84688,52.46428
690.0,18.771,-13.31964,52.01902
691.0,17.8183,-13.48558,52.54459
692.0,18.02327,-12.55933,52.93106
693.0,18.78596,-13.21228,52.75255
694.0,19.40124,-13.93065,52.58184
695.0,19.84645,-14.60332,53.15487
696.0,20.19277,-14.62161,52.19982
697.0,19.29092,-14.09123,52.26911
698.0,19.03803,-13.57248,52.96299
699.0,18.42299,-13.40654,52.17577
700.0,18.56,-12.81254,53.02284
701.0,17.73533,-13.20789,52.6055
702.0,18.55054,-13.10789,52.19478
703.0,18.58861,-13.96223,51.7653
704.0,18.41513,-13.33978,52.53453
705.0,17.77679,-13.46104,51.74504
706.0,18.41294,-13.88941,51.10707
707.0,17.86638,-13.62299,51.85777
708.0,17.35713,-12.65969,51.66368
709.0,18.24141,-12.84165,52.34124
710.0,18.28592,-13.4617,51.47198
711.0,17.6789,-12.70902,51.04425
712.0,17.47974,-12.74288,51.96431
713.0,17.54145,-12.52038,51.05884
714.0,17.10764,-13.2736,51.60483
715.0,17.87651,-13.35413,50.74904
716.0,18.8643,-13.34872,50.61428
717.0,18.24386,-12.58382,50.47071
718.0,18.254,-13.39745,50.96694
719.0,18.39295,-12.35,50.34391
720.0,18.81501,-13.15036,50.56627
721.0,19.15251,-13.4683,51.54783
722.0,18.18072,-13.1715,51.83093
723.0,17.38806,-12.46321,52.28582
724.0,17.18756,-11.55419,51.89494
725.0,17.41792,-12.13424,52.73612
726.0,17.24384,-11.44646,51.99569
727.0,17.37658,-12.41456,52.12196
728.0,16.81347,-12.13104,51.28237
729.0,17.55612,-11.47873,51.4794
730.0,17.7835,-12.08995,50.6002
731.0,17.11183,-12.56247,50.98117
732.0,17.76164,-12.92223,50.32931
733.0,18.47365,-13.60419,50.43957
734.0,17.4335,-13.24449,50.75975
735.0,18.4383,-13.51347,51.19147
736.0,17.78312,-12.85602,50.88813
737.0,17.16608,-12.2198,51.20476
738.0,17.64655,-13.10088,51.04509
739.0,17.39202,-12.40775,50.40548
740.0,17.66938,-11.56763,50.91108
741.0,17.95396,-11.94527,50.08264
742.0,18.85946,-11.31278,50.75073
743.0,19.06379,-12.07784,51.22824
744.0,18.90271,-11.1529,51.01462
745.0,18.90595,-11.945,50.51805
746.0,19.42545,-11.63965,51.27957
747.0,18.79485,-12.01034,50.64572
748.0,18.90778,-12.78929,51.32394
749.0,19.14159,-13.64702,51.02055
750.0,18.6648,-13.01224,50.40656
751.0,19.22346,-12.66549,51.36034
752.0,19.19903,-11.82765,50.78294
753.0,18.41844,-12.69206,50.56879
754.0,17.92039,-12.02845,50.02938
755.0,18.09012,-11.31096,50.69336
756.0,17.36806,-10.89548,51.21392
757.0,16.99667,-11.63995,51.62181
758.0,17.22088,-11.55737,50.70158
759.0,18.04506,-11.04121,50.84019
760.0,18.76479,-11.76352,50.35182
761.0,18.44656,-11.13602,51.21071
762.0,17.66205,-11.31391,51.98316
763.0,17.72435,-10.88997,51.14551
764.0,18.63365,-11.3171,51.05066
765.0,17.65957,-11.24347,51.19461
766.0,18.45329,-10.56753,51.27739
767.0,18.48376,-11.43208,50.91331
768.0,18.97234,-10.77665,51.57752
769.0,18.40877,-11.17037,50.8952
770.0,17.58321,-11.51762,50.28713
771.0,17.93065,-10.65635,50.14845
772.0,17.9737,-11.61401,50.34932
773.0,18.5802,-12.34231,50.02248
774.0,18.22768,-11.49303,50.62213
775.0,18.11095,-11.47982,49.60793
776.0,18.91156,-12.13654,49.57237
777.0,18.28093,-10.86731,50.09518
778.0,18.60999,-11.83538,50.21402
779.0,19.06478,-11.2597,50.96532
780.0,18.66524,-12.00664,50.40232
781.0,19.45931,-11.45401,50.40068
782.0,19.13302,-11.27406,51.29081
783.0,19.71866,-11.77134,51.97475
784.0,20.4644,-12.41099,51.84686
785.0,19.72673,-13.00573,51.89059
786.0,19.43557,-12.88729,50.97754
787.0,19.29073,-12.82526,50.07424
788.0,19.09451,-11.77279,49.96313
789.0,19.83498,-11.14757,50.38021
790.0,19.63658,-10.46964,50.96106
791.0,19.49365,-10.23459,50.02611
792.0,18.71593,-10.27633,50.67103
793.0,19.64403,-9.963,50.42374
794.0,18.81989,-10.36631,50.22103
795.0,19.52933,-10.09827,50.93089
796.0,18.51137,-10.09032,50.56148
797.0,19.45167,-10.19498,50.15666
798.0,19.19437,-11.03551,49.71518
799.0,18.69129,-11.81777,49.33333
800.0,18.63278,-11.02591,49.93074
801.0,19.58421,-11.2753,49.53797
802.0,20.1173,-11.58427,50.25539
803.0,19.65819,-11.98261,49.51118
804.0,20.31602,-11.76844,50.14956
805.0,20.05391,-10.9415,50.44916
806.0,20.10138,-11.93036,50.20612
807.0,19.89096,-11.12072,50.67732
808.0,20.1933,-10.4459,51.38228
809.0,20.28886,-11.12428,50.56704
810.0,20.2368,-10.7174,51.50183
811.0,19.93062,-11.28637,50.42397
812.0,20.6691,-10.89758,50.90131
813.0,19.94184,-11.64778,50.70407
814.0,19.36674,-11.49748,49.62492
815.0,19.85155,-11.83519,50.46371
816.0,19.85564,-11.59332,51.39758
817.0,20.02841,-10.85959,52.04163
818.0,19.60647,-11.63703,51.51784
819.0,19.97246,-10.71728,51.65502
820.0,20.56733,-11.30879,51.05256
821.0,20.66147,-12.06358,50.54668
822.0,20.09077,-11.91675,49.87724
823.0,19.69249,-12.53838,50.48492
824.0,20.61085,-12.67174,50.24598
825.0,20.14419,-13.51016,50.40543
826.0,20.49621,-12.62129,50.28819
827.0,19.99388,-13.49072,50.436
828.0,19.81826,-12.87931,49.70949
829.0,19.74493,-11.70907,50.15665
830.0,20.07993,-12.51771,49.96047
831.0,19.78456,-13.54355,50.38884
832.0,20.52605,-12.77526,50.21757
833.0,19.60449,-12.61403,50.08984
834.0,20.30945,-12.05957,50.80663
835.0,19.61166,-11.51968,51.25641
836.0,19.52718,-12.20252,52.22431
837.0,20.16217,-11.28587,52.32235
838.0,20.42569,-11.70928,51.31394
839.0,20.01188,-11.08053,51.93673
840.0,19.84623,-11.96256,52.42347
841.0,20.08707,-11.03845,52.24658
842.0,19.70723,-11.88397,52.64501
843.0,19.66498,-11.68567,51.74011
844.0,19.42758,-12.60479,52.31298
845.0,19.87314,-11.67541,52.39553
846.0,20.1131,-11.88702,51.56959
847.0,19.45752,-12.58335,52.28901
848.0,19.67536,-11.6139,52.18494
849.0,20.26353,-11.64728,51.4045
850.0,19.64747,-11.62754,52.09622
851.0,20.1954,-10.78309,52.26812
852.0,19.98557,-11.16096,51.29635
853.0,20.44373,-10.87221,52.12066
854.0,20.76993,-10.7528,51.23372
855.0,20.48606,-11.58163,51.75164
856.0,20.68155,-10.7225,51.31277
857.0,20.48656,-10.8179,50.36146
858.0,20.8455,-11.75605,50.16068
859.0,20.65459,-12.66265,50.47495
860.0,19.80321,-12.49337,49.93441
861.0,20.89175,-12.54566,50.21849
862.0,20.84737,-11.4582,50.31676
863.0,20.46996,-11.63873,51.09866
864.0,21.19332,-11.74823,50.33428
865.0,21.48111,-10.90738,50.89205
866.0,21.12084,-10.57958,49.97942
867.0,21.57871,-11.58173,50.15928
868.0,21.15578,-10.80646,49.48298
869.0,20.4218,-10.48771,49.01065
870.0,20.76907,-9.90449,49.62214
871.0,20.6349,-10.70292,49.00915
872.0,19.80052,-10.38877,48.4425
873.0,20.50234,-11.04514,49.03557
874.0,20.12707,-11.89154,49.09247
875.0,20.21593,-11.37092,48.18511
876.0,21.16093,-11.70774,48.48693
877.0,21.57793,-10.87576,48.96857
878.0,22.12363,-10.93385,49.72893
879.0,22.14749,-11.87861,49.31147
880.0,22.70301,-10.78903,49.45953
881.0,22.28538,-11.65158,49.54191
882.0,22.02427,-11.13408,50.35845
883.0,22.28659,-12.09205,50.02446
884.0,21.36659,-11.92401,49.85072
885.0,22.32146,-11.38644,49.97308
886.0,22.45731,-11.40884,48.85107
887.0,21.9538,-12.16957,48.14901
888.0,21.12352,-12.62024,47.98243
889.0,20.38441,-12.86213,48.50772
890.0,20.89598,-12.5732,47.70405
891.0,19.88357,-12.15192,47.62288
892.0,20.92876,-11.51083,47.81227
893.0,21.49261,-11.02933,47.17028
894.0,20.7443,-10.54941,47.97241
895.0,21.18567,-9.76785,48.38599
896.0,21.99058,-10.30197,48.51348
897.0,22.79967,-10.51046,47.89285
898.0,22.27804,-11.55538,47.77199
899.0,21.93297,-12.64542,48.33022
900.0,21.64751,-12.36315,49.14304
901.0,21.01117,-13.004,49.10118
902.0,21.64988,-12.37425,48.91797
903.0,21.36287,-11.74949,49.775
904.0,21.81357,-10.93264,50.31209
