gene_name,gene_id,gene_start,gene_end,chromosome,peak_start,peak_end,chromosome_nc,name,score,strand,signalValue,pValue,qValue,peak
LOC103231070,gene-LOC103231070,1235916,1241341,chr29,1237608,1237727,NC_023670.1,2803_006_autosomes_peak_92891,27,.,4.03491,5.27184,2.76836,49
LOC103231493,gene-LOC103231493,1279057,1331214,chr29,1278633,1279472,NC_023670.1,2803_006_autosomes_peak_92894,52,.,5.64888,8.14205,5.28039,221
LOC103231493,gene-LOC103231493,1279057,1331214,chr29,1308082,1308367,NC_023670.1,2803_006_autosomes_peak_92895,39,.,4.8419,6.67379,3.97677,223
LOC103231493,gene-LOC103231493,1279057,1331214,chr29,1318339,1318562,NC_023670.1,2803_006_autosomes_peak_92896,27,.,4.03491,5.27184,2.76836,169
LOC103231493,gene-LOC103231493,1279057,1331214,chr29,1318879,1319052,NC_023670.1,2803_006_autosomes_peak_92897,16,.,3.22793,3.94805,1.68706,32
LOC103231493,gene-LOC103231493,1279057,1331214,chr29,1320595,1320794,NC_023670.1,2803_006_autosomes_peak_92898,16,.,3.22793,3.94805,1.68706,10
LOC103231493,gene-LOC103231493,1279057,1331214,chr29,1322766,1323118,NC_023670.1,2803_006_autosomes_peak_92899,39,.,4.8419,6.67379,3.97677,325
LOC103231493,gene-LOC103231493,1279057,1331214,chr29,1324057,1324455,NC_023670.1,2803_006_autosomes_peak_92900,39,.,4.8419,6.67379,3.97677,38
LOC103231493,gene-LOC103231493,1279057,1331214,chr29,1324912,1325127,NC_023670.1,2803_006_autosomes_peak_92901,27,.,4.03491,5.27184,2.76836,102
LOC103231493,gene-LOC103231493,1279057,1331214,chr29,1325682,1325877,NC_023670.1,2803_006_autosomes_peak_92902,27,.,4.03491,5.27184,2.76836,142
LOC103231493,gene-LOC103231493,1279057,1331214,chr29,1326091,1326838,NC_023670.1,2803_006_autosomes_peak_92903,39,.,4.8419,6.67379,3.97677,650
LOC103231493,gene-LOC103231493,1279057,1331214,chr29,1327683,1328286,NC_023670.1,2803_006_autosomes_peak_92904,52,.,5.64888,8.14205,5.28039,99
LOC103231493,gene-LOC103231493,1279057,1331214,chr29,1329061,1329396,NC_023670.1,2803_006_autosomes_peak_92905,52,.,5.64888,8.14205,5.28039,107
LOC103231493,gene-LOC103231493,1279057,1331214,chr29,1330285,1330413,NC_023670.1,2803_006_autosomes_peak_92906,16,.,3.22793,3.94805,1.68706,49
LOC103231493,gene-LOC103231493,1279057,1331214,chr29,1330999,1331398,NC_023670.1,2803_006_autosomes_peak_92907,27,.,4.03491,5.27184,2.76836,120
LOC103231072,gene-LOC103231072,1336548,1351291,chr29,1341435,1341585,NC_023670.1,2803_006_autosomes_peak_92910,27,.,4.03491,5.27184,2.76836,92
LOC103231071,gene-LOC103231071,1349500,1439696,chr29,1356360,1356478,NC_023670.1,2803_006_autosomes_peak_92911,16,.,3.22793,3.94805,1.68706,37
LOC103231071,gene-LOC103231071,1349500,1439696,chr29,1360009,1360140,NC_023670.1,2803_006_autosomes_peak_92912,16,.,3.22793,3.94805,1.68706,49
LOC103231071,gene-LOC103231071,1349500,1439696,chr29,1399876,1400260,NC_023670.1,2803_006_autosomes_peak_92913,39,.,4.8419,6.67379,3.97677,95
LOC103231071,gene-LOC103231071,1349500,1439696,chr29,1400691,1400910,NC_023670.1,2803_006_autosomes_peak_92914,27,.,4.03491,5.27184,2.76836,40
LOC103231071,gene-LOC103231071,1349500,1439696,chr29,1403096,1403311,NC_023670.1,2803_006_autosomes_peak_92915,16,.,3.22793,3.94805,1.68706,23
LOC103231071,gene-LOC103231071,1349500,1439696,chr29,1425009,1425214,NC_023670.1,2803_006_autosomes_peak_92916,27,.,4.03491,5.27184,2.76836,100
LOC103231071,gene-LOC103231071,1349500,1439696,chr29,1427425,1427678,NC_023670.1,2803_006_autosomes_peak_92917,39,.,4.8419,6.67379,3.97677,181
LOC103231071,gene-LOC103231071,1349500,1439696,chr29,1433459,1433845,NC_023670.1,2803_006_autosomes_peak_92918,66,.,6.45586,9.66788,6.66308,242
LOC103231071,gene-LOC103231071,1349500,1439696,chr29,1438027,1438218,NC_023670.1,2803_006_autosomes_peak_92919,39,.,4.8419,6.67379,3.97677,58
LOC103231071,gene-LOC103231071,1349500,1439696,chr29,1438442,1438720,NC_023670.1,2803_006_autosomes_peak_92920,52,.,5.64888,8.14205,5.28039,99
LOC103231071,gene-LOC103231071,1349500,1439696,chr29,1438969,1440533,NC_023670.1,2803_006_autosomes_peak_92921,96,.,8.06983,12.8668,9.61173,799
LOC103231075,gene-LOC103231075,1545877,1579571,chr29,1546113,1546955,NC_023670.1,2803_006_autosomes_peak_92931,111,.,8.87681,14.5303,11.1642,421
ADAMTSL3,gene-ADAMTSL3,1592205,1974406,chr29,1854893,1855107,NC_023670.1,2803_006_autosomes_peak_92932,39,.,4.8419,6.67379,3.97677,72
ADAMTSL3,gene-ADAMTSL3,1592205,1974406,chr29,1895163,1895315,NC_023670.1,2803_006_autosomes_peak_92933,39,.,4.8419,6.67379,3.97677,77
ADAMTSL3,gene-ADAMTSL3,1592205,1974406,chr29,1931619,1932003,NC_023670.1,2803_006_autosomes_peak_92934,52,.,5.64888,8.14205,5.28039,119
ADAMTSL3,gene-ADAMTSL3,1592205,1974406,chr29,1936185,1936304,NC_023670.1,2803_006_autosomes_peak_92935,39,.,4.8419,6.67379,3.97677,45
ADAMTSL3,gene-ADAMTSL3,1592205,1974406,chr29,1973078,1973347,NC_023670.1,2803_006_autosomes_peak_92936,27,.,4.03491,5.27184,2.76836,225
ADAMTSL3,gene-ADAMTSL3,1592205,1974406,chr29,1973502,1974592,NC_023670.1,2803_006_autosomes_peak_92937a,52,.,5.64888,8.14205,5.28039,223
ADAMTSL3,gene-ADAMTSL3,1592205,1974406,chr29,1973502,1974592,NC_023670.1,2803_006_autosomes_peak_92937b,81,.,7.26285,11.2446,8.10932,715
SH3GL3,gene-SH3GL3,2009833,2177843,chr29,2177115,2177268,NC_023670.1,2803_006_autosomes_peak_92938,27,.,4.03491,5.27184,2.76836,120
LOC103231079,gene-LOC103231079,2326035,2333269,chr29,2332360,2332552,NC_023670.1,2803_006_autosomes_peak_92942,16,.,3.22793,3.94805,1.68706,35
BNC1,gene-BNC1,2331958,2360832,chr29,2332360,2332552,NC_023670.1,2803_006_autosomes_peak_92942,16,.,3.22793,3.94805,1.68706,35
LOC103231081,gene-LOC103231081,2430392,2531422,chr29,2430886,2431034,NC_023670.1,2803_006_autosomes_peak_92943,39,.,4.8419,6.67379,3.97677,93
LOC103231081,gene-LOC103231081,2430392,2531422,chr29,2431320,2431518,NC_023670.1,2803_006_autosomes_peak_92944,27,.,4.03491,5.27184,2.76836,63
BTBD1,gene-BTBD1,2580373,2636988,chr29,2580189,2580853,NC_023670.1,2803_006_autosomes_peak_92945,66,.,6.45586,9.66788,6.66308,455
BTBD1,gene-BTBD1,2580373,2636988,chr29,2581683,2581802,NC_023670.1,2803_006_autosomes_peak_92946,16,.,3.22793,3.94805,1.68706,56
C29H15orf40,gene-C29H15orf40,2641930,2652387,chr29,2642390,2642848,NC_023670.1,2803_006_autosomes_peak_92947,81,.,7.26285,11.2446,8.10932,121
C29H15orf40,gene-C29H15orf40,2641930,2652387,chr29,2643535,2643822,NC_023670.1,2803_006_autosomes_peak_92948,16,.,3.22793,3.94805,1.68706,58
FAM103A1,gene-FAM103A1,2652843,2667718,chr29,2667290,2668118,NC_023670.1,2803_006_autosomes_peak_92949,383,.,20.9816,42.8586,38.3724,415
HOMER2,gene-HOMER2,2667718,2810238,chr29,2667290,2668118,NC_023670.1,2803_006_autosomes_peak_92949,383,.,20.9816,42.8586,38.3724,415
HOMER2,gene-HOMER2,2667718,2810238,chr29,2717178,2717729,NC_023670.1,2803_006_autosomes_peak_92950,52,.,5.64888,8.14205,5.28039,296
HOMER2,gene-HOMER2,2667718,2810238,chr29,2721704,2722375,NC_023670.1,2803_006_autosomes_peak_92951,96,.,8.06983,12.8668,9.61173,456
HOMER2,gene-HOMER2,2667718,2810238,chr29,2725528,2725645,NC_023670.1,2803_006_autosomes_peak_92952,16,.,3.22793,3.94805,1.68706,49
HOMER2,gene-HOMER2,2667718,2810238,chr29,2731306,2731428,NC_023670.1,2803_006_autosomes_peak_92953,16,.,3.22793,3.94805,1.68706,49
HOMER2,gene-HOMER2,2667718,2810238,chr29,2778409,2778515,NC_023670.1,2803_006_autosomes_peak_92954,27,.,4.03491,5.27184,2.76836,80
WHAMM,gene-WHAMM,2819140,2843292,chr29,2820095,2820201,NC_023670.1,2803_006_autosomes_peak_92955,27,.,4.03491,5.27184,2.76836,77
WHAMM,gene-WHAMM,2819140,2843292,chr29,2827748,2827987,NC_023670.1,2803_006_autosomes_peak_92956,16,.,3.22793,3.94805,1.68706,49
WHAMM,gene-WHAMM,2819140,2843292,chr29,2842913,2843680,NC_023670.1,2803_006_autosomes_peak_92957,111,.,8.87681,14.5303,11.1642,240
FSD2,gene-FSD2,2848391,2898644,chr29,2870200,2870321,NC_023670.1,2803_006_autosomes_peak_92958,27,.,4.03491,5.27184,2.76836,66
LOC103231089,gene-LOC103231089,2899923,2906616,chr29,2906269,2906836,NC_023670.1,2803_006_autosomes_peak_92959,81,.,7.26285,11.2446,8.10932,458
AP3B2,gene-AP3B2,2943836,2994655,chr29,2953818,2953929,NC_023670.1,2803_006_autosomes_peak_92960,16,.,3.22793,3.94805,1.68706,49
LOC103231096,gene-LOC103231096,3004044,3008287,chr29,3006317,3006486,NC_023670.1,2803_006_autosomes_peak_92961,27,.,4.03491,5.27184,2.76836,133
CPEB1,gene-CPEB1,3005891,3106732,chr29,3006317,3006486,NC_023670.1,2803_006_autosomes_peak_92961,27,.,4.03491,5.27184,2.76836,133
CPEB1,gene-CPEB1,3005891,3106732,chr29,3101808,3101926,NC_023670.1,2803_006_autosomes_peak_92962,16,.,3.22793,3.94805,1.68706,49
RPS17,gene-RPS17,3109426,3113538,chr29,3109548,3109747,NC_023670.1,2803_006_autosomes_peak_92963,16,.,3.22793,3.94805,1.68706,26
PDE8A,gene-PDE8A,3214183,3367051,chr29,3310603,3310817,NC_023670.1,2803_006_autosomes_peak_92969,16,.,3.22793,3.94805,1.68706,66
PDE8A,gene-PDE8A,3214183,3367051,chr29,3324201,3324439,NC_023670.1,2803_006_autosomes_peak_92970,39,.,4.8419,6.67379,3.97677,178
PDE8A,gene-PDE8A,3214183,3367051,chr29,3366618,3366865,NC_023670.1,2803_006_autosomes_peak_92971,16,.,3.22793,3.94805,1.68706,28
SLC28A1,gene-SLC28A1,3387226,3469461,chr29,3387476,3387809,NC_023670.1,2803_006_autosomes_peak_92974,52,.,5.64888,8.14205,5.28039,108
SLC28A1,gene-SLC28A1,3387226,3469461,chr29,3418329,3418573,NC_023670.1,2803_006_autosomes_peak_92975,27,.,4.03491,5.27184,2.76836,140
SLC28A1,gene-SLC28A1,3387226,3469461,chr29,3420357,3420462,NC_023670.1,2803_006_autosomes_peak_92976,16,.,3.22793,3.94805,1.68706,9
SLC28A1,gene-SLC28A1,3387226,3469461,chr29,3424775,3424967,NC_023670.1,2803_006_autosomes_peak_92977,39,.,4.8419,6.67379,3.97677,50
SLC28A1,gene-SLC28A1,3387226,3469461,chr29,3430020,3430187,NC_023670.1,2803_006_autosomes_peak_92978,16,.,3.22793,3.94805,1.68706,10
SLC28A1,gene-SLC28A1,3387226,3469461,chr29,3433410,3433815,NC_023670.1,2803_006_autosomes_peak_92979,52,.,5.64888,8.14205,5.28039,75
SLC28A1,gene-SLC28A1,3387226,3469461,chr29,3435944,3436846,NC_023670.1,2803_006_autosomes_peak_92980a,177,.,12.1047,21.5329,17.7725,244
SLC28A1,gene-SLC28A1,3387226,3469461,chr29,3435944,3436846,NC_023670.1,2803_006_autosomes_peak_92980b,286,.,16.9466,32.8541,28.6269,376
SLC28A1,gene-SLC28A1,3387226,3469461,chr29,3435944,3436846,NC_023670.1,2803_006_autosomes_peak_92980c,324,.,18.5606,36.8012,32.4556,578
SLC28A1,gene-SLC28A1,3387226,3469461,chr29,3439806,3440140,NC_023670.1,2803_006_autosomes_peak_92981,39,.,4.8419,6.67379,3.97677,169
SLC28A1,gene-SLC28A1,3387226,3469461,chr29,3443848,3443959,NC_023670.1,2803_006_autosomes_peak_92982,27,.,4.03491,5.27184,2.76836,49
SLC28A1,gene-SLC28A1,3387226,3469461,chr29,3464833,3465035,NC_023670.1,2803_006_autosomes_peak_92983,16,.,3.22793,3.94805,1.68706,40
SLC28A1,gene-SLC28A1,3387226,3469461,chr29,3466669,3467035,NC_023670.1,2803_006_autosomes_peak_92984,27,.,4.03491,5.27184,2.76836,245
ALPK3,gene-ALPK3,3484483,3544016,chr29,3492529,3492687,NC_023670.1,2803_006_autosomes_peak_92986,39,.,4.8419,6.67379,3.97677,62
ALPK3,gene-ALPK3,3484483,3544016,chr29,3497391,3497668,NC_023670.1,2803_006_autosomes_peak_92987,27,.,4.03491,5.27184,2.76836,241
ALPK3,gene-ALPK3,3484483,3544016,chr29,3497877,3498174,NC_023670.1,2803_006_autosomes_peak_92988,27,.,4.03491,5.27184,2.76836,22
ALPK3,gene-ALPK3,3484483,3544016,chr29,3518373,3518669,NC_023670.1,2803_006_autosomes_peak_92989,66,.,6.45586,9.66788,6.66308,218
ALPK3,gene-ALPK3,3484483,3544016,chr29,3518907,3519325,NC_023670.1,2803_006_autosomes_peak_92990,52,.,5.64888,8.14205,5.28039,186
ALPK3,gene-ALPK3,3484483,3544016,chr29,3520424,3520584,NC_023670.1,2803_006_autosomes_peak_92991,27,.,4.03491,5.27184,2.76836,35
ALPK3,gene-ALPK3,3484483,3544016,chr29,3531994,3532252,NC_023670.1,2803_006_autosomes_peak_92992,16,.,3.22793,3.94805,1.68706,49
ALPK3,gene-ALPK3,3484483,3544016,chr29,3538145,3538305,NC_023670.1,2803_006_autosomes_peak_92993,27,.,4.03491,5.27184,2.76836,47
ALPK3,gene-ALPK3,3484483,3544016,chr29,3540328,3540474,NC_023670.1,2803_006_autosomes_peak_92994,16,.,3.22793,3.94805,1.68706,10
ALPK3,gene-ALPK3,3484483,3544016,chr29,3542196,3542851,NC_023670.1,2803_006_autosomes_peak_92995,39,.,4.8419,6.67379,3.97677,120
ZNF592,gene-ZNF592,3554095,3611845,chr29,3563539,3563652,NC_023670.1,2803_006_autosomes_peak_92996,16,.,3.22793,3.94805,1.68706,9
ZNF592,gene-ZNF592,3554095,3611845,chr29,3596884,3597062,NC_023670.1,2803_006_autosomes_peak_92997,16,.,3.22793,3.94805,1.68706,49
ZNF592,gene-ZNF592,3554095,3611845,chr29,3610321,3610433,NC_023670.1,2803_006_autosomes_peak_92998,16,.,3.22793,3.94805,1.68706,60
SEC11A,gene-SEC11A,3645234,3690510,chr29,3645092,3645661,NC_023670.1,2803_006_autosomes_peak_93002,286,.,16.9466,32.8541,28.6269,254
SEC11A,gene-SEC11A,3645234,3690510,chr29,3658258,3658410,NC_023670.1,2803_006_autosomes_peak_93003,16,.,3.22793,3.94805,1.68706,26
NMB,gene-NMB,3703390,3706463,chr29,3705658,3705998,NC_023670.1,2803_006_autosomes_peak_93004,16,.,3.22793,3.94805,1.68706,141
WDR73,gene-WDR73,3707254,3718600,chr29,3707056,3707363,NC_023670.1,2803_006_autosomes_peak_93006,52,.,5.64888,8.14205,5.28039,249
ZSCAN2,gene-ZSCAN2,3746183,3770586,chr29,3769531,3770412,NC_023670.1,2803_006_autosomes_peak_93009a,96,.,8.06983,12.8668,9.61173,202
ZSCAN2,gene-ZSCAN2,3746183,3770586,chr29,3769531,3770412,NC_023670.1,2803_006_autosomes_peak_93009b,160,.,11.2978,19.7351,16.0682,379
AKAP13,gene-AKAP13,4009921,4364226,chr29,4009525,4010957,NC_023670.1,2803_006_autosomes_peak_93021a,111,.,8.87681,14.5303,11.1642,429
AKAP13,gene-AKAP13,4009921,4364226,chr29,4009525,4010957,NC_023670.1,2803_006_autosomes_peak_93021b,66,.,6.45586,9.66788,6.66308,1040
AKAP13,gene-AKAP13,4009921,4364226,chr29,4009525,4010957,NC_023670.1,2803_006_autosomes_peak_93021c,127,.,9.68379,16.2314,12.7604,1223
AKAP13,gene-AKAP13,4009921,4364226,chr29,4012085,4012302,NC_023670.1,2803_006_autosomes_peak_93022,39,.,4.8419,6.67379,3.97677,54
AKAP13,gene-AKAP13,4009921,4364226,chr29,4061365,4061469,NC_023670.1,2803_006_autosomes_peak_93023,16,.,3.22793,3.94805,1.68706,49
AKAP13,gene-AKAP13,4009921,4364226,chr29,4104162,4104337,NC_023670.1,2803_006_autosomes_peak_93024,27,.,4.03491,5.27184,2.76836,43
AKAP13,gene-AKAP13,4009921,4364226,chr29,4117020,4117157,NC_023670.1,2803_006_autosomes_peak_93025,16,.,3.22793,3.94805,1.68706,40
AKAP13,gene-AKAP13,4009921,4364226,chr29,4117400,4117594,NC_023670.1,2803_006_autosomes_peak_93026,27,.,4.03491,5.27184,2.76836,65
AKAP13,gene-AKAP13,4009921,4364226,chr29,4146341,4146540,NC_023670.1,2803_006_autosomes_peak_93027,27,.,4.03491,5.27184,2.76836,67
AKAP13,gene-AKAP13,4009921,4364226,chr29,4186031,4186134,NC_023670.1,2803_006_autosomes_peak_93028,16,.,3.22793,3.94805,1.68706,49
AKAP13,gene-AKAP13,4009921,4364226,chr29,4193878,4194029,NC_023670.1,2803_006_autosomes_peak_93029,16,.,3.22793,3.94805,1.68706,10
AKAP13,gene-AKAP13,4009921,4364226,chr29,4199631,4199790,NC_023670.1,2803_006_autosomes_peak_93030,39,.,4.8419,6.67379,3.97677,49
AKAP13,gene-AKAP13,4009921,4364226,chr29,4205879,4206147,NC_023670.1,2803_006_autosomes_peak_93031,39,.,4.8419,6.67379,3.97677,31
AKAP13,gene-AKAP13,4009921,4364226,chr29,4207460,4207621,NC_023670.1,2803_006_autosomes_peak_93032,39,.,4.8419,6.67379,3.97677,79
AKAP13,gene-AKAP13,4009921,4364226,chr29,4236363,4236666,NC_023670.1,2803_006_autosomes_peak_93033,16,.,3.22793,3.94805,1.68706,26
AKAP13,gene-AKAP13,4009921,4364226,chr29,4237971,4238346,NC_023670.1,2803_006_autosomes_peak_93034,66,.,6.45586,9.66788,6.66308,208
AKAP13,gene-AKAP13,4009921,4364226,chr29,4238714,4239210,NC_023670.1,2803_006_autosomes_peak_93035,16,.,3.22793,3.94805,1.68706,277
AKAP13,gene-AKAP13,4009921,4364226,chr29,4284770,4284907,NC_023670.1,2803_006_autosomes_peak_93036,16,.,3.22793,3.94805,1.68706,31
AKAP13,gene-AKAP13,4009921,4364226,chr29,4293826,4294088,NC_023670.1,2803_006_autosomes_peak_93037,16,.,3.22793,3.94805,1.68706,49
AKAP13,gene-AKAP13,4009921,4364226,chr29,4324641,4324801,NC_023670.1,2803_006_autosomes_peak_93038,16,.,3.22793,3.94805,1.68706,4
AKAP13,gene-AKAP13,4009921,4364226,chr29,4348771,4348917,NC_023670.1,2803_006_autosomes_peak_93039,16,.,3.22793,3.94805,1.68706,49
AKAP13,gene-AKAP13,4009921,4364226,chr29,4358683,4359048,NC_023670.1,2803_006_autosomes_peak_93040,27,.,4.03491,5.27184,2.76836,145
KLHL25,gene-KLHL25,4376292,4412778,chr29,4376473,4376723,NC_023670.1,2803_006_autosomes_peak_93044,27,.,4.03491,5.27184,2.76836,58
KLHL25,gene-KLHL25,4376292,4412778,chr29,4377522,4377672,NC_023670.1,2803_006_autosomes_peak_93045,27,.,4.03491,5.27184,2.76836,74
KLHL25,gene-KLHL25,4376292,4412778,chr29,4379026,4379294,NC_023670.1,2803_006_autosomes_peak_93046,27,.,4.03491,5.27184,2.76836,210
KLHL25,gene-KLHL25,4376292,4412778,chr29,4381110,4381313,NC_023670.1,2803_006_autosomes_peak_93047,27,.,4.03491,5.27184,2.76836,28
KLHL25,gene-KLHL25,4376292,4412778,chr29,4382044,4382145,NC_023670.1,2803_006_autosomes_peak_93048,16,.,3.22793,3.94805,1.68706,16
KLHL25,gene-KLHL25,4376292,4412778,chr29,4383140,4383290,NC_023670.1,2803_006_autosomes_peak_93049,16,.,3.22793,3.94805,1.68706,49
KLHL25,gene-KLHL25,4376292,4412778,chr29,4386667,4386878,NC_023670.1,2803_006_autosomes_peak_93050,39,.,4.8419,6.67379,3.97677,45
KLHL25,gene-KLHL25,4376292,4412778,chr29,4387141,4387270,NC_023670.1,2803_006_autosomes_peak_93051,27,.,4.03491,5.27184,2.76836,72
KLHL25,gene-KLHL25,4376292,4412778,chr29,4390631,4390943,NC_023670.1,2803_006_autosomes_peak_93052,39,.,4.8419,6.67379,3.97677,59
KLHL25,gene-KLHL25,4376292,4412778,chr29,4411559,4411879,NC_023670.1,2803_006_autosomes_peak_93053,39,.,4.8419,6.67379,3.97677,245
KLHL25,gene-KLHL25,4376292,4412778,chr29,4412048,4412818,NC_023670.1,2803_006_autosomes_peak_93054a,66,.,6.45586,9.66788,6.66308,97
KLHL25,gene-KLHL25,4376292,4412778,chr29,4412048,4412818,NC_023670.1,2803_006_autosomes_peak_93054b,177,.,12.1047,21.5329,17.7725,640
AGBL1,gene-AGBL1,4702646,5528743,chr29,4766587,4766888,NC_023670.1,2803_006_autosomes_peak_93060,16,.,3.22793,3.94805,1.68706,49
AGBL1,gene-AGBL1,4702646,5528743,chr29,4924148,4924259,NC_023670.1,2803_006_autosomes_peak_93061,16,.,3.22793,3.94805,1.68706,49
AGBL1,gene-AGBL1,4702646,5528743,chr29,5118744,5118888,NC_023670.1,2803_006_autosomes_peak_93062,16,.,3.22793,3.94805,1.68706,49
MRPL46,gene-MRPL46,7025380,7033219,chr29,7033091,7033196,NC_023670.1,2803_006_autosomes_peak_93066,27,.,4.03491,5.27184,2.76836,47
DET1,gene-DET1,7078777,7103174,chr29,7102994,7103230,NC_023670.1,2803_006_autosomes_peak_93067a,66,.,6.45586,9.66788,6.66308,58
DET1,gene-DET1,7078777,7103174,chr29,7102994,7103230,NC_023670.1,2803_006_autosomes_peak_93067b,81,.,7.26285,11.2446,8.10932,181
LOC103231131,gene-LOC103231131,7103053,7103576,chr29,7102994,7103230,NC_023670.1,2803_006_autosomes_peak_93067a,66,.,6.45586,9.66788,6.66308,58
LOC103231131,gene-LOC103231131,7103053,7103576,chr29,7102994,7103230,NC_023670.1,2803_006_autosomes_peak_93067b,81,.,7.26285,11.2446,8.10932,181
LOC103231133,gene-LOC103231133,7144692,7152670,chr29,7151487,7152037,NC_023670.1,2803_006_autosomes_peak_93069,16,.,3.22793,3.94805,1.68706,244
AEN,gene-AEN,7160445,7172082,chr29,7160929,7161086,NC_023670.1,2803_006_autosomes_peak_93070,39,.,4.8419,6.67379,3.97677,45
AEN,gene-AEN,7160445,7172082,chr29,7162444,7163126,NC_023670.1,2803_006_autosomes_peak_93071,52,.,5.64888,8.14205,5.28039,636
ISG20,gene-ISG20,7178118,7195460,chr29,7178692,7179467,NC_023670.1,2803_006_autosomes_peak_93072a,248,.,15.3327,28.9879,24.8983,294
ISG20,gene-ISG20,7178118,7195460,chr29,7178692,7179467,NC_023670.1,2803_006_autosomes_peak_93072b,127,.,9.68379,16.2314,12.7604,570
ISG20,gene-ISG20,7178118,7195460,chr29,7179789,7180024,NC_023670.1,2803_006_autosomes_peak_93073,16,.,3.22793,3.94805,1.68706,134
ISG20,gene-ISG20,7178118,7195460,chr29,7189236,7189457,NC_023670.1,2803_006_autosomes_peak_93074,27,.,4.03491,5.27184,2.76836,144
ACAN,gene-ACAN,7345350,7416951,chr29,7345372,7345603,NC_023670.1,2803_006_autosomes_peak_93078,39,.,4.8419,6.67379,3.97677,115
ACAN,gene-ACAN,7345350,7416951,chr29,7382634,7383177,NC_023670.1,2803_006_autosomes_peak_93079,39,.,4.8419,6.67379,3.97677,333
ACAN,gene-ACAN,7345350,7416951,chr29,7389436,7389574,NC_023670.1,2803_006_autosomes_peak_93080,16,.,3.22793,3.94805,1.68706,34
LOC103231141,gene-LOC103231141,7419345,7456484,chr29,7421912,7422014,NC_023670.1,2803_006_autosomes_peak_93081,16,.,3.22793,3.94805,1.68706,49
LOC103231141,gene-LOC103231141,7419345,7456484,chr29,7438572,7438797,NC_023670.1,2803_006_autosomes_peak_93082,27,.,4.03491,5.27184,2.76836,190
LOC103231141,gene-LOC103231141,7419345,7456484,chr29,7439341,7439768,NC_023670.1,2803_006_autosomes_peak_93083,27,.,4.03491,5.27184,2.76836,186
LOC103231141,gene-LOC103231141,7419345,7456484,chr29,7448079,7448202,NC_023670.1,2803_006_autosomes_peak_93084,16,.,3.22793,3.94805,1.68706,47
LOC103231141,gene-LOC103231141,7419345,7456484,chr29,7450032,7450248,NC_023670.1,2803_006_autosomes_peak_93085,16,.,3.22793,3.94805,1.68706,51
LOC103231141,gene-LOC103231141,7419345,7456484,chr29,7453069,7453870,NC_023670.1,2803_006_autosomes_peak_93086,52,.,5.64888,8.14205,5.28039,383
LOC103231141,gene-LOC103231141,7419345,7456484,chr29,7454303,7454449,NC_023670.1,2803_006_autosomes_peak_93087,16,.,3.22793,3.94805,1.68706,25
LOC103231141,gene-LOC103231141,7419345,7456484,chr29,7454967,7455717,NC_023670.1,2803_006_autosomes_peak_93088,96,.,8.06983,12.8668,9.61173,527
LOC103231141,gene-LOC103231141,7419345,7456484,chr29,7456083,7456511,NC_023670.1,2803_006_autosomes_peak_93089,96,.,8.06983,12.8668,9.61173,270
LOC103231147,gene-LOC103231147,7629921,7631171,chr29,7630786,7631692,NC_023670.1,2803_006_autosomes_peak_93092a,248,.,15.3327,28.9879,24.8983,259
LOC103231147,gene-LOC103231147,7629921,7631171,chr29,7630786,7631692,NC_023670.1,2803_006_autosomes_peak_93092b,324,.,18.5606,36.8012,32.4556,458
ABHD2,gene-ABHD2,7631436,7742209,chr29,7630786,7631692,NC_023670.1,2803_006_autosomes_peak_93092a,248,.,15.3327,28.9879,24.8983,259
ABHD2,gene-ABHD2,7631436,7742209,chr29,7630786,7631692,NC_023670.1,2803_006_autosomes_peak_93092b,324,.,18.5606,36.8012,32.4556,458
ABHD2,gene-ABHD2,7631436,7742209,chr29,7644550,7644662,NC_023670.1,2803_006_autosomes_peak_93093,27,.,4.03491,5.27184,2.76836,52
ABHD2,gene-ABHD2,7631436,7742209,chr29,7644935,7645100,NC_023670.1,2803_006_autosomes_peak_93094,16,.,3.22793,3.94805,1.68706,77
ABHD2,gene-ABHD2,7631436,7742209,chr29,7658904,7659117,NC_023670.1,2803_006_autosomes_peak_93095,27,.,4.03491,5.27184,2.76836,46
ABHD2,gene-ABHD2,7631436,7742209,chr29,7663511,7663697,NC_023670.1,2803_006_autosomes_peak_93096,27,.,4.03491,5.27184,2.76836,120
ABHD2,gene-ABHD2,7631436,7742209,chr29,7718508,7718825,NC_023670.1,2803_006_autosomes_peak_93097,27,.,4.03491,5.27184,2.76836,190
ABHD2,gene-ABHD2,7631436,7742209,chr29,7731222,7731350,NC_023670.1,2803_006_autosomes_peak_93098,16,.,3.22793,3.94805,1.68706,11
RLBP1,gene-RLBP1,7756742,7769061,chr29,7765669,7765776,NC_023670.1,2803_006_autosomes_peak_93099,39,.,4.8419,6.67379,3.97677,36
RLBP1,gene-RLBP1,7756742,7769061,chr29,7768576,7768739,NC_023670.1,2803_006_autosomes_peak_93100,27,.,4.03491,5.27184,2.76836,44
FANCI,gene-FANCI,7788983,7864505,chr29,7790443,7790687,NC_023670.1,2803_006_autosomes_peak_93101,81,.,7.26285,11.2446,8.10932,73
FANCI,gene-FANCI,7788983,7864505,chr29,7854608,7854762,NC_023670.1,2803_006_autosomes_peak_93102,27,.,4.03491,5.27184,2.76836,90
POLG,gene-POLG,7864319,7881577,chr29,7874646,7875279,NC_023670.1,2803_006_autosomes_peak_93103,27,.,4.03491,5.27184,2.76836,273
POLG,gene-POLG,7864319,7881577,chr29,7876660,7876845,NC_023670.1,2803_006_autosomes_peak_93104,39,.,4.8419,6.67379,3.97677,119
POLG,gene-POLG,7864319,7881577,chr29,7881186,7881308,NC_023670.1,2803_006_autosomes_peak_93105,27,.,4.03491,5.27184,2.76836,43
TRNAR-UCG,gene-TRNAR-UCG,7882801,7882873,chr29,7882048,7883610,NC_023670.1,2803_006_autosomes_peak_93106a,177,.,12.1047,21.5329,17.7725,448
TRNAR-UCG,gene-TRNAR-UCG,7882801,7882873,chr29,7882048,7883610,NC_023670.1,2803_006_autosomes_peak_93106b,324,.,18.5606,36.8012,32.4556,585
TRNAR-UCG,gene-TRNAR-UCG,7882801,7882873,chr29,7882048,7883610,NC_023670.1,2803_006_autosomes_peak_93106c,81,.,7.26285,11.2446,8.10932,1188
LOC103231153,gene-LOC103231153,7945762,7995331,chr29,7946444,7946654,NC_023670.1,2803_006_autosomes_peak_93115,27,.,4.03491,5.27184,2.76836,60
LOC103231153,gene-LOC103231153,7945762,7995331,chr29,7946863,7947026,NC_023670.1,2803_006_autosomes_peak_93116,39,.,4.8419,6.67379,3.97677,123
LOC103231153,gene-LOC103231153,7945762,7995331,chr29,7950456,7950650,NC_023670.1,2803_006_autosomes_peak_93117,16,.,3.22793,3.94805,1.68706,49
LOC103231153,gene-LOC103231153,7945762,7995331,chr29,7959023,7959163,NC_023670.1,2803_006_autosomes_peak_93118,27,.,4.03491,5.27184,2.76836,42
LOC103231153,gene-LOC103231153,7945762,7995331,chr29,7963063,7963288,NC_023670.1,2803_006_autosomes_peak_93119,39,.,4.8419,6.67379,3.97677,72
LOC103231153,gene-LOC103231153,7945762,7995331,chr29,7980527,7980694,NC_023670.1,2803_006_autosomes_peak_93120,27,.,4.03491,5.27184,2.76836,66
LOC103231153,gene-LOC103231153,7945762,7995331,chr29,7981137,7981355,NC_023670.1,2803_006_autosomes_peak_93121,16,.,3.22793,3.94805,1.68706,12
LOC103231153,gene-LOC103231153,7945762,7995331,chr29,7993154,7993364,NC_023670.1,2803_006_autosomes_peak_93122,27,.,4.03491,5.27184,2.76836,64
RHCG,gene-RHCG,8015391,8040811,chr29,8030077,8030385,NC_023670.1,2803_006_autosomes_peak_93124,27,.,4.03491,5.27184,2.76836,252
RHCG,gene-RHCG,8015391,8040811,chr29,8040063,8040191,NC_023670.1,2803_006_autosomes_peak_93125,16,.,3.22793,3.94805,1.68706,49
LOC103231151,gene-LOC103231151,8036572,8040890,chr29,8040063,8040191,NC_023670.1,2803_006_autosomes_peak_93125,16,.,3.22793,3.94805,1.68706,49
TICRR,gene-TICRR,8117198,8171956,chr29,8117357,8117894,NC_023670.1,2803_006_autosomes_peak_93127,160,.,11.2978,19.7351,16.0682,132
KIF7,gene-KIF7,8172294,8193775,chr29,8179939,8180059,NC_023670.1,2803_006_autosomes_peak_93128,16,.,3.22793,3.94805,1.68706,49
KIF7,gene-KIF7,8172294,8193775,chr29,8185971,8186128,NC_023670.1,2803_006_autosomes_peak_93129,16,.,3.22793,3.94805,1.68706,27
KIF7,gene-KIF7,8172294,8193775,chr29,8186462,8186645,NC_023670.1,2803_006_autosomes_peak_93130,39,.,4.8419,6.67379,3.97677,93
KIF7,gene-KIF7,8172294,8193775,chr29,8186875,8187756,NC_023670.1,2803_006_autosomes_peak_93131,39,.,4.8419,6.67379,3.97677,268
KIF7,gene-KIF7,8172294,8193775,chr29,8192877,8193615,NC_023670.1,2803_006_autosomes_peak_93132,81,.,7.26285,11.2446,8.10932,571
PLIN1,gene-PLIN1,8204071,8219974,chr29,8204568,8204668,NC_023670.1,2803_006_autosomes_peak_93133,16,.,3.22793,3.94805,1.68706,43
PLIN1,gene-PLIN1,8204071,8219974,chr29,8207781,8207890,NC_023670.1,2803_006_autosomes_peak_93134,27,.,4.03491,5.27184,2.76836,50
WDR93,gene-WDR93,8205213,8280335,chr29,8207781,8207890,NC_023670.1,2803_006_autosomes_peak_93134,27,.,4.03491,5.27184,2.76836,50
WDR93,gene-WDR93,8205213,8280335,chr29,8228952,8229627,NC_023670.1,2803_006_autosomes_peak_93135,39,.,4.8419,6.67379,3.97677,253
PEX11A,gene-PEX11A,8220082,8229448,chr29,8228952,8229627,NC_023670.1,2803_006_autosomes_peak_93135,39,.,4.8419,6.67379,3.97677,253
MESP1,gene-MESP1,8286551,8288777,chr29,8287473,8287596,NC_023670.1,2803_006_autosomes_peak_93137,27,.,4.03491,5.27184,2.76836,58
ANPEP,gene-ANPEP,8324094,8354491,chr29,8324244,8324418,NC_023670.1,2803_006_autosomes_peak_93143,27,.,4.03491,5.27184,2.76836,42
ANPEP,gene-ANPEP,8324094,8354491,chr29,8342479,8342901,NC_023670.1,2803_006_autosomes_peak_93144,16,.,3.22793,3.94805,1.68706,179
ANPEP,gene-ANPEP,8324094,8354491,chr29,8343894,8344136,NC_023670.1,2803_006_autosomes_peak_93145,52,.,5.64888,8.14205,5.28039,97
ANPEP,gene-ANPEP,8324094,8354491,chr29,8344318,8344631,NC_023670.1,2803_006_autosomes_peak_93146,39,.,4.8419,6.67379,3.97677,78
ANPEP,gene-ANPEP,8324094,8354491,chr29,8346025,8346342,NC_023670.1,2803_006_autosomes_peak_93147,27,.,4.03491,5.27184,2.76836,49
ANPEP,gene-ANPEP,8324094,8354491,chr29,8354420,8354961,NC_023670.1,2803_006_autosomes_peak_93148,16,.,3.22793,3.94805,1.68706,312
LOC103231500,gene-LOC103231500,8353546,8355455,chr29,8354420,8354961,NC_023670.1,2803_006_autosomes_peak_93148,16,.,3.22793,3.94805,1.68706,312
LOC103231500,gene-LOC103231500,8353546,8355455,chr29,8355236,8355505,NC_023670.1,2803_006_autosomes_peak_93149,27,.,4.03491,5.27184,2.76836,165
LOC103231163,gene-LOC103231163,8373285,8459149,chr29,8384940,8385332,NC_023670.1,2803_006_autosomes_peak_93152,39,.,4.8419,6.67379,3.97677,107
LOC103231163,gene-LOC103231163,8373285,8459149,chr29,8394856,8395065,NC_023670.1,2803_006_autosomes_peak_93153,16,.,3.22793,3.94805,1.68706,68
LOC103231163,gene-LOC103231163,8373285,8459149,chr29,8418694,8418805,NC_023670.1,2803_006_autosomes_peak_93154,16,.,3.22793,3.94805,1.68706,49
LOC103231163,gene-LOC103231163,8373285,8459149,chr29,8436339,8437148,NC_023670.1,2803_006_autosomes_peak_93155a,96,.,8.06983,12.8668,9.61173,146
LOC103231163,gene-LOC103231163,8373285,8459149,chr29,8436339,8437148,NC_023670.1,2803_006_autosomes_peak_93155b,81,.,7.26285,11.2446,8.10932,524
LOC103231163,gene-LOC103231163,8373285,8459149,chr29,8454155,8454279,NC_023670.1,2803_006_autosomes_peak_93156,27,.,4.03491,5.27184,2.76836,53
LOC103231163,gene-LOC103231163,8373285,8459149,chr29,8455597,8455803,NC_023670.1,2803_006_autosomes_peak_93157,27,.,4.03491,5.27184,2.76836,34
LOC103231163,gene-LOC103231163,8373285,8459149,chr29,8458709,8459260,NC_023670.1,2803_006_autosomes_peak_93158,81,.,7.26285,11.2446,8.10932,261
ZNF710,gene-ZNF710,8551823,8632636,chr29,8551017,8551977,NC_023670.1,2803_006_autosomes_peak_93163,52,.,5.64888,8.14205,5.28039,729
ZNF710,gene-ZNF710,8551823,8632636,chr29,8553672,8553836,NC_023670.1,2803_006_autosomes_peak_93164,39,.,4.8419,6.67379,3.97677,106
ZNF710,gene-ZNF710,8551823,8632636,chr29,8571560,8571865,NC_023670.1,2803_006_autosomes_peak_93165,27,.,4.03491,5.27184,2.76836,72
ZNF710,gene-ZNF710,8551823,8632636,chr29,8581127,8581503,NC_023670.1,2803_006_autosomes_peak_93166,27,.,4.03491,5.27184,2.76836,272
ZNF710,gene-ZNF710,8551823,8632636,chr29,8583587,8583757,NC_023670.1,2803_006_autosomes_peak_93167,27,.,4.03491,5.27184,2.76836,76
ZNF710,gene-ZNF710,8551823,8632636,chr29,8600666,8600836,NC_023670.1,2803_006_autosomes_peak_93168,16,.,3.22793,3.94805,1.68706,49
ZNF710,gene-ZNF710,8551823,8632636,chr29,8604331,8604520,NC_023670.1,2803_006_autosomes_peak_93169,16,.,3.22793,3.94805,1.68706,47
ZNF710,gene-ZNF710,8551823,8632636,chr29,8604755,8604910,NC_023670.1,2803_006_autosomes_peak_93170,16,.,3.22793,3.94805,1.68706,28
ZNF710,gene-ZNF710,8551823,8632636,chr29,8607078,8607274,NC_023670.1,2803_006_autosomes_peak_93171,27,.,4.03491,5.27184,2.76836,104
ZNF710,gene-ZNF710,8551823,8632636,chr29,8610326,8610614,NC_023670.1,2803_006_autosomes_peak_93172,16,.,3.22793,3.94805,1.68706,73
ZNF710,gene-ZNF710,8551823,8632636,chr29,8617527,8617816,NC_023670.1,2803_006_autosomes_peak_93173,27,.,4.03491,5.27184,2.76836,52
ZNF710,gene-ZNF710,8551823,8632636,chr29,8623009,8623491,NC_023670.1,2803_006_autosomes_peak_93174,39,.,4.8419,6.67379,3.97677,406
ZNF710,gene-ZNF710,8551823,8632636,chr29,8624988,8625160,NC_023670.1,2803_006_autosomes_peak_93175,27,.,4.03491,5.27184,2.76836,147
ZNF710,gene-ZNF710,8551823,8632636,chr29,8629881,8630106,NC_023670.1,2803_006_autosomes_peak_93176,27,.,4.03491,5.27184,2.76836,36
ZNF710,gene-ZNF710,8551823,8632636,chr29,8631012,8631178,NC_023670.1,2803_006_autosomes_peak_93177,27,.,4.03491,5.27184,2.76836,10
ZNF710,gene-ZNF710,8551823,8632636,chr29,8632047,8632403,NC_023670.1,2803_006_autosomes_peak_93178,16,.,3.22793,3.94805,1.68706,190
IDH2,gene-IDH2,8633429,8650744,chr29,8634737,8634848,NC_023670.1,2803_006_autosomes_peak_93179,16,.,3.22793,3.94805,1.68706,15
IDH2,gene-IDH2,8633429,8650744,chr29,8638911,8639101,NC_023670.1,2803_006_autosomes_peak_93180,27,.,4.03491,5.27184,2.76836,103
IDH2,gene-IDH2,8633429,8650744,chr29,8639849,8640166,NC_023670.1,2803_006_autosomes_peak_93181,27,.,4.03491,5.27184,2.76836,229
IDH2,gene-IDH2,8633429,8650744,chr29,8641092,8641329,NC_023670.1,2803_006_autosomes_peak_93182,16,.,3.22793,3.94805,1.68706,132
IDH2,gene-IDH2,8633429,8650744,chr29,8646490,8646598,NC_023670.1,2803_006_autosomes_peak_93183,27,.,4.03491,5.27184,2.76836,61
IDH2,gene-IDH2,8633429,8650744,chr29,8648319,8648488,NC_023670.1,2803_006_autosomes_peak_93184,16,.,3.22793,3.94805,1.68706,13
IDH2,gene-IDH2,8633429,8650744,chr29,8649365,8649659,NC_023670.1,2803_006_autosomes_peak_93185,39,.,4.8419,6.67379,3.97677,145
IDH2,gene-IDH2,8633429,8650744,chr29,8649971,8650277,NC_023670.1,2803_006_autosomes_peak_93186,16,.,3.22793,3.94805,1.68706,43
IDH2,gene-IDH2,8633429,8650744,chr29,8650538,8650951,NC_023670.1,2803_006_autosomes_peak_93187,81,.,7.26285,11.2446,8.10932,303
SEMA4B,gene-SEMA4B,8733647,8776618,chr29,8733421,8734088,NC_023670.1,2803_006_autosomes_peak_93193,96,.,8.06983,12.8668,9.61173,368
SEMA4B,gene-SEMA4B,8733647,8776618,chr29,8738345,8738783,NC_023670.1,2803_006_autosomes_peak_93194,27,.,4.03491,5.27184,2.76836,117
SEMA4B,gene-SEMA4B,8733647,8776618,chr29,8740803,8740980,NC_023670.1,2803_006_autosomes_peak_93195,16,.,3.22793,3.94805,1.68706,29
SEMA4B,gene-SEMA4B,8733647,8776618,chr29,8748646,8749565,NC_023670.1,2803_006_autosomes_peak_93196a,66,.,6.45586,9.66788,6.66308,110
SEMA4B,gene-SEMA4B,8733647,8776618,chr29,8748646,8749565,NC_023670.1,2803_006_autosomes_peak_93196b,81,.,7.26285,11.2446,8.10932,218
SEMA4B,gene-SEMA4B,8733647,8776618,chr29,8748646,8749565,NC_023670.1,2803_006_autosomes_peak_93196c,52,.,5.64888,8.14205,5.28039,830
SEMA4B,gene-SEMA4B,8733647,8776618,chr29,8750879,8751094,NC_023670.1,2803_006_autosomes_peak_93197,16,.,3.22793,3.94805,1.68706,22
SEMA4B,gene-SEMA4B,8733647,8776618,chr29,8751436,8751570,NC_023670.1,2803_006_autosomes_peak_93198,39,.,4.8419,6.67379,3.97677,83
SEMA4B,gene-SEMA4B,8733647,8776618,chr29,8758624,8758859,NC_023670.1,2803_006_autosomes_peak_93199,52,.,5.64888,8.14205,5.28039,145
SEMA4B,gene-SEMA4B,8733647,8776618,chr29,8770444,8770649,NC_023670.1,2803_006_autosomes_peak_93200,39,.,4.8419,6.67379,3.97677,42
SEMA4B,gene-SEMA4B,8733647,8776618,chr29,8775232,8775392,NC_023670.1,2803_006_autosomes_peak_93201,27,.,4.03491,5.27184,2.76836,83
CIB1,gene-CIB1,8777202,8781027,chr29,8778053,8778402,NC_023670.1,2803_006_autosomes_peak_93202,27,.,4.03491,5.27184,2.76836,41
CIB1,gene-CIB1,8777202,8781027,chr29,8780238,8781314,NC_023670.1,2803_006_autosomes_peak_93203a,177,.,12.1047,21.5329,17.7725,205
CIB1,gene-CIB1,8777202,8781027,chr29,8780238,8781314,NC_023670.1,2803_006_autosomes_peak_93203b,177,.,12.1047,21.5329,17.7725,315
LOC103231171,gene-LOC103231171,8792599,8809682,chr29,8792617,8793156,NC_023670.1,2803_006_autosomes_peak_93204,52,.,5.64888,8.14205,5.28039,341
LOC103231171,gene-LOC103231171,8792599,8809682,chr29,8796778,8797065,NC_023670.1,2803_006_autosomes_peak_93205,16,.,3.22793,3.94805,1.68706,87
LOC103231171,gene-LOC103231171,8792599,8809682,chr29,8806934,8807090,NC_023670.1,2803_006_autosomes_peak_93206,16,.,3.22793,3.94805,1.68706,49
NGRN,gene-NGRN,8809776,8816862,chr29,8809811,8810101,NC_023670.1,2803_006_autosomes_peak_93207,81,.,7.26285,11.2446,8.10932,177
LOC103231173,gene-LOC103231173,8829597,8831926,chr29,8830418,8830599,NC_023670.1,2803_006_autosomes_peak_93210,16,.,3.22793,3.94805,1.68706,49
VPS33B,gene-VPS33B,8838289,8862914,chr29,8838270,8838961,NC_023670.1,2803_006_autosomes_peak_93211,52,.,5.64888,8.14205,5.28039,479
PRC1,gene-PRC1,8866919,8895832,chr29,8866446,8867113,NC_023670.1,2803_006_autosomes_peak_93212,96,.,8.06983,12.8668,9.61173,256
RCCD1,gene-RCCD1,8895873,8907436,chr29,8904676,8905248,NC_023670.1,2803_006_autosomes_peak_93213,52,.,5.64888,8.14205,5.28039,452
RCCD1,gene-RCCD1,8895873,8907436,chr29,8906269,8906421,NC_023670.1,2803_006_autosomes_peak_93214,27,.,4.03491,5.27184,2.76836,91
RCCD1,gene-RCCD1,8895873,8907436,chr29,8906678,8907422,NC_023670.1,2803_006_autosomes_peak_93215a,66,.,6.45586,9.66788,6.66308,139
RCCD1,gene-RCCD1,8895873,8907436,chr29,8906678,8907422,NC_023670.1,2803_006_autosomes_peak_93215b,230,.,14.5257,27.0875,23.0731,367
UNC45A,gene-UNC45A,8908381,8932555,chr29,8912020,8912336,NC_023670.1,2803_006_autosomes_peak_93216,39,.,4.8419,6.67379,3.97677,123
UNC45A,gene-UNC45A,8908381,8932555,chr29,8923413,8923766,NC_023670.1,2803_006_autosomes_peak_93217,39,.,4.8419,6.67379,3.97677,323
UNC45A,gene-UNC45A,8908381,8932555,chr29,8926993,8927890,NC_023670.1,2803_006_autosomes_peak_93218,177,.,12.1047,21.5329,17.7725,444
UNC45A,gene-UNC45A,8908381,8932555,chr29,8929814,8930402,NC_023670.1,2803_006_autosomes_peak_93219,52,.,5.64888,8.14205,5.28039,385
UNC45A,gene-UNC45A,8908381,8932555,chr29,8932483,8932673,NC_023670.1,2803_006_autosomes_peak_93220,39,.,4.8419,6.67379,3.97677,46
LOC103231179,gene-LOC103231179,8927607,8928726,chr29,8926993,8927890,NC_023670.1,2803_006_autosomes_peak_93218,177,.,12.1047,21.5329,17.7725,444
HDDC3,gene-HDDC3,8930104,8931824,chr29,8929814,8930402,NC_023670.1,2803_006_autosomes_peak_93219,52,.,5.64888,8.14205,5.28039,385
MAN2A2,gene-MAN2A2,8942126,8960745,chr29,8950970,8951086,NC_023670.1,2803_006_autosomes_peak_93221,39,.,4.8419,6.67379,3.97677,75
MAN2A2,gene-MAN2A2,8942126,8960745,chr29,8952468,8952643,NC_023670.1,2803_006_autosomes_peak_93222,27,.,4.03491,5.27184,2.76836,86
MAN2A2,gene-MAN2A2,8942126,8960745,chr29,8955646,8955989,NC_023670.1,2803_006_autosomes_peak_93223,27,.,4.03491,5.27184,2.76836,219
MAN2A2,gene-MAN2A2,8942126,8960745,chr29,8959543,8959767,NC_023670.1,2803_006_autosomes_peak_93224,27,.,4.03491,5.27184,2.76836,53
MAN2A2,gene-MAN2A2,8942126,8960745,chr29,8960481,8960722,NC_023670.1,2803_006_autosomes_peak_93225,39,.,4.8419,6.67379,3.97677,225
FES,gene-FES,8967542,8979475,chr29,8969729,8970076,NC_023670.1,2803_006_autosomes_peak_93226,16,.,3.22793,3.94805,1.68706,206
FES,gene-FES,8967542,8979475,chr29,8971357,8971609,NC_023670.1,2803_006_autosomes_peak_93227,39,.,4.8419,6.67379,3.97677,28
FES,gene-FES,8967542,8979475,chr29,8974320,8974485,NC_023670.1,2803_006_autosomes_peak_93228,27,.,4.03491,5.27184,2.76836,99
FES,gene-FES,8967542,8979475,chr29,8976323,8977042,NC_023670.1,2803_006_autosomes_peak_93229,52,.,5.64888,8.14205,5.28039,267
FES,gene-FES,8967542,8979475,chr29,8977647,8977962,NC_023670.1,2803_006_autosomes_peak_93230,52,.,5.64888,8.14205,5.28039,201
FES,gene-FES,8967542,8979475,chr29,8978404,8978844,NC_023670.1,2803_006_autosomes_peak_93231,39,.,4.8419,6.67379,3.97677,239
FES,gene-FES,8967542,8979475,chr29,8979066,8979207,NC_023670.1,2803_006_autosomes_peak_93232,27,.,4.03491,5.27184,2.76836,69
FES,gene-FES,8967542,8979475,chr29,8979388,8979533,NC_023670.1,2803_006_autosomes_peak_93233,16,.,3.22793,3.94805,1.68706,49
FURIN,gene-FURIN,8980367,8992257,chr29,8980615,8980930,NC_023670.1,2803_006_autosomes_peak_93235,27,.,4.03491,5.27184,2.76836,140
FURIN,gene-FURIN,8980367,8992257,chr29,8981199,8981917,NC_023670.1,2803_006_autosomes_peak_93236,52,.,5.64888,8.14205,5.28039,268
FURIN,gene-FURIN,8980367,8992257,chr29,8982277,8982488,NC_023670.1,2803_006_autosomes_peak_93237,16,.,3.22793,3.94805,1.68706,21
FURIN,gene-FURIN,8980367,8992257,chr29,8983527,8983772,NC_023670.1,2803_006_autosomes_peak_93238,39,.,4.8419,6.67379,3.97677,205
FURIN,gene-FURIN,8980367,8992257,chr29,8985832,8986050,NC_023670.1,2803_006_autosomes_peak_93239,16,.,3.22793,3.94805,1.68706,49
FURIN,gene-FURIN,8980367,8992257,chr29,8990486,8991006,NC_023670.1,2803_006_autosomes_peak_93240,66,.,6.45586,9.66788,6.66308,397
FURIN,gene-FURIN,8980367,8992257,chr29,8991198,8991518,NC_023670.1,2803_006_autosomes_peak_93241,66,.,6.45586,9.66788,6.66308,76
LOC103231503,gene-LOC103231503,8988107,8995592,chr29,8990486,8991006,NC_023670.1,2803_006_autosomes_peak_93240,66,.,6.45586,9.66788,6.66308,397
LOC103231503,gene-LOC103231503,8988107,8995592,chr29,8991198,8991518,NC_023670.1,2803_006_autosomes_peak_93241,66,.,6.45586,9.66788,6.66308,76
LOC103231184,gene-LOC103231184,8999374,9002687,chr29,8999538,9000425,NC_023670.1,2803_006_autosomes_peak_93242,81,.,7.26285,11.2446,8.10932,268
LOC103231184,gene-LOC103231184,8999374,9002687,chr29,9000932,9001151,NC_023670.1,2803_006_autosomes_peak_93243,143,.,10.4908,17.9672,14.3973,84
BLM,gene-BLM,9046485,9152320,chr29,9151341,9151601,NC_023670.1,2803_006_autosomes_peak_93252,16,.,3.22793,3.94805,1.68706,23
BLM,gene-BLM,9046485,9152320,chr29,9151841,9152989,NC_023670.1,2803_006_autosomes_peak_93253,286,.,16.9466,32.8541,28.6269,356
CRTC3,gene-CRTC3,9223410,9341576,chr29,9226203,9226338,NC_023670.1,2803_006_autosomes_peak_93259,16,.,3.22793,3.94805,1.68706,41
CRTC3,gene-CRTC3,9223410,9341576,chr29,9243879,9244224,NC_023670.1,2803_006_autosomes_peak_93260,27,.,4.03491,5.27184,2.76836,58
CRTC3,gene-CRTC3,9223410,9341576,chr29,9261313,9261499,NC_023670.1,2803_006_autosomes_peak_93261,27,.,4.03491,5.27184,2.76836,140
CRTC3,gene-CRTC3,9223410,9341576,chr29,9276651,9276780,NC_023670.1,2803_006_autosomes_peak_93262,16,.,3.22793,3.94805,1.68706,49
CRTC3,gene-CRTC3,9223410,9341576,chr29,9298194,9298392,NC_023670.1,2803_006_autosomes_peak_93263,27,.,4.03491,5.27184,2.76836,107
CRTC3,gene-CRTC3,9223410,9341576,chr29,9317496,9317971,NC_023670.1,2803_006_autosomes_peak_93264,66,.,6.45586,9.66788,6.66308,272
LOC103231194,gene-LOC103231194,9363273,9485644,chr29,9380026,9380127,NC_023670.1,2803_006_autosomes_peak_93265,16,.,3.22793,3.94805,1.68706,49
LOC103231194,gene-LOC103231194,9363273,9485644,chr29,9469124,9469334,NC_023670.1,2803_006_autosomes_peak_93266,16,.,3.22793,3.94805,1.68706,63
LOC103231194,gene-LOC103231194,9363273,9485644,chr29,9470812,9471167,NC_023670.1,2803_006_autosomes_peak_93267,27,.,4.03491,5.27184,2.76836,165
LOC103231194,gene-LOC103231194,9363273,9485644,chr29,9485012,9485995,NC_023670.1,2803_006_autosomes_peak_93268,96,.,8.06983,12.8668,9.61173,646
ZNF774,gene-ZNF774,9512568,9578702,chr29,9515234,9515596,NC_023670.1,2803_006_autosomes_peak_93270,66,.,6.45586,9.66788,6.66308,221
ZNF774,gene-ZNF774,9512568,9578702,chr29,9520980,9521624,NC_023670.1,2803_006_autosomes_peak_93271,81,.,7.26285,11.2446,8.10932,349
LOC103231197,gene-LOC103231197,9578742,9607417,chr29,9607046,9607723,NC_023670.1,2803_006_autosomes_peak_93272,111,.,8.87681,14.5303,11.1642,514
LOC103231196,gene-LOC103231196,9607662,9618535,chr29,9607046,9607723,NC_023670.1,2803_006_autosomes_peak_93272,111,.,8.87681,14.5303,11.1642,514
LOC103231196,gene-LOC103231196,9607662,9618535,chr29,9607905,9608101,NC_023670.1,2803_006_autosomes_peak_93273,39,.,4.8419,6.67379,3.97677,142
LOC103231196,gene-LOC103231196,9607662,9618535,chr29,9609708,9609809,NC_023670.1,2803_006_autosomes_peak_93274,27,.,4.03491,5.27184,2.76836,46
LOC103231196,gene-LOC103231196,9607662,9618535,chr29,9610299,9611555,NC_023670.1,2803_006_autosomes_peak_93275,52,.,5.64888,8.14205,5.28039,76
LOC103231196,gene-LOC103231196,9607662,9618535,chr29,9612169,9612297,NC_023670.1,2803_006_autosomes_peak_93276,27,.,4.03491,5.27184,2.76836,72
LOC103231196,gene-LOC103231196,9607662,9618535,chr29,9612650,9612847,NC_023670.1,2803_006_autosomes_peak_93277,16,.,3.22793,3.94805,1.68706,110
LOC103231196,gene-LOC103231196,9607662,9618535,chr29,9616384,9616633,NC_023670.1,2803_006_autosomes_peak_93278,16,.,3.22793,3.94805,1.68706,49
SV2B,gene-SV2B,9691421,9875657,chr29,9842322,9842560,NC_023670.1,2803_006_autosomes_peak_93280,39,.,4.8419,6.67379,3.97677,180
LOC103231202,gene-LOC103231202,9956148,10115062,chr29,10012795,10013165,NC_023670.1,2803_006_autosomes_peak_93282,81,.,7.26285,11.2446,8.10932,306
SLCO3A1,gene-SLCO3A1,10418938,10735503,chr29,10418879,10419495,NC_023670.1,2803_006_autosomes_peak_93286,52,.,5.64888,8.14205,5.28039,538
SLCO3A1,gene-SLCO3A1,10418938,10735503,chr29,10440451,10440971,NC_023670.1,2803_006_autosomes_peak_93287,52,.,5.64888,8.14205,5.28039,73
SLCO3A1,gene-SLCO3A1,10418938,10735503,chr29,10450432,10450553,NC_023670.1,2803_006_autosomes_peak_93288,16,.,3.22793,3.94805,1.68706,49
SLCO3A1,gene-SLCO3A1,10418938,10735503,chr29,10457450,10457639,NC_023670.1,2803_006_autosomes_peak_93289,16,.,3.22793,3.94805,1.68706,89
SLCO3A1,gene-SLCO3A1,10418938,10735503,chr29,10531256,10531799,NC_023670.1,2803_006_autosomes_peak_93290,52,.,5.64888,8.14205,5.28039,274
SLCO3A1,gene-SLCO3A1,10418938,10735503,chr29,10533763,10534072,NC_023670.1,2803_006_autosomes_peak_93291,27,.,4.03491,5.27184,2.76836,94
SLCO3A1,gene-SLCO3A1,10418938,10735503,chr29,10552714,10552931,NC_023670.1,2803_006_autosomes_peak_93292,16,.,3.22793,3.94805,1.68706,67
SLCO3A1,gene-SLCO3A1,10418938,10735503,chr29,10579715,10579820,NC_023670.1,2803_006_autosomes_peak_93293,16,.,3.22793,3.94805,1.68706,18
SLCO3A1,gene-SLCO3A1,10418938,10735503,chr29,10637970,10638149,NC_023670.1,2803_006_autosomes_peak_93294,39,.,4.8419,6.67379,3.97677,86
SLCO3A1,gene-SLCO3A1,10418938,10735503,chr29,10664634,10665463,NC_023670.1,2803_006_autosomes_peak_93295,81,.,7.26285,11.2446,8.10932,384
SLCO3A1,gene-SLCO3A1,10418938,10735503,chr29,10682005,10682272,NC_023670.1,2803_006_autosomes_peak_93296,27,.,4.03491,5.27184,2.76836,97
FAM174B,gene-FAM174B,11173622,11227910,chr29,11208444,11208716,NC_023670.1,2803_006_autosomes_peak_93298,16,.,3.22793,3.94805,1.68706,180
FAM174B,gene-FAM174B,11173622,11227910,chr29,11215312,11215456,NC_023670.1,2803_006_autosomes_peak_93299,27,.,4.03491,5.27184,2.76836,83
CHD2,gene-CHD2,11436170,11579468,chr29,11453852,11454400,NC_023670.1,2803_006_autosomes_peak_93308,212,.,13.7187,25.2107,21.2771,171
CHD2,gene-CHD2,11436170,11579468,chr29,11467137,11467243,NC_023670.1,2803_006_autosomes_peak_93309,16,.,3.22793,3.94805,1.68706,16
RGMA,gene-RGMA,11592929,11638955,chr29,11593845,11594071,NC_023670.1,2803_006_autosomes_peak_93315,27,.,4.03491,5.27184,2.76836,178
RGMA,gene-RGMA,11592929,11638955,chr29,11597204,11597370,NC_023670.1,2803_006_autosomes_peak_93316,27,.,4.03491,5.27184,2.76836,89
RGMA,gene-RGMA,11592929,11638955,chr29,11622116,11622743,NC_023670.1,2803_006_autosomes_peak_93317,39,.,4.8419,6.67379,3.97677,448
MCTP2,gene-MCTP2,12774874,13034949,chr29,12775265,12775365,NC_023670.1,2803_006_autosomes_peak_93321,16,.,3.22793,3.94805,1.68706,49
MCTP2,gene-MCTP2,12774874,13034949,chr29,12869744,12869909,NC_023670.1,2803_006_autosomes_peak_93322,27,.,4.03491,5.27184,2.76836,92
NR2F2,gene-NR2F2,14889526,14901848,chr29,14891915,14892083,NC_023670.1,2803_006_autosomes_peak_93329,27,.,4.03491,5.27184,2.76836,80
NR2F2,gene-NR2F2,14889526,14901848,chr29,14892792,14892895,NC_023670.1,2803_006_autosomes_peak_93330,27,.,4.03491,5.27184,2.76836,84
NR2F2,gene-NR2F2,14889526,14901848,chr29,14895150,14895792,NC_023670.1,2803_006_autosomes_peak_93331,39,.,4.8419,6.67379,3.97677,129
NR2F2,gene-NR2F2,14889526,14901848,chr29,14896313,14896891,NC_023670.1,2803_006_autosomes_peak_93332,52,.,5.64888,8.14205,5.28039,332
NR2F2,gene-NR2F2,14889526,14901848,chr29,14897922,14898032,NC_023670.1,2803_006_autosomes_peak_93333,16,.,3.22793,3.94805,1.68706,49
LOC103231247,gene-LOC103231247,14904216,14943877,chr29,14904914,14905022,NC_023670.1,2803_006_autosomes_peak_93335,39,.,4.8419,6.67379,3.97677,61
LOC103231247,gene-LOC103231247,14904216,14943877,chr29,14907579,14907835,NC_023670.1,2803_006_autosomes_peak_93336,27,.,4.03491,5.27184,2.76836,105
LOC103231247,gene-LOC103231247,14904216,14943877,chr29,14908141,14908253,NC_023670.1,2803_006_autosomes_peak_93337,39,.,4.8419,6.67379,3.97677,43
LOC103231247,gene-LOC103231247,14904216,14943877,chr29,14915355,14915493,NC_023670.1,2803_006_autosomes_peak_93338,16,.,3.22793,3.94805,1.68706,49
LOC103231247,gene-LOC103231247,14904216,14943877,chr29,14916978,14917090,NC_023670.1,2803_006_autosomes_peak_93339,16,.,3.22793,3.94805,1.68706,26
LOC103231247,gene-LOC103231247,14904216,14943877,chr29,14920145,14920386,NC_023670.1,2803_006_autosomes_peak_93340,27,.,4.03491,5.27184,2.76836,66
LOC103231247,gene-LOC103231247,14904216,14943877,chr29,14925912,14926018,NC_023670.1,2803_006_autosomes_peak_93341,16,.,3.22793,3.94805,1.68706,20
LOC103231247,gene-LOC103231247,14904216,14943877,chr29,14929555,14929811,NC_023670.1,2803_006_autosomes_peak_93342,27,.,4.03491,5.27184,2.76836,46
ARRDC4,gene-ARRDC4,16536541,16551386,chr29,16537827,16538443,NC_023670.1,2803_006_autosomes_peak_93347,230,.,14.5257,27.0875,23.0731,217
IGF1R,gene-IGF1R,17212206,17534036,chr29,17212493,17212622,NC_023670.1,2803_006_autosomes_peak_93351,16,.,3.22793,3.94805,1.68706,49
IGF1R,gene-IGF1R,17212206,17534036,chr29,17212790,17213064,NC_023670.1,2803_006_autosomes_peak_93352,27,.,4.03491,5.27184,2.76836,145
IGF1R,gene-IGF1R,17212206,17534036,chr29,17213225,17213969,NC_023670.1,2803_006_autosomes_peak_93353,52,.,5.64888,8.14205,5.28039,615
IGF1R,gene-IGF1R,17212206,17534036,chr29,17224397,17225088,NC_023670.1,2803_006_autosomes_peak_93354,16,.,3.22793,3.94805,1.68706,356
IGF1R,gene-IGF1R,17212206,17534036,chr29,17231332,17231474,NC_023670.1,2803_006_autosomes_peak_93355,16,.,3.22793,3.94805,1.68706,49
IGF1R,gene-IGF1R,17212206,17534036,chr29,17237118,17237331,NC_023670.1,2803_006_autosomes_peak_93356,16,.,3.22793,3.94805,1.68706,26
IGF1R,gene-IGF1R,17212206,17534036,chr29,17280669,17280779,NC_023670.1,2803_006_autosomes_peak_93357,16,.,3.22793,3.94805,1.68706,49
IGF1R,gene-IGF1R,17212206,17534036,chr29,17294550,17294925,NC_023670.1,2803_006_autosomes_peak_93358,143,.,10.4908,17.9672,14.3973,253
IGF1R,gene-IGF1R,17212206,17534036,chr29,17298498,17298716,NC_023670.1,2803_006_autosomes_peak_93359,16,.,3.22793,3.94805,1.68706,21
IGF1R,gene-IGF1R,17212206,17534036,chr29,17417497,17417707,NC_023670.1,2803_006_autosomes_peak_93360,27,.,4.03491,5.27184,2.76836,96
IGF1R,gene-IGF1R,17212206,17534036,chr29,17418869,17419804,NC_023670.1,2803_006_autosomes_peak_93361,81,.,7.26285,11.2446,8.10932,85
IGF1R,gene-IGF1R,17212206,17534036,chr29,17466705,17466823,NC_023670.1,2803_006_autosomes_peak_93362,39,.,4.8419,6.67379,3.97677,77
PGPEP1L,gene-PGPEP1L,17537895,17587521,chr29,17542675,17542937,NC_023670.1,2803_006_autosomes_peak_93363,27,.,4.03491,5.27184,2.76836,214
LOC103231262,gene-LOC103231262,17606342,17615234,chr29,17608384,17608498,NC_023670.1,2803_006_autosomes_peak_93364,16,.,3.22793,3.94805,1.68706,49
SYNM,gene-SYNM,17693148,17723847,chr29,17693032,17693452,NC_023670.1,2803_006_autosomes_peak_93366,39,.,4.8419,6.67379,3.97677,160
SYNM,gene-SYNM,17693148,17723847,chr29,17693921,17694023,NC_023670.1,2803_006_autosomes_peak_93367,16,.,3.22793,3.94805,1.68706,49
SYNM,gene-SYNM,17693148,17723847,chr29,17704917,17705040,NC_023670.1,2803_006_autosomes_peak_93368,27,.,4.03491,5.27184,2.76836,49
SYNM,gene-SYNM,17693148,17723847,chr29,17711525,17712345,NC_023670.1,2803_006_autosomes_peak_93369,248,.,15.3327,28.9879,24.8983,604
SYNM,gene-SYNM,17693148,17723847,chr29,17712879,17713053,NC_023670.1,2803_006_autosomes_peak_93370,27,.,4.03491,5.27184,2.76836,54
SYNM,gene-SYNM,17693148,17723847,chr29,17713754,17713866,NC_023670.1,2803_006_autosomes_peak_93371,16,.,3.22793,3.94805,1.68706,49
SYNM,gene-SYNM,17693148,17723847,chr29,17720547,17720664,NC_023670.1,2803_006_autosomes_peak_93372,16,.,3.22793,3.94805,1.68706,10
TTC23,gene-TTC23,17724470,17841585,chr29,17725418,17725542,NC_023670.1,2803_006_autosomes_peak_93373,16,.,3.22793,3.94805,1.68706,49
TTC23,gene-TTC23,17724470,17841585,chr29,17841322,17841759,NC_023670.1,2803_006_autosomes_peak_93374,160,.,11.2978,19.7351,16.0682,361
LRRC28,gene-LRRC28,17841731,17971267,chr29,17841322,17841759,NC_023670.1,2803_006_autosomes_peak_93374,160,.,11.2978,19.7351,16.0682,361
LRRC28,gene-LRRC28,17841731,17971267,chr29,17842063,17842169,NC_023670.1,2803_006_autosomes_peak_93375,27,.,4.03491,5.27184,2.76836,44
LRRC28,gene-LRRC28,17841731,17971267,chr29,17910814,17911044,NC_023670.1,2803_006_autosomes_peak_93376,39,.,4.8419,6.67379,3.97677,162
MEF2A,gene-MEF2A,18150315,18312975,chr29,18150412,18150932,NC_023670.1,2803_006_autosomes_peak_93398,81,.,7.26285,11.2446,8.10932,42
MEF2A,gene-MEF2A,18150315,18312975,chr29,18240831,18241202,NC_023670.1,2803_006_autosomes_peak_93399,111,.,8.87681,14.5303,11.1642,247
LYSMD4,gene-LYSMD4,18325403,18329678,chr29,18329132,18330108,NC_023670.1,2803_006_autosomes_peak_93401,66,.,6.45586,9.66788,6.66308,819
LOC103231510,gene-LOC103231510,18375367,18382975,chr29,18375386,18375839,NC_023670.1,2803_006_autosomes_peak_93402,39,.,4.8419,6.67379,3.97677,325
LOC103231510,gene-LOC103231510,18375367,18382975,chr29,18376056,18376191,NC_023670.1,2803_006_autosomes_peak_93403,16,.,3.22793,3.94805,1.68706,43
LOC103231510,gene-LOC103231510,18375367,18382975,chr29,18377806,18377988,NC_023670.1,2803_006_autosomes_peak_93404,27,.,4.03491,5.27184,2.76836,122
LOC103231510,gene-LOC103231510,18375367,18382975,chr29,18378683,18378816,NC_023670.1,2803_006_autosomes_peak_93405,16,.,3.22793,3.94805,1.68706,64
LOC103231510,gene-LOC103231510,18375367,18382975,chr29,18381017,18381121,NC_023670.1,2803_006_autosomes_peak_93406,16,.,3.22793,3.94805,1.68706,20
ADAMTS17,gene-ADAMTS17,18484341,18842210,chr29,18569721,18570093,NC_023670.1,2803_006_autosomes_peak_93410,16,.,3.22793,3.94805,1.68706,154
ADAMTS17,gene-ADAMTS17,18484341,18842210,chr29,18608936,18609136,NC_023670.1,2803_006_autosomes_peak_93411,39,.,4.8419,6.67379,3.97677,59
ADAMTS17,gene-ADAMTS17,18484341,18842210,chr29,18626650,18626799,NC_023670.1,2803_006_autosomes_peak_93412,16,.,3.22793,3.94805,1.68706,49
ADAMTS17,gene-ADAMTS17,18484341,18842210,chr29,18652272,18652501,NC_023670.1,2803_006_autosomes_peak_93413,27,.,4.03491,5.27184,2.76836,10
ADAMTS17,gene-ADAMTS17,18484341,18842210,chr29,18666013,18666192,NC_023670.1,2803_006_autosomes_peak_93414,16,.,3.22793,3.94805,1.68706,49
ADAMTS17,gene-ADAMTS17,18484341,18842210,chr29,18738484,18738670,NC_023670.1,2803_006_autosomes_peak_93415,16,.,3.22793,3.94805,1.68706,48
ADAMTS17,gene-ADAMTS17,18484341,18842210,chr29,18815044,18815159,NC_023670.1,2803_006_autosomes_peak_93416,27,.,4.03491,5.27184,2.76836,79
CERS3,gene-CERS3,18883532,19016790,chr29,19016488,19016635,NC_023670.1,2803_006_autosomes_peak_93418,27,.,4.03491,5.27184,2.76836,62
LINS,gene-LINS,19036427,19065361,chr29,19064998,19065458,NC_023670.1,2803_006_autosomes_peak_93419,96,.,8.06983,12.8668,9.61173,391
ASB7,gene-ASB7,19065756,19115156,chr29,19065665,19066373,NC_023670.1,2803_006_autosomes_peak_93420,52,.,5.64888,8.14205,5.28039,354
ASB7,gene-ASB7,19065756,19115156,chr29,19088537,19088728,NC_023670.1,2803_006_autosomes_peak_93421,39,.,4.8419,6.67379,3.97677,83
LOC103231282,gene-LOC103231282,19221507,19222831,chr29,19222211,19222335,NC_023670.1,2803_006_autosomes_peak_93424,27,.,4.03491,5.27184,2.76836,98
LOC103231286,gene-LOC103231286,19329178,19347123,chr29,19346512,19347114,NC_023670.1,2803_006_autosomes_peak_93427,81,.,7.26285,11.2446,8.10932,396
ALDH1A3,gene-ALDH1A3,19347101,19383600,chr29,19346512,19347114,NC_023670.1,2803_006_autosomes_peak_93427,81,.,7.26285,11.2446,8.10932,396
ALDH1A3,gene-ALDH1A3,19347101,19383600,chr29,19347403,19347636,NC_023670.1,2803_006_autosomes_peak_93428,39,.,4.8419,6.67379,3.97677,168
ALDH1A3,gene-ALDH1A3,19347101,19383600,chr29,19354695,19354916,NC_023670.1,2803_006_autosomes_peak_93429,16,.,3.22793,3.94805,1.68706,67
ALDH1A3,gene-ALDH1A3,19347101,19383600,chr29,19358667,19358817,NC_023670.1,2803_006_autosomes_peak_93430,16,.,3.22793,3.94805,1.68706,98
LRRK1,gene-LRRK1,19385149,19532440,chr29,19384906,19385398,NC_023670.1,2803_006_autosomes_peak_93431,39,.,4.8419,6.67379,3.97677,143
LRRK1,gene-LRRK1,19385149,19532440,chr29,19440498,19440611,NC_023670.1,2803_006_autosomes_peak_93432,16,.,3.22793,3.94805,1.68706,49
LRRK1,gene-LRRK1,19385149,19532440,chr29,19448036,19448186,NC_023670.1,2803_006_autosomes_peak_93433,16,.,3.22793,3.94805,1.68706,10
LRRK1,gene-LRRK1,19385149,19532440,chr29,19480074,19480290,NC_023670.1,2803_006_autosomes_peak_93434,27,.,4.03491,5.27184,2.76836,72
LRRK1,gene-LRRK1,19385149,19532440,chr29,19514609,19514800,NC_023670.1,2803_006_autosomes_peak_93435,27,.,4.03491,5.27184,2.76836,129
LRRK1,gene-LRRK1,19385149,19532440,chr29,19526836,19527000,NC_023670.1,2803_006_autosomes_peak_93436,16,.,3.22793,3.94805,1.68706,31
LRRK1,gene-LRRK1,19385149,19532440,chr29,19531413,19531572,NC_023670.1,2803_006_autosomes_peak_93437,27,.,4.03491,5.27184,2.76836,59
CHSY1,gene-CHSY1,19633335,19707547,chr29,19657044,19657181,NC_023670.1,2803_006_autosomes_peak_93443,27,.,4.03491,5.27184,2.76836,59
CHSY1,gene-CHSY1,19633335,19707547,chr29,19677587,19677698,NC_023670.1,2803_006_autosomes_peak_93444,16,.,3.22793,3.94805,1.68706,49
VIMP,gene-VIMP,19727073,19732384,chr29,19731955,19732340,NC_023670.1,2803_006_autosomes_peak_93446,52,.,5.64888,8.14205,5.28039,220
SNRPA1,gene-SNRPA1,19736050,19750104,chr29,19749243,19749905,NC_023670.1,2803_006_autosomes_peak_93447,96,.,8.06983,12.8668,9.61173,305
PCSK6,gene-PCSK6,19758198,19949875,chr29,19789744,19790019,NC_023670.1,2803_006_autosomes_peak_93448,27,.,4.03491,5.27184,2.76836,189
PCSK6,gene-PCSK6,19758198,19949875,chr29,19799488,19799629,NC_023670.1,2803_006_autosomes_peak_93449,6306,.,198.518,635.864,630.635,75
PCSK6,gene-PCSK6,19758198,19949875,chr29,19822071,19822362,NC_023670.1,2803_006_autosomes_peak_93450,81,.,7.26285,11.2446,8.10932,57
PCSK6,gene-PCSK6,19758198,19949875,chr29,19832485,19832594,NC_023670.1,2803_006_autosomes_peak_93451,16,.,3.22793,3.94805,1.68706,43
PCSK6,gene-PCSK6,19758198,19949875,chr29,19836985,19837086,NC_023670.1,2803_006_autosomes_peak_93452,27,.,4.03491,5.27184,2.76836,99
TM2D3,gene-TM2D3,20094911,20104639,chr29,20104018,20104565,NC_023670.1,2803_006_autosomes_peak_93455,27,.,4.03491,5.27184,2.76836,346
TARSL2,gene-TARSL2,20106215,20198227,chr29,20149870,20150038,NC_023670.1,2803_006_autosomes_peak_93456,127,.,9.68379,16.2314,12.7604,53
TARSL2,gene-TARSL2,20106215,20198227,chr29,20184783,20185213,NC_023670.1,2803_006_autosomes_peak_93457,66,.,6.45586,9.66788,6.66308,310
LOC103231330,gene-LOC103231330,20621792,20743721,chr29,20707684,20707888,NC_023670.1,2803_006_autosomes_peak_93459,39,.,4.8419,6.67379,3.97677,168
TTC5,gene-TTC5,20809004,20825918,chr29,20823341,20823457,NC_023670.1,2803_006_autosomes_peak_93460,27,.,4.03491,5.27184,2.76836,22
TTC5,gene-TTC5,20809004,20825918,chr29,20825168,20825809,NC_023670.1,2803_006_autosomes_peak_93461,81,.,7.26285,11.2446,8.10932,428
PARP2,gene-PARP2,20862787,20877752,chr29,20862511,20863495,NC_023670.1,2803_006_autosomes_peak_93462,424,.,22.5955,46.9799,42.4215,569
TEP1,gene-TEP1,20880255,20928874,chr29,20891452,20891617,NC_023670.1,2803_006_autosomes_peak_93463,16,.,3.22793,3.94805,1.68706,32
TEP1,gene-TEP1,20880255,20928874,chr29,20927918,20928494,NC_023670.1,2803_006_autosomes_peak_93464,248,.,15.3327,28.9879,24.8983,276
PNP,gene-PNP,20992892,21001400,chr29,20993114,20993917,NC_023670.1,2803_006_autosomes_peak_93465,66,.,6.45586,9.66788,6.66308,206
RNASE11,gene-RNASE11,21105509,21131991,chr29,21128563,21128786,NC_023670.1,2803_006_autosomes_peak_93468,16,.,3.22793,3.94805,1.68706,39
RNASE11,gene-RNASE11,21105509,21131991,chr29,21129501,21129609,NC_023670.1,2803_006_autosomes_peak_93469,16,.,3.22793,3.94805,1.68706,46
RNASE11,gene-RNASE11,21105509,21131991,chr29,21131814,21131928,NC_023670.1,2803_006_autosomes_peak_93470,16,.,3.22793,3.94805,1.68706,10
RNASE12,gene-RNASE12,21112741,21131991,chr29,21128563,21128786,NC_023670.1,2803_006_autosomes_peak_93468,16,.,3.22793,3.94805,1.68706,39
RNASE12,gene-RNASE12,21112741,21131991,chr29,21129501,21129609,NC_023670.1,2803_006_autosomes_peak_93469,16,.,3.22793,3.94805,1.68706,46
RNASE12,gene-RNASE12,21112741,21131991,chr29,21131814,21131928,NC_023670.1,2803_006_autosomes_peak_93470,16,.,3.22793,3.94805,1.68706,10
TRNAP-AGG,gene-TRNAP-AGG,21131779,21131850,chr29,21131814,21131928,NC_023670.1,2803_006_autosomes_peak_93470,16,.,3.22793,3.94805,1.68706,10
TRNAL-AAG,gene-TRNAL-AAG,21132546,21132627,chr29,21132421,21132571,NC_023670.1,2803_006_autosomes_peak_93471,16,.,3.22793,3.94805,1.68706,49
TRNAP-AGG-2,gene-TRNAP-AGG-2,21136113,21136184,chr29,21136009,21136760,NC_023670.1,2803_006_autosomes_peak_93473,66,.,6.45586,9.66788,6.66308,264
TRNAT-UGU,gene-TRNAT-UGU,21136507,21136579,chr29,21136009,21136760,NC_023670.1,2803_006_autosomes_peak_93473,66,.,6.45586,9.66788,6.66308,264
TRNAL-UAG,gene-TRNAL-UAG,21150694,21150775,chr29,21150470,21150955,NC_023670.1,2803_006_autosomes_peak_93475,81,.,7.26285,11.2446,8.10932,306
TRNAY-GUA-3,gene-TRNAY-GUA-3,21191756,21191849,chr29,21191581,21191795,NC_023670.1,2803_006_autosomes_peak_93479,16,.,3.22793,3.94805,1.68706,49
TRNAT-UGU-3,gene-TRNAT-UGU-3,21213511,21213583,chr29,21213438,21216485,NC_023670.1,2803_006_autosomes_peak_93482a,127,.,9.68379,16.2314,12.7604,1703
TRNAT-UGU-3,gene-TRNAT-UGU-3,21213511,21213583,chr29,21213438,21216485,NC_023670.1,2803_006_autosomes_peak_93482b,1943,.,74.2424,199.354,194.367,2662
TRNAY-GUA-5,gene-TRNAY-GUA-5,21215094,21215182,chr29,21213438,21216485,NC_023670.1,2803_006_autosomes_peak_93482a,127,.,9.68379,16.2314,12.7604,1703
TRNAY-GUA-5,gene-TRNAY-GUA-5,21215094,21215182,chr29,21213438,21216485,NC_023670.1,2803_006_autosomes_peak_93482b,1943,.,74.2424,199.354,194.367,2662
TRNAP-UGG-2,gene-TRNAP-UGG-2,21215819,21215890,chr29,21213438,21216485,NC_023670.1,2803_006_autosomes_peak_93482a,127,.,9.68379,16.2314,12.7604,1703
TRNAP-UGG-2,gene-TRNAP-UGG-2,21215819,21215890,chr29,21213438,21216485,NC_023670.1,2803_006_autosomes_peak_93482b,1943,.,74.2424,199.354,194.367,2662
ANG,gene-ANG,21215985,21226927,chr29,21213438,21216485,NC_023670.1,2803_006_autosomes_peak_93482a,127,.,9.68379,16.2314,12.7604,1703
ANG,gene-ANG,21215985,21226927,chr29,21213438,21216485,NC_023670.1,2803_006_autosomes_peak_93482b,1943,.,74.2424,199.354,194.367,2662
ANG,gene-ANG,21215985,21226927,chr29,21218467,21218649,NC_023670.1,2803_006_autosomes_peak_93483,16,.,3.22793,3.94805,1.68706,49
RNASE4,gene-RNASE4,21216021,21233306,chr29,21213438,21216485,NC_023670.1,2803_006_autosomes_peak_93482a,127,.,9.68379,16.2314,12.7604,1703
RNASE4,gene-RNASE4,21216021,21233306,chr29,21213438,21216485,NC_023670.1,2803_006_autosomes_peak_93482b,1943,.,74.2424,199.354,194.367,2662
RNASE4,gene-RNASE4,21216021,21233306,chr29,21218467,21218649,NC_023670.1,2803_006_autosomes_peak_93483,16,.,3.22793,3.94805,1.68706,49
METTL17,gene-METTL17,21463422,21470502,chr29,21463304,21463915,NC_023670.1,2803_006_autosomes_peak_93488,111,.,8.87681,14.5303,11.1642,217
NDRG2,gene-NDRG2,21490219,21499194,chr29,21491154,21491309,NC_023670.1,2803_006_autosomes_peak_93491,16,.,3.22793,3.94805,1.68706,48
NDRG2,gene-NDRG2,21490219,21499194,chr29,21496437,21496538,NC_023670.1,2803_006_autosomes_peak_93492,27,.,4.03491,5.27184,2.76836,48
NDRG2,gene-NDRG2,21490219,21499194,chr29,21497223,21497434,NC_023670.1,2803_006_autosomes_peak_93493,27,.,4.03491,5.27184,2.76836,120
ARHGEF40,gene-ARHGEF40,21543572,21563229,chr29,21544372,21545632,NC_023670.1,2803_006_autosomes_peak_93497,111,.,8.87681,14.5303,11.1642,225
ARHGEF40,gene-ARHGEF40,21543572,21563229,chr29,21546148,21546374,NC_023670.1,2803_006_autosomes_peak_93498,16,.,3.22793,3.94805,1.68706,101
ARHGEF40,gene-ARHGEF40,21543572,21563229,chr29,21547816,21547964,NC_023670.1,2803_006_autosomes_peak_93499,27,.,4.03491,5.27184,2.76836,43
ARHGEF40,gene-ARHGEF40,21543572,21563229,chr29,21551490,21551766,NC_023670.1,2803_006_autosomes_peak_93500,27,.,4.03491,5.27184,2.76836,198
ARHGEF40,gene-ARHGEF40,21543572,21563229,chr29,21555080,21555325,NC_023670.1,2803_006_autosomes_peak_93501,39,.,4.8419,6.67379,3.97677,79
ARHGEF40,gene-ARHGEF40,21543572,21563229,chr29,21557479,21557620,NC_023670.1,2803_006_autosomes_peak_93502,16,.,3.22793,3.94805,1.68706,28
ZNF219,gene-ZNF219,21563758,21578127,chr29,21564017,21564761,NC_023670.1,2803_006_autosomes_peak_93503,39,.,4.8419,6.67379,3.97677,350
ZNF219,gene-ZNF219,21563758,21578127,chr29,21566612,21566823,NC_023670.1,2803_006_autosomes_peak_93504,16,.,3.22793,3.94805,1.68706,157
ZNF219,gene-ZNF219,21563758,21578127,chr29,21570566,21570889,NC_023670.1,2803_006_autosomes_peak_93505,39,.,4.8419,6.67379,3.97677,198
ZNF219,gene-ZNF219,21563758,21578127,chr29,21572144,21572251,NC_023670.1,2803_006_autosomes_peak_93506,16,.,3.22793,3.94805,1.68706,35
ZNF219,gene-ZNF219,21563758,21578127,chr29,21575526,21576105,NC_023670.1,2803_006_autosomes_peak_93507,52,.,5.64888,8.14205,5.28039,426
ZNF219,gene-ZNF219,21563758,21578127,chr29,21576903,21578224,NC_023670.1,2803_006_autosomes_peak_93508,143,.,10.4908,17.9672,14.3973,705
TMEM253,gene-TMEM253,21573831,21577932,chr29,21575526,21576105,NC_023670.1,2803_006_autosomes_peak_93507,52,.,5.64888,8.14205,5.28039,426
TMEM253,gene-TMEM253,21573831,21577932,chr29,21576903,21578224,NC_023670.1,2803_006_autosomes_peak_93508,143,.,10.4908,17.9672,14.3973,705
HNRNPC,gene-HNRNPC,21677871,21737607,chr29,21723181,21723442,NC_023670.1,2803_006_autosomes_peak_93512,39,.,4.8419,6.67379,3.97677,211
HNRNPC,gene-HNRNPC,21677871,21737607,chr29,21737372,21738262,NC_023670.1,2803_006_autosomes_peak_93513a,52,.,5.64888,8.14205,5.28039,80
HNRNPC,gene-HNRNPC,21677871,21737607,chr29,21737372,21738262,NC_023670.1,2803_006_autosomes_peak_93513b,444,.,23.4025,49.0637,44.4723,411
SUPT16H,gene-SUPT16H,21822520,21855552,chr29,21835652,21835752,NC_023670.1,2803_006_autosomes_peak_93515,16,.,3.22793,3.94805,1.68706,49
SUPT16H,gene-SUPT16H,21822520,21855552,chr29,21854747,21854941,NC_023670.1,2803_006_autosomes_peak_93516,27,.,4.03491,5.27184,2.76836,127
SUPT16H,gene-SUPT16H,21822520,21855552,chr29,21855441,21855781,NC_023670.1,2803_006_autosomes_peak_93517,127,.,9.68379,16.2314,12.7604,180
CHD8,gene-CHD8,21856434,21924761,chr29,21905651,21905829,NC_023670.1,2803_006_autosomes_peak_93518,81,.,7.26285,11.2446,8.10932,81
CHD8,gene-CHD8,21856434,21924761,chr29,21909559,21909674,NC_023670.1,2803_006_autosomes_peak_93519,16,.,3.22793,3.94805,1.68706,49
CHD8,gene-CHD8,21856434,21924761,chr29,21924329,21925231,NC_023670.1,2803_006_autosomes_peak_93520,230,.,14.5257,27.0875,23.0731,396
RAB2B,gene-RAB2B,21927529,21946206,chr29,21931095,21931197,NC_023670.1,2803_006_autosomes_peak_93521,16,.,3.22793,3.94805,1.68706,87
RAB2B,gene-RAB2B,21927529,21946206,chr29,21945486,21946390,NC_023670.1,2803_006_autosomes_peak_93522,111,.,8.87681,14.5303,11.1642,732
TOX4,gene-TOX4,21946311,21966197,chr29,21945486,21946390,NC_023670.1,2803_006_autosomes_peak_93522,111,.,8.87681,14.5303,11.1642,732
METTL3,gene-METTL3,21967309,21981251,chr29,21980760,21981459,NC_023670.1,2803_006_autosomes_peak_93523a,195,.,12.9117,23.3586,19.5098,419
METTL3,gene-METTL3,21967309,21981251,chr29,21980760,21981459,NC_023670.1,2803_006_autosomes_peak_93523b,143,.,10.4908,17.9672,14.3973,500
SALL2,gene-SALL2,21992227,22008651,chr29,21996516,21996709,NC_023670.1,2803_006_autosomes_peak_93524,16,.,3.22793,3.94805,1.68706,39
SALL2,gene-SALL2,21992227,22008651,chr29,21996868,21997120,NC_023670.1,2803_006_autosomes_peak_93525,27,.,4.03491,5.27184,2.76836,75
SALL2,gene-SALL2,21992227,22008651,chr29,21997473,21997594,NC_023670.1,2803_006_autosomes_peak_93526,27,.,4.03491,5.27184,2.76836,30
SALL2,gene-SALL2,21992227,22008651,chr29,22006235,22006375,NC_023670.1,2803_006_autosomes_peak_93527,16,.,3.22793,3.94805,1.68706,49
SALL2,gene-SALL2,21992227,22008651,chr29,22008180,22008300,NC_023670.1,2803_006_autosomes_peak_93528,27,.,4.03491,5.27184,2.76836,88
LOC103231437,gene-LOC103231437,22065283,22091605,chr29,22088134,22088321,NC_023670.1,2803_006_autosomes_peak_93529,16,.,3.22793,3.94805,1.68706,10
LOC103231435,gene-LOC103231435,22087016,22089274,chr29,22088134,22088321,NC_023670.1,2803_006_autosomes_peak_93529,16,.,3.22793,3.94805,1.68706,10
LOC103231420,gene-LOC103231420,22374298,22881037,chr29,22541693,22541809,NC_023670.1,2803_006_autosomes_peak_93530,16,.,3.22793,3.94805,1.68706,49
LOC103231420,gene-LOC103231420,22374298,22881037,chr29,22760012,22760120,NC_023670.1,2803_006_autosomes_peak_93531,16,.,3.22793,3.94805,1.68706,49
LOC103231420,gene-LOC103231420,22374298,22881037,chr29,22773141,22773407,NC_023670.1,2803_006_autosomes_peak_93532a,680,.,32.2793,72.8637,68.0855,43
LOC103231420,gene-LOC103231420,22374298,22881037,chr29,22773141,22773407,NC_023670.1,2803_006_autosomes_peak_93532b,212,.,13.7187,25.2107,21.2771,214
LOC103231420,gene-LOC103231420,22374298,22881037,chr29,22794688,22794839,NC_023670.1,2803_006_autosomes_peak_93533,27,.,4.03491,5.27184,2.76836,46
LOC103231419,gene-LOC103231419,22386823,22876431,chr29,22541693,22541809,NC_023670.1,2803_006_autosomes_peak_93530,16,.,3.22793,3.94805,1.68706,49
LOC103231419,gene-LOC103231419,22386823,22876431,chr29,22760012,22760120,NC_023670.1,2803_006_autosomes_peak_93531,16,.,3.22793,3.94805,1.68706,49
LOC103231419,gene-LOC103231419,22386823,22876431,chr29,22773141,22773407,NC_023670.1,2803_006_autosomes_peak_93532a,680,.,32.2793,72.8637,68.0855,43
LOC103231419,gene-LOC103231419,22386823,22876431,chr29,22773141,22773407,NC_023670.1,2803_006_autosomes_peak_93532b,212,.,13.7187,25.2107,21.2771,214
LOC103231419,gene-LOC103231419,22386823,22876431,chr29,22794688,22794839,NC_023670.1,2803_006_autosomes_peak_93533,27,.,4.03491,5.27184,2.76836,46
LOC103231394,gene-LOC103231394,22389465,22922927,chr29,22541693,22541809,NC_023670.1,2803_006_autosomes_peak_93530,16,.,3.22793,3.94805,1.68706,49
LOC103231394,gene-LOC103231394,22389465,22922927,chr29,22760012,22760120,NC_023670.1,2803_006_autosomes_peak_93531,16,.,3.22793,3.94805,1.68706,49
LOC103231394,gene-LOC103231394,22389465,22922927,chr29,22773141,22773407,NC_023670.1,2803_006_autosomes_peak_93532a,680,.,32.2793,72.8637,68.0855,43
LOC103231394,gene-LOC103231394,22389465,22922927,chr29,22773141,22773407,NC_023670.1,2803_006_autosomes_peak_93532b,212,.,13.7187,25.2107,21.2771,214
LOC103231394,gene-LOC103231394,22389465,22922927,chr29,22794688,22794839,NC_023670.1,2803_006_autosomes_peak_93533,27,.,4.03491,5.27184,2.76836,46
LOC103231394,gene-LOC103231394,22389465,22922927,chr29,22892733,22892955,NC_023670.1,2803_006_autosomes_peak_93534,16,.,3.22793,3.94805,1.68706,46
LOC103231394,gene-LOC103231394,22389465,22922927,chr29,22908613,22908769,NC_023670.1,2803_006_autosomes_peak_93535,39,.,4.8419,6.67379,3.97677,90
LOC103231396,gene-LOC103231396,22794487,22839227,chr29,22794688,22794839,NC_023670.1,2803_006_autosomes_peak_93533,27,.,4.03491,5.27184,2.76836,46
LOC103231438,gene-LOC103231438,22926715,22928071,chr29,22927592,22927797,NC_023670.1,2803_006_autosomes_peak_93536,27,.,4.03491,5.27184,2.76836,62
DAD1,gene-DAD1,22935231,22958331,chr29,22957849,22958044,NC_023670.1,2803_006_autosomes_peak_93537,27,.,4.03491,5.27184,2.76836,50
DAD1,gene-DAD1,22935231,22958331,chr29,22958213,22959060,NC_023670.1,2803_006_autosomes_peak_93538,96,.,8.06983,12.8668,9.61173,508
ABHD4,gene-ABHD4,22967290,22981017,chr29,22967303,22967814,NC_023670.1,2803_006_autosomes_peak_93539,66,.,6.45586,9.66788,6.66308,85
LOC103231443,gene-LOC103231443,23131273,23137470,chr29,23131204,23131979,NC_023670.1,2803_006_autosomes_peak_93541,52,.,5.64888,8.14205,5.28039,56
MRPL52,gene-MRPL52,23194380,23198960,chr29,23194507,23194890,NC_023670.1,2803_006_autosomes_peak_93542,39,.,4.8419,6.67379,3.97677,298
MMP14,gene-MMP14,23201425,23212408,chr29,23201726,23202478,NC_023670.1,2803_006_autosomes_peak_93544,52,.,5.64888,8.14205,5.28039,445
MMP14,gene-MMP14,23201425,23212408,chr29,23202663,23202904,NC_023670.1,2803_006_autosomes_peak_93545,27,.,4.03491,5.27184,2.76836,15
MMP14,gene-MMP14,23201425,23212408,chr29,23203582,23204085,NC_023670.1,2803_006_autosomes_peak_93546,39,.,4.8419,6.67379,3.97677,239
MMP14,gene-MMP14,23201425,23212408,chr29,23205786,23205930,NC_023670.1,2803_006_autosomes_peak_93547,16,.,3.22793,3.94805,1.68706,31
LOC103231445,gene-LOC103231445,23212348,23236421,chr29,23213938,23214587,NC_023670.1,2803_006_autosomes_peak_93548,27,.,4.03491,5.27184,2.76836,17
LOC103231445,gene-LOC103231445,23212348,23236421,chr29,23217854,23218433,NC_023670.1,2803_006_autosomes_peak_93549,66,.,6.45586,9.66788,6.66308,84
LOC103231445,gene-LOC103231445,23212348,23236421,chr29,23234549,23234713,NC_023670.1,2803_006_autosomes_peak_93550,27,.,4.03491,5.27184,2.76836,123
LRP10,gene-LRP10,23236863,23243192,chr29,23236516,23237771,NC_023670.1,2803_006_autosomes_peak_93551,66,.,6.45586,9.66788,6.66308,89
REM2,gene-REM2,23249170,23254732,chr29,23249850,23250138,NC_023670.1,2803_006_autosomes_peak_93552,27,.,4.03491,5.27184,2.76836,227
REM2,gene-REM2,23249170,23254732,chr29,23250749,23250934,NC_023670.1,2803_006_autosomes_peak_93553,27,.,4.03491,5.27184,2.76836,49
REM2,gene-REM2,23249170,23254732,chr29,23253529,23253631,NC_023670.1,2803_006_autosomes_peak_93554,27,.,4.03491,5.27184,2.76836,80
REM2,gene-REM2,23249170,23254732,chr29,23253945,23254763,NC_023670.1,2803_006_autosomes_peak_93555,81,.,7.26285,11.2446,8.10932,177
RBM23,gene-RBM23,23267941,23287097,chr29,23268525,23268796,NC_023670.1,2803_006_autosomes_peak_93559,16,.,3.22793,3.94805,1.68706,4
RBM23,gene-RBM23,23267941,23287097,chr29,23273632,23273825,NC_023670.1,2803_006_autosomes_peak_93560,27,.,4.03491,5.27184,2.76836,152
RBM23,gene-RBM23,23267941,23287097,chr29,23286210,23286403,NC_023670.1,2803_006_autosomes_peak_93561,16,.,3.22793,3.94805,1.68706,15
RBM23,gene-RBM23,23267941,23287097,chr29,23286902,23287706,NC_023670.1,2803_006_autosomes_peak_93562,127,.,9.68379,16.2314,12.7604,306
PRMT5,gene-PRMT5,23288458,23297746,chr29,23290678,23290828,NC_023670.1,2803_006_autosomes_peak_93563,27,.,4.03491,5.27184,2.76836,61
PRMT5,gene-PRMT5,23288458,23297746,chr29,23294946,23295125,NC_023670.1,2803_006_autosomes_peak_93564,16,.,3.22793,3.94805,1.68706,103
PRMT5,gene-PRMT5,23288458,23297746,chr29,23297450,23297899,NC_023670.1,2803_006_autosomes_peak_93565,212,.,13.7187,25.2107,21.2771,211
TRNAR-ACG,gene-TRNAR-ACG,23297867,23297939,chr29,23297450,23297899,NC_023670.1,2803_006_autosomes_peak_93565,212,.,13.7187,25.2107,21.2771,211
HAUS4,gene-HAUS4,23308144,23322864,chr29,23322507,23322858,NC_023670.1,2803_006_autosomes_peak_93567,81,.,7.26285,11.2446,8.10932,207
AJUBA,gene-AJUBA,23341841,23352630,chr29,23347685,23348441,NC_023670.1,2803_006_autosomes_peak_93568,52,.,5.64888,8.14205,5.28039,692
AJUBA,gene-AJUBA,23341841,23352630,chr29,23349205,23349736,NC_023670.1,2803_006_autosomes_peak_93569,27,.,4.03491,5.27184,2.76836,189
AJUBA,gene-AJUBA,23341841,23352630,chr29,23350294,23350430,NC_023670.1,2803_006_autosomes_peak_93570,16,.,3.22793,3.94805,1.68706,25
AJUBA,gene-AJUBA,23341841,23352630,chr29,23350942,23352552,NC_023670.1,2803_006_autosomes_peak_93571,96,.,8.06983,12.8668,9.61173,132
LOC103231455,gene-LOC103231455,23346812,23364984,chr29,23347685,23348441,NC_023670.1,2803_006_autosomes_peak_93568,52,.,5.64888,8.14205,5.28039,692
LOC103231455,gene-LOC103231455,23346812,23364984,chr29,23349205,23349736,NC_023670.1,2803_006_autosomes_peak_93569,27,.,4.03491,5.27184,2.76836,189
LOC103231455,gene-LOC103231455,23346812,23364984,chr29,23350294,23350430,NC_023670.1,2803_006_autosomes_peak_93570,16,.,3.22793,3.94805,1.68706,25
LOC103231455,gene-LOC103231455,23346812,23364984,chr29,23350942,23352552,NC_023670.1,2803_006_autosomes_peak_93571,96,.,8.06983,12.8668,9.61173,132
LOC103231455,gene-LOC103231455,23346812,23364984,chr29,23353245,23353611,NC_023670.1,2803_006_autosomes_peak_93572,52,.,5.64888,8.14205,5.28039,277
LOC103231455,gene-LOC103231455,23346812,23364984,chr29,23359792,23359913,NC_023670.1,2803_006_autosomes_peak_93573,16,.,3.22793,3.94805,1.68706,49
C29H14orf93,gene-C29H14orf93,23356885,23381273,chr29,23359792,23359913,NC_023670.1,2803_006_autosomes_peak_93573,16,.,3.22793,3.94805,1.68706,49
C29H14orf93,gene-C29H14orf93,23356885,23381273,chr29,23377846,23378422,NC_023670.1,2803_006_autosomes_peak_93574a,230,.,14.5257,27.0875,23.0731,214
C29H14orf93,gene-C29H14orf93,23356885,23381273,chr29,23377846,23378422,NC_023670.1,2803_006_autosomes_peak_93574b,195,.,12.9117,23.3586,19.5098,452
LOC103231527,gene-LOC103231527,23376164,23382626,chr29,23377846,23378422,NC_023670.1,2803_006_autosomes_peak_93574a,230,.,14.5257,27.0875,23.0731,214
LOC103231527,gene-LOC103231527,23376164,23382626,chr29,23377846,23378422,NC_023670.1,2803_006_autosomes_peak_93574b,195,.,12.9117,23.3586,19.5098,452
LOC103231527,gene-LOC103231527,23376164,23382626,chr29,23381630,23381948,NC_023670.1,2803_006_autosomes_peak_93575,27,.,4.03491,5.27184,2.76836,225
PSMB5,gene-PSMB5,23394820,23403953,chr29,23403234,23403432,NC_023670.1,2803_006_autosomes_peak_93576,27,.,4.03491,5.27184,2.76836,29
PSMB5,gene-PSMB5,23394820,23403953,chr29,23403596,23404087,NC_023670.1,2803_006_autosomes_peak_93577,127,.,9.68379,16.2314,12.7604,320
PSMB11,gene-PSMB11,23410583,23413099,chr29,23411806,23412303,NC_023670.1,2803_006_autosomes_peak_93578,39,.,4.8419,6.67379,3.97677,198
CDH24,gene-CDH24,23416449,23427764,chr29,23416766,23416957,NC_023670.1,2803_006_autosomes_peak_93579,39,.,4.8419,6.67379,3.97677,55
CDH24,gene-CDH24,23416449,23427764,chr29,23417135,23417285,NC_023670.1,2803_006_autosomes_peak_93580,39,.,4.8419,6.67379,3.97677,91
CDH24,gene-CDH24,23416449,23427764,chr29,23420893,23421148,NC_023670.1,2803_006_autosomes_peak_93581,16,.,3.22793,3.94805,1.68706,47
CDH24,gene-CDH24,23416449,23427764,chr29,23421390,23421786,NC_023670.1,2803_006_autosomes_peak_93582,39,.,4.8419,6.67379,3.97677,214
CDH24,gene-CDH24,23416449,23427764,chr29,23422042,23422239,NC_023670.1,2803_006_autosomes_peak_93583,27,.,4.03491,5.27184,2.76836,149
CDH24,gene-CDH24,23416449,23427764,chr29,23423790,23424090,NC_023670.1,2803_006_autosomes_peak_93584,52,.,5.64888,8.14205,5.28039,184
CDH24,gene-CDH24,23416449,23427764,chr29,23425247,23425462,NC_023670.1,2803_006_autosomes_peak_93585,39,.,4.8419,6.67379,3.97677,81
CDH24,gene-CDH24,23416449,23427764,chr29,23426677,23426953,NC_023670.1,2803_006_autosomes_peak_93586,96,.,8.06983,12.8668,9.61173,175
CDH24,gene-CDH24,23416449,23427764,chr29,23427120,23428040,NC_023670.1,2803_006_autosomes_peak_93587,52,.,5.64888,8.14205,5.28039,285
ACIN1,gene-ACIN1,23427866,23464717,chr29,23427120,23428040,NC_023670.1,2803_006_autosomes_peak_93587,52,.,5.64888,8.14205,5.28039,285
ACIN1,gene-ACIN1,23427866,23464717,chr29,23431058,23431239,NC_023670.1,2803_006_autosomes_peak_93588,52,.,5.64888,8.14205,5.28039,118
ACIN1,gene-ACIN1,23427866,23464717,chr29,23440276,23440851,NC_023670.1,2803_006_autosomes_peak_93589,52,.,5.64888,8.14205,5.28039,334
ACIN1,gene-ACIN1,23427866,23464717,chr29,23463309,23464893,NC_023670.1,2803_006_autosomes_peak_93590a,81,.,7.26285,11.2446,8.10932,617
ACIN1,gene-ACIN1,23427866,23464717,chr29,23463309,23464893,NC_023670.1,2803_006_autosomes_peak_93590b,424,.,22.5955,46.9799,42.4215,1094
ACIN1,gene-ACIN1,23427866,23464717,chr29,23463309,23464893,NC_023670.1,2803_006_autosomes_peak_93590c,424,.,22.5955,46.9799,42.4215,1212
C29H14orf119,gene-C29H14orf119,23464618,23467719,chr29,23463309,23464893,NC_023670.1,2803_006_autosomes_peak_93590a,81,.,7.26285,11.2446,8.10932,617
C29H14orf119,gene-C29H14orf119,23464618,23467719,chr29,23463309,23464893,NC_023670.1,2803_006_autosomes_peak_93590b,424,.,22.5955,46.9799,42.4215,1094
C29H14orf119,gene-C29H14orf119,23464618,23467719,chr29,23463309,23464893,NC_023670.1,2803_006_autosomes_peak_93590c,424,.,22.5955,46.9799,42.4215,1212
C29H14orf119,gene-C29H14orf119,23464618,23467719,chr29,23466839,23467022,NC_023670.1,2803_006_autosomes_peak_93591,27,.,4.03491,5.27184,2.76836,127
CEBPE,gene-CEBPE,23485966,23488615,chr29,23486984,23487296,NC_023670.1,2803_006_autosomes_peak_93594,16,.,3.22793,3.94805,1.68706,168
SLC7A8,gene-SLC7A8,23493987,23556834,chr29,23532472,23532601,NC_023670.1,2803_006_autosomes_peak_93596,16,.,3.22793,3.94805,1.68706,46
SLC7A8,gene-SLC7A8,23493987,23556834,chr29,23534168,23534334,NC_023670.1,2803_006_autosomes_peak_93597,27,.,4.03491,5.27184,2.76836,95
SLC7A8,gene-SLC7A8,23493987,23556834,chr29,23555544,23555709,NC_023670.1,2803_006_autosomes_peak_93598,27,.,4.03491,5.27184,2.76836,70
HOMEZ,gene-HOMEZ,23647513,23666201,chr29,23658644,23659782,NC_023670.1,2803_006_autosomes_peak_93600,248,.,15.3327,28.9879,24.8983,614
HOMEZ,gene-HOMEZ,23647513,23666201,chr29,23662766,23662871,NC_023670.1,2803_006_autosomes_peak_93601,16,.,3.22793,3.94805,1.68706,49
PPP1R3E,gene-PPP1R3E,23671906,23675340,chr29,23673758,23675369,NC_023670.1,2803_006_autosomes_peak_93602a,143,.,10.4908,17.9672,14.3973,236
PPP1R3E,gene-PPP1R3E,23671906,23675340,chr29,23673758,23675369,NC_023670.1,2803_006_autosomes_peak_93602b,160,.,11.2978,19.7351,16.0682,752
LOC103231470,gene-LOC103231470,23679311,23691944,chr29,23678965,23680234,NC_023670.1,2803_006_autosomes_peak_93603,39,.,4.8419,6.67379,3.97677,986
LOC103231470,gene-LOC103231470,23679311,23691944,chr29,23680896,23681175,NC_023670.1,2803_006_autosomes_peak_93604,27,.,4.03491,5.27184,2.76836,54
PABPN1,gene-PABPN1,23692252,23697882,chr29,23693002,23693592,NC_023670.1,2803_006_autosomes_peak_93605a,324,.,18.5606,36.8012,32.4556,278
PABPN1,gene-PABPN1,23692252,23697882,chr29,23693002,23693592,NC_023670.1,2803_006_autosomes_peak_93605b,305,.,17.7536,34.818,30.5282,413
PABPN1,gene-PABPN1,23692252,23697882,chr29,23694053,23694153,NC_023670.1,2803_006_autosomes_peak_93606,27,.,4.03491,5.27184,2.76836,65
SLC22A17,gene-SLC22A17,23717829,23724439,chr29,23720010,23720245,NC_023670.1,2803_006_autosomes_peak_93608,16,.,3.22793,3.94805,1.68706,168
SLC22A17,gene-SLC22A17,23717829,23724439,chr29,23721122,23721338,NC_023670.1,2803_006_autosomes_peak_93609,39,.,4.8419,6.67379,3.97677,178
SLC22A17,gene-SLC22A17,23717829,23724439,chr29,23724280,23724412,NC_023670.1,2803_006_autosomes_peak_93610,16,.,3.22793,3.94805,1.68706,49
EFS,gene-EFS,23727820,23737585,chr29,23728578,23728840,NC_023670.1,2803_006_autosomes_peak_93611,16,.,3.22793,3.94805,1.68706,20
EFS,gene-EFS,23727820,23737585,chr29,23730422,23730684,NC_023670.1,2803_006_autosomes_peak_93612,16,.,3.22793,3.94805,1.68706,130
EFS,gene-EFS,23727820,23737585,chr29,23731074,23731425,NC_023670.1,2803_006_autosomes_peak_93613,27,.,4.03491,5.27184,2.76836,103
EFS,gene-EFS,23727820,23737585,chr29,23736707,23736807,NC_023670.1,2803_006_autosomes_peak_93614,27,.,4.03491,5.27184,2.76836,80
IL25,gene-IL25,23742377,23747902,chr29,23744525,23744727,NC_023670.1,2803_006_autosomes_peak_93616,27,.,4.03491,5.27184,2.76836,100
IL25,gene-IL25,23742377,23747902,chr29,23746865,23746984,NC_023670.1,2803_006_autosomes_peak_93617,16,.,3.22793,3.94805,1.68706,65
NGDN,gene-NGDN,23840583,23848726,chr29,23840251,23840688,NC_023670.1,2803_006_autosomes_peak_93619,111,.,8.87681,14.5303,11.1642,148
THTPA,gene-THTPA,23883363,23930710,chr29,23892659,23892841,NC_023670.1,2803_006_autosomes_peak_93623,27,.,4.03491,5.27184,2.76836,44
THTPA,gene-THTPA,23883363,23930710,chr29,23895539,23895769,NC_023670.1,2803_006_autosomes_peak_93624,27,.,4.03491,5.27184,2.76836,69
THTPA,gene-THTPA,23883363,23930710,chr29,23899557,23899675,NC_023670.1,2803_006_autosomes_peak_93625,16,.,3.22793,3.94805,1.68706,19
THTPA,gene-THTPA,23883363,23930710,chr29,23904213,23904463,NC_023670.1,2803_006_autosomes_peak_93626,27,.,4.03491,5.27184,2.76836,225
THTPA,gene-THTPA,23883363,23930710,chr29,23905422,23905601,NC_023670.1,2803_006_autosomes_peak_93627,27,.,4.03491,5.27184,2.76836,93
THTPA,gene-THTPA,23883363,23930710,chr29,23908339,23908593,NC_023670.1,2803_006_autosomes_peak_93628,27,.,4.03491,5.27184,2.76836,76
THTPA,gene-THTPA,23883363,23930710,chr29,23910259,23910524,NC_023670.1,2803_006_autosomes_peak_93629,16,.,3.22793,3.94805,1.68706,110
THTPA,gene-THTPA,23883363,23930710,chr29,23918932,23919167,NC_023670.1,2803_006_autosomes_peak_93630,16,.,3.22793,3.94805,1.68706,40
THTPA,gene-THTPA,23883363,23930710,chr29,23922862,23923168,NC_023670.1,2803_006_autosomes_peak_93631,52,.,5.64888,8.14205,5.28039,42
THTPA,gene-THTPA,23883363,23930710,chr29,23925171,23925278,NC_023670.1,2803_006_autosomes_peak_93632,16,.,3.22793,3.94805,1.68706,49
THTPA,gene-THTPA,23883363,23930710,chr29,23926729,23927441,NC_023670.1,2803_006_autosomes_peak_93633,177,.,12.1047,21.5329,17.7725,167
THTPA,gene-THTPA,23883363,23930710,chr29,23927701,23927856,NC_023670.1,2803_006_autosomes_peak_93634,27,.,4.03491,5.27184,2.76836,122
THTPA,gene-THTPA,23883363,23930710,chr29,23930261,23930552,NC_023670.1,2803_006_autosomes_peak_93635,16,.,3.22793,3.94805,1.68706,163
LOC103231486,gene-LOC103231486,23884913,23907363,chr29,23892659,23892841,NC_023670.1,2803_006_autosomes_peak_93623,27,.,4.03491,5.27184,2.76836,44
LOC103231486,gene-LOC103231486,23884913,23907363,chr29,23895539,23895769,NC_023670.1,2803_006_autosomes_peak_93624,27,.,4.03491,5.27184,2.76836,69
LOC103231486,gene-LOC103231486,23884913,23907363,chr29,23899557,23899675,NC_023670.1,2803_006_autosomes_peak_93625,16,.,3.22793,3.94805,1.68706,19
LOC103231486,gene-LOC103231486,23884913,23907363,chr29,23904213,23904463,NC_023670.1,2803_006_autosomes_peak_93626,27,.,4.03491,5.27184,2.76836,225
LOC103231486,gene-LOC103231486,23884913,23907363,chr29,23905422,23905601,NC_023670.1,2803_006_autosomes_peak_93627,27,.,4.03491,5.27184,2.76836,93
ZFHX2,gene-ZFHX2,23891343,23926507,chr29,23892659,23892841,NC_023670.1,2803_006_autosomes_peak_93623,27,.,4.03491,5.27184,2.76836,44
ZFHX2,gene-ZFHX2,23891343,23926507,chr29,23895539,23895769,NC_023670.1,2803_006_autosomes_peak_93624,27,.,4.03491,5.27184,2.76836,69
ZFHX2,gene-ZFHX2,23891343,23926507,chr29,23899557,23899675,NC_023670.1,2803_006_autosomes_peak_93625,16,.,3.22793,3.94805,1.68706,19
ZFHX2,gene-ZFHX2,23891343,23926507,chr29,23904213,23904463,NC_023670.1,2803_006_autosomes_peak_93626,27,.,4.03491,5.27184,2.76836,225
ZFHX2,gene-ZFHX2,23891343,23926507,chr29,23905422,23905601,NC_023670.1,2803_006_autosomes_peak_93627,27,.,4.03491,5.27184,2.76836,93
ZFHX2,gene-ZFHX2,23891343,23926507,chr29,23908339,23908593,NC_023670.1,2803_006_autosomes_peak_93628,27,.,4.03491,5.27184,2.76836,76
ZFHX2,gene-ZFHX2,23891343,23926507,chr29,23910259,23910524,NC_023670.1,2803_006_autosomes_peak_93629,16,.,3.22793,3.94805,1.68706,110
ZFHX2,gene-ZFHX2,23891343,23926507,chr29,23918932,23919167,NC_023670.1,2803_006_autosomes_peak_93630,16,.,3.22793,3.94805,1.68706,40
ZFHX2,gene-ZFHX2,23891343,23926507,chr29,23922862,23923168,NC_023670.1,2803_006_autosomes_peak_93631,52,.,5.64888,8.14205,5.28039,42
ZFHX2,gene-ZFHX2,23891343,23926507,chr29,23925171,23925278,NC_023670.1,2803_006_autosomes_peak_93632,16,.,3.22793,3.94805,1.68706,49
AP1G2,gene-AP1G2,23930703,23939239,chr29,23931971,23932243,NC_023670.1,2803_006_autosomes_peak_93636,27,.,4.03491,5.27184,2.76836,8
AP1G2,gene-AP1G2,23930703,23939239,chr29,23933791,23934180,NC_023670.1,2803_006_autosomes_peak_93637,39,.,4.8419,6.67379,3.97677,255
JPH4,gene-JPH4,23939262,23949646,chr29,23939577,23939855,NC_023670.1,2803_006_autosomes_peak_93638,27,.,4.03491,5.27184,2.76836,166
JPH4,gene-JPH4,23939262,23949646,chr29,23941244,23941347,NC_023670.1,2803_006_autosomes_peak_93639,27,.,4.03491,5.27184,2.76836,46
JPH4,gene-JPH4,23939262,23949646,chr29,23941570,23942501,NC_023670.1,2803_006_autosomes_peak_93640,27,.,4.03491,5.27184,2.76836,507
DHRS2,gene-DHRS2,24015535,24022897,chr29,24016252,24016541,NC_023670.1,2803_006_autosomes_peak_93643,27,.,4.03491,5.27184,2.76836,225
